{"nDays":56,"shifts":[{"id":"E","length":480,"forbiddenFollowingShifts":null},{"id":"D","length":480,"forbiddenFollowingShifts":["E"]},{"id":"L","length":480,"forbiddenFollowingShifts":["E","D"]},{"id":"N","length":480,"forbiddenFollowingShifts":["E","D","L"]}],"staffs":[{"id":"A","maxShifts":[56,56,56,10],"minTotalMinutes":16800,"maxTotalMinutes":17280,"minConsecutiveShifts":2,"maxConsecutiveShifts":5,"minConsecutiveDaysOff":2,"maxWeekends":4,"daysOff":[24,25,35,36,37],"onRequests":[{"day":41,"shift":"E","weight":3},{"day":49,"shift":"D","weight":2},{"day":50,"shift":"D","weight":2},{"day":51,"shift":"D","weight":2},{"day":52,"shift":"D","weight":2},{"day":53,"shift":"D","weight":2}],"offRequests":[{"day":5,"shift":"E","weight":3},{"day":6,"shift":"E","weight":3},{"day":7,"shift":"E","weight":3},{"day":8,"shift":"E","weight":3},{"day":14,"shift":"D","weight":2},{"day":15,"shift":"D","weight":2},{"day":16,"shift":"D","weight":2},{"day":17,"shift":"D","weight":2},{"day":18,"shift":"D","weight":2}]},{"id":"B","maxShifts":[56,0,56,0],"minTotalMinutes":16800,"maxTotalMinutes":17280,"minConsecutiveShifts":2,"maxConsecutiveShifts":5,"minConsecutiveDaysOff":2,"maxWeekends":4,"daysOff":[0,1,25,39,52],"onRequests":[{"day":15,"shift":"E","weight":3},{"day":16,"shift":"E","weight":3},{"day":41,"shift":"E","weight":2},{"day":42,"shift":"E","weight":2},{"day":43,"shift":"E","weight":2},{"day":44,"shift":"E","weight":2},{"day":45,"shift":"E","weight":2},{"day":53,"shift":"E","weight":2},{"day":54,"shift":"E","weight":2}],"offRequests":[{"day":7,"shift":"E","weight":3},{"day":8,"shift":"E","weight":3}]},{"id":"C","maxShifts":[56,56,0,10],"minTotalMinutes":16800,"maxTotalMinutes":17280,"minConsecutiveShifts":2,"maxConsecutiveShifts":5,"minConsecutiveDaysOff":2,"maxWeekends":4,"daysOff":[13,14,38,49,50],"onRequests":[{"day":22,"shift":"N","weight":2},{"day":23,"shift":"N","weight":2},{"day":24,"shift":"N","weight":2},{"day":25,"shift":"N","weight":2},{"day":39,"shift":"N","weight":3},{"day":40,"shift":"N","weight":3},{"day":41,"shift":"N","weight":3},{"day":42,"shift":"N","weight":3}],"offRequests":[{"day":3,"shift":"D","weight":3},{"day":4,"shift":"D","weight":3},{"day":5,"shift":"D","weight":3}]},{"id":"D","maxShifts":[56,56,56,0],"minTotalMinutes":16800,"maxTotalMinutes":17280,"minConsecutiveShifts":2,"maxConsecutiveShifts":5,"minConsecutiveDaysOff":2,"maxWeekends":4,"daysOff":[34,35,36,37,38],"onRequests":[{"day":7,"shift":"L","weight":3},{"day":8,"shift":"L","weight":3},{"day":24,"shift":"E","weight":2},{"day":51,"shift":"D","weight":1},{"day":52,"shift":"D","weight":1},{"day":53,"shift":"D","weight":1}],"offRequests":[{"day":2,"shift":"D","weight":2},{"day":3,"shift":"D","weight":2},{"day":14,"shift":"L","weight":2},{"day":15,"shift":"L","weight":2},{"day":16,"shift":"L","weight":2},{"day":17,"shift":"L","weight":2},{"day":18,"shift":"L","weight":2}]},{"id":"E","maxShifts":[56,56,0,10],"minTotalMinutes":16800,"maxTotalMinutes":17280,"minConsecutiveShifts":2,"maxConsecutiveShifts":5,"minConsecutiveDaysOff":2,"maxWeekends":4,"daysOff":[19,20,31,32,48],"onRequests":[{"day":11,"shift":"D","weight":1},{"day":12,"shift":"D","weight":1},{"day":13,"shift":"D","weight":1},{"day":14,"shift":"D","weight":1},{"day":15,"shift":"D","weight":1},{"day":22,"shift":"N","weight":1},{"day":34,"shift":"N","weight":1},{"day":35,"shift":"N","weight":1},{"day":36,"shift":"N","weight":1},{"day":53,"shift":"N","weight":2}],"offRequests":null},{"id":"F","maxShifts":[56,56,56,10],"minTotalMinutes":16800,"maxTotalMinutes":17280,"minConsecutiveShifts":2,"maxConsecutiveShifts":5,"minConsecutiveDaysOff":2,"maxWeekends":4,"daysOff":[6,7,8,33,53],"onRequests":[{"day":0,"shift":"L","weight":2},{"day":1,"shift":"L","weight":2},{"day":5,"shift":"D","weight":1},{"day":13,"shift":"E","weight":1},{"day":14,"shift":"E","weight":1},{"day":15,"shift":"E","weight":1}],"offRequests":[{"day":26,"shift":"N","weight":3},{"day":27,"shift":"N","weight":3},{"day":47,"shift":"E","weight":2},{"day":48,"shift":"E","weight":2},{"day":49,"shift":"E","weight":2},{"day":50,"shift":"E","weight":2},{"day":51,"shift":"E","weight":2}]},{"id":"G","maxShifts":[56,0,56,10],"minTotalMinutes":16800,"maxTotalMinutes":17280,"minConsecutiveShifts":2,"maxConsecutiveShifts":5,"minConsecutiveDaysOff":2,"maxWeekends":4,"daysOff":[14,15,16,43,44],"onRequests":[{"day":17,"shift":"L","weight":1},{"day":21,"shift":"L","weight":1},{"day":22,"shift":"L","weight":1},{"day":23,"shift":"L","weight":1},{"day":24,"shift":"L","weight":1},{"day":25,"shift":"L","weight":1},{"day":46,"shift":"E","weight":2},{"day":47,"shift":"E","weight":2},{"day":48,"shift":"E","weight":2},{"day":49,"shift":"E","weight":2},{"day":50,"shift":"E","weight":2}],"offRequests":[{"day":7,"shift":"L","weight":3},{"day":8,"shift":"L","weight":3},{"day":9,"shift":"L","weight":3},{"day":10,"shift":"L","weight":3}]},{"id":"H","maxShifts":[56,0,56,0],"minTotalMinutes":16800,"maxTotalMinutes":17280,"minConsecutiveShifts":2,"maxConsecutiveShifts":5,"minConsecutiveDaysOff":2,"maxWeekends":4,"daysOff":[5,6,7,15,34],"onRequests":[{"day":17,"shift":"L","weight":1},{"day":18,"shift":"L","weight":1},{"day":19,"shift":"L","weight":1},{"day":20,"shift":"L","weight":1},{"day":21,"shift":"L","weight":1},{"day":32,"shift":"L","weight":3},{"day":33,"shift":"L","weight":3},{"day":38,"shift":"L","weight":3},{"day":39,"shift":"L","weight":3},{"day":40,"shift":"L","weight":3},{"day":41,"shift":"L","weight":3},{"day":42,"shift":"L","weight":3}],"offRequests":[{"day":46,"shift":"E","weight":1},{"day":47,"shift":"E","weight":1},{"day":48,"shift":"E","weight":1}]},{"id":"I","maxShifts":[56,56,0,0],"minTotalMinutes":16800,"maxTotalMinutes":17280,"minConsecutiveShifts":2,"maxConsecutiveShifts":5,"minConsecutiveDaysOff":2,"maxWeekends":4,"daysOff":[19,20,21,48,49],"onRequests":[{"day":2,"shift":"E","weight":1},{"day":3,"shift":"E","weight":1},{"day":4,"shift":"E","weight":1},{"day":10,"shift":"D","weight":3},{"day":11,"shift":"D","weight":3},{"day":12,"shift":"D","weight":3},{"day":13,"shift":"D","weight":3},{"day":23,"shift":"E","weight":1},{"day":24,"shift":"E","weight":1},{"day":25,"shift":"E","weight":1},{"day":51,"shift":"E","weight":2},{"day":52,"shift":"E","weight":2},{"day":53,"shift":"E","weight":2},{"day":54,"shift":"E","weight":2},{"day":55,"shift":"E","weight":2}],"offRequests":[{"day":33,"shift":"D","weight":1},{"day":34,"shift":"D","weight":1},{"day":35,"shift":"D","weight":1}]},{"id":"J","maxShifts":[56,56,56,0],"minTotalMinutes":16800,"maxTotalMinutes":17280,"minConsecutiveShifts":2,"maxConsecutiveShifts":5,"minConsecutiveDaysOff":2,"maxWeekends":4,"daysOff":[18,19,20,21,24],"onRequests":[{"day":3,"shift":"L","weight":1},{"day":12,"shift":"E","weight":2},{"day":13,"shift":"E","weight":2},{"day":42,"shift":"E","weight":3},{"day":49,"shift":"D","weight":2},{"day":50,"shift":"D","weight":2}],"offRequests":[{"day":28,"shift":"D","weight":2},{"day":29,"shift":"D","weight":2},{"day":30,"shift":"D","weight":2},{"day":36,"shift":"D","weight":2},{"day":37,"shift":"D","weight":2},{"day":38,"shift":"D","weight":2}]},{"id":"K","maxShifts":[56,56,0,10],"minTotalMinutes":16800,"maxTotalMinutes":17280,"minConsecutiveShifts":2,"maxConsecutiveShifts":5,"minConsecutiveDaysOff":2,"maxWeekends":4,"daysOff":[3,4,15,41,42],"onRequests":[{"day":5,"shift":"D","weight":1},{"day":17,"shift":"N","weight":3},{"day":18,"shift":"N","weight":3},{"day":23,"shift":"D","weight":1},{"day":24,"shift":"D","weight":1},{"day":28,"shift":"E","weight":2},{"day":29,"shift":"E","weight":2},{"day":30,"shift":"E","weight":2},{"day":31,"shift":"E","weight":2},{"day":50,"shift":"N","weight":2},{"day":51,"shift":"N","weight":2},{"day":52,"shift":"N","weight":2},{"day":53,"shift":"N","weight":2},{"day":54,"shift":"N","weight":2}],"offRequests":[{"day":36,"shift":"D","weight":1},{"day":37,"shift":"D","weight":1}]},{"id":"L","maxShifts":[56,0,56,10],"minTotalMinutes":16800,"maxTotalMinutes":17280,"minConsecutiveShifts":2,"maxConsecutiveShifts":5,"minConsecutiveDaysOff":2,"maxWeekends":4,"daysOff":[27,28,29,30,40],"onRequests":[{"day":41,"shift":"N","weight":1},{"day":42,"shift":"N","weight":1},{"day":43,"shift":"N","weight":1},{"day":44,"shift":"N","weight":1},{"day":49,"shift":"L","weight":1},{"day":50,"shift":"L","weight":1},{"day":51,"shift":"L","weight":1}],"offRequests":[{"day":1,"shift":"N","weight":1},{"day":2,"shift":"N","weight":1}]},{"id":"M","maxShifts":[56,56,56,0],"minTotalMinutes":16800,"maxTotalMinutes":17280,"minConsecutiveShifts":2,"maxConsecutiveShifts":5,"minConsecutiveDaysOff":2,"maxWeekends":4,"daysOff":[20,21,52,53,54],"onRequests":[{"day":3,"shift":"E","weight":1},{"day":4,"shift":"E","weight":1},{"day":12,"shift":"L","weight":2},{"day":13,"shift":"L","weight":2},{"day":14,"shift":"L","weight":2},{"day":15,"shift":"L","weight":2},{"day":41,"shift":"D","weight":2},{"day":42,"shift":"D","weight":2},{"day":47,"shift":"L","weight":3},{"day":48,"shift":"L","weight":3},{"day":49,"shift":"L","weight":3}],"offRequests":[{"day":8,"shift":"E","weight":3},{"day":29,"shift":"L","weight":1},{"day":35,"shift":"E","weight":1},{"day":36,"shift":"E","weight":1},{"day":37,"shift":"E","weight":1}]},{"id":"N","maxShifts":[56,56,56,10],"minTotalMinutes":16800,"maxTotalMinutes":17280,"minConsecutiveShifts":2,"maxConsecutiveShifts":5,"minConsecutiveDaysOff":2,"maxWeekends":4,"daysOff":[4,5,6,7,12],"onRequests":[{"day":15,"shift":"D","weight":3},{"day":16,"shift":"D","weight":3},{"day":22,"shift":"L","weight":1},{"day":23,"shift":"L","weight":1},{"day":24,"shift":"L","weight":1},{"day":25,"shift":"L","weight":1},{"day":26,"shift":"L","weight":1},{"day":31,"shift":"L","weight":1},{"day":32,"shift":"L","weight":1},{"day":33,"shift":"L","weight":1},{"day":34,"shift":"L","weight":1},{"day":35,"shift":"L","weight":1}],"offRequests":[{"day":8,"shift":"N","weight":1},{"day":9,"shift":"N","weight":1},{"day":42,"shift":"E","weight":2},{"day":43,"shift":"E","weight":2},{"day":53,"shift":"L","weight":2},{"day":54,"shift":"L","weight":2},{"day":55,"shift":"L","weight":2}]},{"id":"O","maxShifts":[56,0,0,10],"minTotalMinutes":16800,"maxTotalMinutes":17280,"minConsecutiveShifts":2,"maxConsecutiveShifts":5,"minConsecutiveDaysOff":2,"maxWeekends":4,"daysOff":[2,3,4,5,6],"onRequests":[{"day":33,"shift":"E","weight":1},{"day":34,"shift":"E","weight":1},{"day":35,"shift":"E","weight":1},{"day":36,"shift":"E","weight":1},{"day":42,"shift":"N","weight":1},{"day":43,"shift":"N","weight":1},{"day":44,"shift":"N","weight":1},{"day":45,"shift":"N","weight":1},{"day":46,"shift":"N","weight":1},{"day":50,"shift":"E","weight":2},{"day":51,"shift":"E","weight":2}],"offRequests":[{"day":13,"shift":"E","weight":3},{"day":20,"shift":"E","weight":2},{"day":21,"shift":"E","weight":2},{"day":22,"shift":"E","weight":2},{"day":23,"shift":"E","weight":2}]},{"id":"P","maxShifts":[0,56,56,10],"minTotalMinutes":16800,"maxTotalMinutes":17280,"minConsecutiveShifts":2,"maxConsecutiveShifts":5,"minConsecutiveDaysOff":2,"maxWeekends":4,"daysOff":[31,44,45,46,47],"onRequests":[{"day":0,"shift":"D","weight":1},{"day":1,"shift":"D","weight":1},{"day":2,"shift":"D","weight":1},{"day":3,"shift":"D","weight":1},{"day":8,"shift":"D","weight":3},{"day":9,"shift":"D","weight":3},{"day":10,"shift":"D","weight":3},{"day":11,"shift":"D","weight":3},{"day":22,"shift":"L","weight":3},{"day":23,"shift":"L","weight":3},{"day":24,"shift":"L","weight":3},{"day":25,"shift":"L","weight":3}],"offRequests":[{"day":33,"shift":"N","weight":2},{"day":34,"shift":"N","weight":2},{"day":35,"shift":"N","weight":2},{"day":36,"shift":"N","weight":2},{"day":37,"shift":"N","weight":2}]},{"id":"Q","maxShifts":[56,0,56,10],"minTotalMinutes":16800,"maxTotalMinutes":17280,"minConsecutiveShifts":2,"maxConsecutiveShifts":5,"minConsecutiveDaysOff":2,"maxWeekends":4,"daysOff":[2,6,7,43,44],"onRequests":[{"day":19,"shift":"E","weight":2},{"day":20,"shift":"E","weight":2},{"day":27,"shift":"E","weight":2},{"day":28,"shift":"E","weight":2},{"day":29,"shift":"E","weight":2},{"day":30,"shift":"E","weight":2},{"day":45,"shift":"L","weight":3},{"day":46,"shift":"L","weight":3}],"offRequests":[{"day":11,"shift":"N","weight":1},{"day":51,"shift":"L","weight":1},{"day":52,"shift":"L","weight":1},{"day":53,"shift":"L","weight":1},{"day":54,"shift":"L","weight":1},{"day":55,"shift":"L","weight":1}]},{"id":"R","maxShifts":[56,56,0,10],"minTotalMinutes":16800,"maxTotalMinutes":17280,"minConsecutiveShifts":2,"maxConsecutiveShifts":5,"minConsecutiveDaysOff":2,"maxWeekends":4,"daysOff":[48,49,50,51,52],"onRequests":[{"day":0,"shift":"D","weight":3},{"day":1,"shift":"D","weight":3},{"day":2,"shift":"D","weight":3},{"day":7,"shift":"E","weight":3},{"day":15,"shift":"N","weight":2},{"day":16,"shift":"N","weight":2},{"day":17,"shift":"N","weight":2},{"day":25,"shift":"N","weight":1},{"day":26,"shift":"N","weight":1},{"day":27,"shift":"N","weight":1},{"day":31,"shift":"E","weight":1},{"day":32,"shift":"E","weight":1},{"day":33,"shift":"E","weight":1},{"day":34,"shift":"E","weight":1},{"day":35,"shift":"E","weight":1}],"offRequests":null},{"id":"S","maxShifts":[56,56,56,0],"minTotalMinutes":16800,"maxTotalMinutes":17280,"minConsecutiveShifts":2,"maxConsecutiveShifts":5,"minConsecutiveDaysOff":2,"maxWeekends":4,"daysOff":[21,22,23,37,38],"onRequests":[{"day":17,"shift":"E","weight":3},{"day":18,"shift":"E","weight":3},{"day":25,"shift":"L","weight":3},{"day":26,"shift":"L","weight":3},{"day":27,"shift":"L","weight":3}],"offRequests":[{"day":7,"shift":"D","weight":1},{"day":8,"shift":"D","weight":1},{"day":9,"shift":"D","weight":1},{"day":43,"shift":"D","weight":2},{"day":44,"shift":"D","weight":2},{"day":45,"shift":"D","weight":2},{"day":46,"shift":"D","weight":2},{"day":47,"shift":"D","weight":2}]},{"id":"T","maxShifts":[56,0,56,10],"minTotalMinutes":16800,"maxTotalMinutes":17280,"minConsecutiveShifts":2,"maxConsecutiveShifts":5,"minConsecutiveDaysOff":2,"maxWeekends":4,"daysOff":[8,9,10,11,20],"onRequests":[{"day":0,"shift":"E","weight":2},{"day":1,"shift":"E","weight":2},{"day":2,"shift":"E","weight":2},{"day":12,"shift":"N","weight":2},{"day":13,"shift":"N","weight":2},{"day":14,"shift":"N","weight":2},{"day":29,"shift":"N","weight":2},{"day":30,"shift":"N","weight":2}],"offRequests":[{"day":22,"shift":"E","weight":2},{"day":23,"shift":"E","weight":2},{"day":24,"shift":"E","weight":2},{"day":25,"shift":"E","weight":2},{"day":36,"shift":"N","weight":2},{"day":40,"shift":"L","weight":2},{"day":41,"shift":"L","weight":2},{"day":42,"shift":"L","weight":2},{"day":43,"shift":"L","weight":2},{"day":44,"shift":"L","weight":2}]},{"id":"U","maxShifts":[56,56,56,10],"minTotalMinutes":16800,"maxTotalMinutes":17280,"minConsecutiveShifts":2,"maxConsecutiveShifts":5,"minConsecutiveDaysOff":2,"maxWeekends":4,"daysOff":[5,6,7,41,42],"onRequests":[{"day":12,"shift":"L","weight":1},{"day":13,"shift":"L","weight":1},{"day":14,"shift":"L","weight":1},{"day":15,"shift":"L","weight":1},{"day":29,"shift":"E","weight":3},{"day":34,"shift":"L","weight":2},{"day":35,"shift":"L","weight":2},{"day":36,"shift":"L","weight":2},{"day":40,"shift":"N","weight":2},{"day":44,"shift":"E","weight":1},{"day":45,"shift":"E","weight":1},{"day":46,"shift":"E","weight":1},{"day":47,"shift":"E","weight":1},{"day":48,"shift":"E","weight":1}],"offRequests":null},{"id":"V","maxShifts":[56,56,56,10],"minTotalMinutes":16800,"maxTotalMinutes":17280,"minConsecutiveShifts":2,"maxConsecutiveShifts":5,"minConsecutiveDaysOff":2,"maxWeekends":4,"daysOff":[5,29,30,31,32],"onRequests":[{"day":11,"shift":"N","weight":1},{"day":12,"shift":"N","weight":1},{"day":16,"shift":"E","weight":1},{"day":17,"shift":"E","weight":1},{"day":18,"shift":"E","weight":1},{"day":19,"shift":"E","weight":1},{"day":20,"shift":"E","weight":1},{"day":34,"shift":"L","weight":1},{"day":35,"shift":"L","weight":1},{"day":36,"shift":"L","weight":1},{"day":37,"shift":"L","weight":1},{"day":38,"shift":"L","weight":1},{"day":50,"shift":"E","weight":1}],"offRequests":[{"day":1,"shift":"L","weight":2},{"day":2,"shift":"L","weight":2},{"day":3,"shift":"L","weight":2},{"day":4,"shift":"L","weight":2}]},{"id":"W","maxShifts":[56,56,56,10],"minTotalMinutes":16800,"maxTotalMinutes":17280,"minConsecutiveShifts":2,"maxConsecutiveShifts":5,"minConsecutiveDaysOff":2,"maxWeekends":4,"daysOff":[6,7,8,9,10],"onRequests":[{"day":14,"shift":"N","weight":2},{"day":15,"shift":"N","weight":2},{"day":16,"shift":"N","weight":2},{"day":17,"shift":"N","weight":2},{"day":18,"shift":"N","weight":2},{"day":30,"shift":"D","weight":3},{"day":31,"shift":"D","weight":3},{"day":32,"shift":"D","weight":3},{"day":33,"shift":"D","weight":3},{"day":37,"shift":"D","weight":3},{"day":38,"shift":"D","weight":3},{"day":39,"shift":"D","weight":3},{"day":43,"shift":"N","weight":1},{"day":53,"shift":"N","weight":1},{"day":54,"shift":"N","weight":1}],"offRequests":[{"day":24,"shift":"E","weight":3},{"day":25,"shift":"E","weight":3},{"day":26,"shift":"E","weight":3}]},{"id":"X","maxShifts":[56,56,56,0],"minTotalMinutes":16800,"maxTotalMinutes":17280,"minConsecutiveShifts":2,"maxConsecutiveShifts":5,"minConsecutiveDaysOff":2,"maxWeekends":4,"daysOff":[9,10,11,12,13],"onRequests":[{"day":0,"shift":"D","weight":1},{"day":1,"shift":"D","weight":1},{"day":2,"shift":"D","weight":1},{"day":3,"shift":"D","weight":1},{"day":14,"shift":"L","weight":2},{"day":15,"shift":"L","weight":2},{"day":16,"shift":"L","weight":2},{"day":17,"shift":"L","weight":2},{"day":25,"shift":"L","weight":2},{"day":26,"shift":"L","weight":2},{"day":41,"shift":"L","weight":1},{"day":42,"shift":"L","weight":1},{"day":43,"shift":"L","weight":1},{"day":44,"shift":"L","weight":1},{"day":48,"shift":"D","weight":3},{"day":49,"shift":"D","weight":3},{"day":50,"shift":"D","weight":3},{"day":51,"shift":"D","weight":3},{"day":52,"shift":"D","weight":3}],"offRequests":[{"day":30,"shift":"D","weight":2}]},{"id":"Y","maxShifts":[56,56,56,10],"minTotalMinutes":16800,"maxTotalMinutes":17280,"minConsecutiveShifts":2,"maxConsecutiveShifts":5,"minConsecutiveDaysOff":2,"maxWeekends":4,"daysOff":[24,25,26,27,28],"onRequests":[{"day":10,"shift":"D","weight":2},{"day":11,"shift":"D","weight":2},{"day":12,"shift":"D","weight":2},{"day":13,"shift":"D","weight":2},{"day":18,"shift":"N","weight":1},{"day":19,"shift":"N","weight":1},{"day":20,"shift":"N","weight":1},{"day":21,"shift":"N","weight":1},{"day":22,"shift":"N","weight":1},{"day":30,"shift":"E","weight":3},{"day":31,"shift":"E","weight":3},{"day":32,"shift":"E","weight":3},{"day":33,"shift":"E","weight":3},{"day":34,"shift":"E","weight":3}],"offRequests":null},{"id":"Z","maxShifts":[56,0,0,10],"minTotalMinutes":16800,"maxTotalMinutes":17280,"minConsecutiveShifts":2,"maxConsecutiveShifts":5,"minConsecutiveDaysOff":2,"maxWeekends":4,"daysOff":[4,22,41,42,43],"onRequests":[{"day":5,"shift":"N","weight":3},{"day":9,"shift":"E","weight":3},{"day":10,"shift":"E","weight":3},{"day":11,"shift":"E","weight":3},{"day":12,"shift":"E","weight":3},{"day":13,"shift":"E","weight":3},{"day":17,"shift":"N","weight":3},{"day":18,"shift":"N","weight":3},{"day":26,"shift":"E","weight":2},{"day":32,"shift":"E","weight":3},{"day":33,"shift":"E","weight":3},{"day":34,"shift":"E","weight":3}],"offRequests":[{"day":44,"shift":"N","weight":1}]},{"id":"AA","maxShifts":[56,56,56,10],"minTotalMinutes":16800,"maxTotalMinutes":17280,"minConsecutiveShifts":2,"maxConsecutiveShifts":5,"minConsecutiveDaysOff":2,"maxWeekends":4,"daysOff":[10,25,26,27,35],"onRequests":[{"day":18,"shift":"D","weight":1},{"day":31,"shift":"E","weight":1},{"day":32,"shift":"E","weight":1},{"day":33,"shift":"E","weight":1},{"day":41,"shift":"E","weight":2},{"day":42,"shift":"E","weight":2},{"day":43,"shift":"E","weight":2}],"offRequests":[{"day":0,"shift":"D","weight":2},{"day":1,"shift":"D","weight":2},{"day":2,"shift":"D","weight":2},{"day":6,"shift":"N","weight":1},{"day":7,"shift":"N","weight":1},{"day":50,"shift":"E","weight":2},{"day":51,"shift":"E","weight":2}]},{"id":"AB","maxShifts":[56,56,56,10],"minTotalMinutes":16800,"maxTotalMinutes":17280,"minConsecutiveShifts":2,"maxConsecutiveShifts":5,"minConsecutiveDaysOff":2,"maxWeekends":4,"daysOff":[1,2,3,53,54],"onRequests":[{"day":5,"shift":"E","weight":3},{"day":6,"shift":"E","weight":3},{"day":7,"shift":"E","weight":3},{"day":8,"shift":"E","weight":3},{"day":13,"shift":"L","weight":3},{"day":14,"shift":"L","weight":3},{"day":15,"shift":"L","weight":3},{"day":16,"shift":"L","weight":3},{"day":22,"shift":"D","weight":2},{"day":23,"shift":"D","weight":2},{"day":29,"shift":"N","weight":3},{"day":30,"shift":"N","weight":3},{"day":31,"shift":"N","weight":3},{"day":32,"shift":"N","weight":3},{"day":39,"shift":"N","weight":1}],"offRequests":[{"day":46,"shift":"E","weight":1},{"day":47,"shift":"E","weight":1},{"day":48,"shift":"E","weight":1}]},{"id":"AC","maxShifts":[56,56,56,10],"minTotalMinutes":16800,"maxTotalMinutes":17280,"minConsecutiveShifts":2,"maxConsecutiveShifts":5,"minConsecutiveDaysOff":2,"maxWeekends":4,"daysOff":[32,33,34,35,36],"onRequests":[{"day":2,"shift":"E","weight":1},{"day":3,"shift":"E","weight":1},{"day":4,"shift":"E","weight":1},{"day":5,"shift":"E","weight":1},{"day":9,"shift":"D","weight":2},{"day":10,"shift":"D","weight":2},{"day":11,"shift":"D","weight":2},{"day":12,"shift":"D","weight":2},{"day":13,"shift":"D","weight":2},{"day":19,"shift":"D","weight":3},{"day":20,"shift":"D","weight":3},{"day":27,"shift":"D","weight":3},{"day":28,"shift":"D","weight":3},{"day":29,"shift":"D","weight":3},{"day":30,"shift":"D","weight":3},{"day":46,"shift":"L","weight":2},{"day":47,"shift":"L","weight":2},{"day":51,"shift":"L","weight":3},{"day":52,"shift":"L","weight":3},{"day":53,"shift":"L","weight":3}],"offRequests":[{"day":38,"shift":"L","weight":2},{"day":39,"shift":"L","weight":2},{"day":40,"shift":"L","weight":2},{"day":41,"shift":"L","weight":2},{"day":42,"shift":"L","weight":2}]},{"id":"AD","maxShifts":[56,56,56,10],"minTotalMinutes":16800,"maxTotalMinutes":17280,"minConsecutiveShifts":2,"maxConsecutiveShifts":5,"minConsecutiveDaysOff":2,"maxWeekends":4,"daysOff":[25,26,40,41,42],"onRequests":[{"day":2,"shift":"D","weight":3},{"day":3,"shift":"D","weight":3},{"day":4,"shift":"D","weight":3},{"day":5,"shift":"D","weight":3},{"day":20,"shift":"L","weight":3}],"offRequests":[{"day":33,"shift":"E","weight":2},{"day":34,"shift":"E","weight":2},{"day":35,"shift":"E","weight":2},{"day":36,"shift":"E","weight":2},{"day":49,"shift":"D","weight":2},{"day":50,"shift":"D","weight":2},{"day":51,"shift":"D","weight":2}]},{"id":"AE","maxShifts":[56,56,56,10],"minTotalMinutes":15720,"maxTotalMinutes":16200,"minConsecutiveShifts":2,"maxConsecutiveShifts":4,"minConsecutiveDaysOff":2,"maxWeekends":4,"daysOff":[4,5,6,7,34],"onRequests":[{"day":0,"shift":"L","weight":2},{"day":9,"shift":"E","weight":1},{"day":10,"shift":"E","weight":1},{"day":26,"shift":"D","weight":1},{"day":27,"shift":"D","weight":1},{"day":28,"shift":"D","weight":1},{"day":29,"shift":"D","weight":1}],"offRequests":[{"day":37,"shift":"E","weight":2},{"day":38,"shift":"E","weight":2},{"day":39,"shift":"E","weight":2},{"day":40,"shift":"E","weight":2}]},{"id":"AF","maxShifts":[56,56,56,10],"minTotalMinutes":15720,"maxTotalMinutes":16200,"minConsecutiveShifts":2,"maxConsecutiveShifts":4,"minConsecutiveDaysOff":2,"maxWeekends":4,"daysOff":[27,28,29,52,53],"onRequests":[{"day":3,"shift":"L","weight":2},{"day":4,"shift":"L","weight":2},{"day":5,"shift":"L","weight":2},{"day":11,"shift":"N","weight":3},{"day":12,"shift":"N","weight":3},{"day":13,"shift":"N","weight":3},{"day":14,"shift":"N","weight":3},{"day":15,"shift":"N","weight":3},{"day":19,"shift":"E","weight":3},{"day":20,"shift":"E","weight":3},{"day":21,"shift":"E","weight":3},{"day":22,"shift":"E","weight":3},{"day":23,"shift":"E","weight":3},{"day":38,"shift":"E","weight":1},{"day":39,"shift":"E","weight":1},{"day":40,"shift":"E","weight":1},{"day":49,"shift":"E","weight":1},{"day":50,"shift":"E","weight":1}],"offRequests":null}],"covers":[[{"requirement":5,"weightIfUnder":100,"weightIfOver":1},{"requirement":5,"weightIfUnder":100,"weightIfOver":1},{"requirement":6,"weightIfUnder":100,"weightIfOver":1},{"requirement":4,"weightIfUnder":100,"weightIfOver":1}],[{"requirement":5,"weightIfUnder":100,"weightIfOver":1},{"requirement":6,"weightIfUnder":100,"weightIfOver":1},{"requirement":5,"weightIfUnder":100,"weightIfOver":1},{"requirement":4,"weightIfUnder":100,"weightIfOver":1}],[{"requirement":6,"weightIfUnder":100,"weightIfOver":1},{"requirement":6,"weightIfUnder":100,"weightIfOver":1},{"requirement":5,"weightIfUnder":100,"weightIfOver":1},{"requirement":3,"weightIfUnder":100,"weightIfOver":1}],[{"requirement":5,"weightIfUnder":100,"weightIfOver":1},{"requirement":6,"weightIfUnder":100,"weightIfOver":1},{"requirement":3,"weightIfUnder":100,"weightIfOver":1},{"requirement":4,"weightIfUnder":100,"weightIfOver":1}],[{"requirement":6,"weightIfUnder":100,"weightIfOver":1},{"requirement":4,"weightIfUnder":100,"weightIfOver":1},{"requirement":3,"weightIfUnder":100,"weightIfOver":1},{"requirement":3,"weightIfUnder":100,"weightIfOver":1}],[{"requirement":6,"weightIfUnder":100,"weightIfOver":1},{"requirement":5,"weightIfUnder":100,"weightIfOver":1},{"requirement":5,"weightIfUnder":100,"weightIfOver":1},{"requirement":4,"weightIfUnder":100,"weightIfOver":1}],[{"requirement":5,"weightIfUnder":100,"weightIfOver":1},{"requirement":4,"weightIfUnder":100,"weightIfOver":1},{"requirement":7,"weightIfUnder":100,"weightIfOver":1},{"requirement":4,"weightIfUnder":100,"weightIfOver":1}],[{"requirement":5,"weightIfUnder":100,"weightIfOver":1},{"requirement":6,"weightIfUnder":100,"weightIfOver":1},{"requirement":7,"weightIfUnder":100,"weightIfOver":1},{"requirement":5,"weightIfUnder":100,"weightIfOver":1}],[{"requirement":4,"weightIfUnder":100,"weightIfOver":1},{"requirement":6,"weightIfUnder":100,"weightIfOver":1},{"requirement":4,"weightIfUnder":100,"weightIfOver":1},{"requirement":3,"weightIfUnder":100,"weightIfOver":1}],[{"requirement":3,"weightIfUnder":100,"weightIfOver":1},{"requirement":8,"weightIfUnder":100,"weightIfOver":1},{"requirement":5,"weightIfUnder":100,"weightIfOver":1},{"requirement":2,"weightIfUnder":100,"weightIfOver":1}],[{"requirement":5,"weightIfUnder":100,"weightIfOver":1},{"requirement":6,"weightIfUnder":100,"weightIfOver":1},{"requirement":3,"weightIfUnder":100,"weightIfOver":1},{"requirement":2,"weightIfUnder":100,"weightIfOver":1}],[{"requirement":5,"weightIfUnder":100,"weightIfOver":1},{"requirement":6,"weightIfUnder":100,"weightIfOver":1},{"requirement":3,"weightIfUnder":100,"weightIfOver":1},{"requirement":4,"weightIfUnder":100,"weightIfOver":1}],[{"requirement":5,"weightIfUnder":100,"weightIfOver":1},{"requirement":6,"weightIfUnder":100,"weightIfOver":1},{"requirement":6,"weightIfUnder":100,"weightIfOver":1},{"requirement":4,"weightIfUnder":100,"weightIfOver":1}],[{"requirement":6,"weightIfUnder":100,"weightIfOver":1},{"requirement":5,"weightIfUnder":100,"weightIfOver":1},{"requirement":7,"weightIfUnder":100,"weightIfOver":1},{"requirement":3,"weightIfUnder":100,"weightIfOver":1}],[{"requirement":3,"weightIfUnder":100,"weightIfOver":1},{"requirement":7,"weightIfUnder":100,"weightIfOver":1},{"requirement":5,"weightIfUnder":100,"weightIfOver":1},{"requirement":5,"weightIfUnder":100,"weightIfOver":1}],[{"requirement":4,"weightIfUnder":100,"weightIfOver":1},{"requirement":6,"weightIfUnder":100,"weightIfOver":1},{"requirement":5,"weightIfUnder":100,"weightIfOver":1},{"requirement":4,"weightIfUnder":100,"weightIfOver":1}],[{"requirement":5,"weightIfUnder":100,"weightIfOver":1},{"requirement":6,"weightIfUnder":100,"weightIfOver":1},{"requirement":5,"weightIfUnder":100,"weightIfOver":1},{"requirement":3,"weightIfUnder":100,"weightIfOver":1}],[{"requirement":4,"weightIfUnder":100,"weightIfOver":1},{"requirement":7,"weightIfUnder":100,"weightIfOver":1},{"requirement":6,"weightIfUnder":100,"weightIfOver":1},{"requirement":3,"weightIfUnder":100,"weightIfOver":1}],[{"requirement":6,"weightIfUnder":100,"weightIfOver":1},{"requirement":6,"weightIfUnder":100,"weightIfOver":1},{"requirement":5,"weightIfUnder":100,"weightIfOver":1},{"requirement":5,"weightIfUnder":100,"weightIfOver":1}],[{"requirement":5,"weightIfUnder":100,"weightIfOver":1},{"requirement":6,"weightIfUnder":100,"weightIfOver":1},{"requirement":5,"weightIfUnder":100,"weightIfOver":1},{"requirement":6,"weightIfUnder":100,"weightIfOver":1}],[{"requirement":3,"weightIfUnder":100,"weightIfOver":1},{"requirement":4,"weightIfUnder":100,"weightIfOver":1},{"requirement":5,"weightIfUnder":100,"weightIfOver":1},{"requirement":3,"weightIfUnder":100,"weightIfOver":1}],[{"requirement":5,"weightIfUnder":100,"weightIfOver":1},{"requirement":5,"weightIfUnder":100,"weightIfOver":1},{"requirement":4,"weightIfUnder":100,"weightIfOver":1},{"requirement":4,"weightIfUnder":100,"weightIfOver":1}],[{"requirement":6,"weightIfUnder":100,"weightIfOver":1},{"requirement":6,"weightIfUnder":100,"weightIfOver":1},{"requirement":5,"weightIfUnder":100,"weightIfOver":1},{"requirement":5,"weightIfUnder":100,"weightIfOver":1}],[{"requirement":6,"weightIfUnder":100,"weightIfOver":1},{"requirement":6,"weightIfUnder":100,"weightIfOver":1},{"requirement":6,"weightIfUnder":100,"weightIfOver":1},{"requirement":4,"weightIfUnder":100,"weightIfOver":1}],[{"requirement":5,"weightIfUnder":100,"weightIfOver":1},{"requirement":8,"weightIfUnder":100,"weightIfOver":1},{"requirement":3,"weightIfUnder":100,"weightIfOver":1},{"requirement":3,"weightIfUnder":100,"weightIfOver":1}],[{"requirement":5,"weightIfUnder":100,"weightIfOver":1},{"requirement":6,"weightIfUnder":100,"weightIfOver":1},{"requirement":6,"weightIfUnder":100,"weightIfOver":1},{"requirement":4,"weightIfUnder":100,"weightIfOver":1}],[{"requirement":6,"weightIfUnder":100,"weightIfOver":1},{"requirement":6,"weightIfUnder":100,"weightIfOver":1},{"requirement":5,"weightIfUnder":100,"weightIfOver":1},{"requirement":4,"weightIfUnder":100,"weightIfOver":1}],[{"requirement":5,"weightIfUnder":100,"weightIfOver":1},{"requirement":6,"weightIfUnder":100,"weightIfOver":1},{"requirement":5,"weightIfUnder":100,"weightIfOver":1},{"requirement":5,"weightIfUnder":100,"weightIfOver":1}],[{"requirement":5,"weightIfUnder":100,"weightIfOver":1},{"requirement":8,"weightIfUnder":100,"weightIfOver":1},{"requirement":7,"weightIfUnder":100,"weightIfOver":1},{"requirement":4,"weightIfUnder":100,"weightIfOver":1}],[{"requirement":6,"weightIfUnder":100,"weightIfOver":1},{"requirement":4,"weightIfUnder":100,"weightIfOver":1},{"requirement":6,"weightIfUnder":100,"weightIfOver":1},{"requirement":5,"weightIfUnder":100,"weightIfOver":1}],[{"requirement":4,"weightIfUnder":100,"weightIfOver":1},{"requirement":6,"weightIfUnder":100,"weightIfOver":1},{"requirement":4,"weightIfUnder":100,"weightIfOver":1},{"requirement":4,"weightIfUnder":100,"weightIfOver":1}],[{"requirement":5,"weightIfUnder":100,"weightIfOver":1},{"requirement":6,"weightIfUnder":100,"weightIfOver":1},{"requirement":5,"weightIfUnder":100,"weightIfOver":1},{"requirement":4,"weightIfUnder":100,"weightIfOver":1}],[{"requirement":5,"weightIfUnder":100,"weightIfOver":1},{"requirement":6,"weightIfUnder":100,"weightIfOver":1},{"requirement":4,"weightIfUnder":100,"weightIfOver":1},{"requirement":3,"weightIfUnder":100,"weightIfOver":1}],[{"requirement":5,"weightIfUnder":100,"weightIfOver":1},{"requirement":7,"weightIfUnder":100,"weightIfOver":1},{"requirement":6,"weightIfUnder":100,"weightIfOver":1},{"requirement":3,"weightIfUnder":100,"weightIfOver":1}],[{"requirement":5,"weightIfUnder":100,"weightIfOver":1},{"requirement":5,"weightIfUnder":100,"weightIfOver":1},{"requirement":5,"weightIfUnder":100,"weightIfOver":1},{"requirement":5,"weightIfUnder":100,"weightIfOver":1}],[{"requirement":6,"weightIfUnder":100,"weightIfOver":1},{"requirement":5,"weightIfUnder":100,"weightIfOver":1},{"requirement":6,"weightIfUnder":100,"weightIfOver":1},{"requirement":2,"weightIfUnder":100,"weightIfOver":1}],[{"requirement":6,"weightIfUnder":100,"weightIfOver":1},{"requirement":7,"weightIfUnder":100,"weightIfOver":1},{"requirement":6,"weightIfUnder":100,"weightIfOver":1},{"requirement":5,"weightIfUnder":100,"weightIfOver":1}],[{"requirement":5,"weightIfUnder":100,"weightIfOver":1},{"requirement":5,"weightIfUnder":100,"weightIfOver":1},{"requirement":5,"weightIfUnder":100,"weightIfOver":1},{"requirement":4,"weightIfUnder":100,"weightIfOver":1}],[{"requirement":4,"weightIfUnder":100,"weightIfOver":1},{"requirement":6,"weightIfUnder":100,"weightIfOver":1},{"requirement":3,"weightIfUnder":100,"weightIfOver":1},{"requirement":4,"weightIfUnder":100,"weightIfOver":1}],[{"requirement":5,"weightIfUnder":100,"weightIfOver":1},{"requirement":8,"weightIfUnder":100,"weightIfOver":1},{"requirement":3,"weightIfUnder":100,"weightIfOver":1},{"requirement":4,"weightIfUnder":100,"weightIfOver":1}],[{"requirement":6,"weightIfUnder":100,"weightIfOver":1},{"requirement":6,"weightIfUnder":100,"weightIfOver":1},{"requirement":5,"weightIfUnder":100,"weightIfOver":1},{"requirement":4,"weightIfUnder":100,"weightIfOver":1}],[{"requirement":7,"weightIfUnder":100,"weightIfOver":1},{"requirement":8,"weightIfUnder":100,"weightIfOver":1},{"requirement":5,"weightIfUnder":100,"weightIfOver":1},{"requirement":4,"weightIfUnder":100,"weightIfOver":1}],[{"requirement":6,"weightIfUnder":100,"weightIfOver":1},{"requirement":6,"weightIfUnder":100,"weightIfOver":1},{"requirement":5,"weightIfUnder":100,"weightIfOver":1},{"requirement":3,"weightIfUnder":100,"weightIfOver":1}],[{"requirement":4,"weightIfUnder":100,"weightIfOver":1},{"requirement":5,"weightIfUnder":100,"weightIfOver":1},{"requirement":5,"weightIfUnder":100,"weightIfOver":1},{"requirement":4,"weightIfUnder":100,"weightIfOver":1}],[{"requirement":5,"weightIfUnder":100,"weightIfOver":1},{"requirement":5,"weightIfUnder":100,"weightIfOver":1},{"requirement":5,"weightIfUnder":100,"weightIfOver":1},{"requirement":4,"weightIfUnder":100,"weightIfOver":1}],[{"requirement":7,"weightIfUnder":100,"weightIfOver":1},{"requirement":5,"weightIfUnder":100,"weightIfOver":1},{"requirement":6,"weightIfUnder":100,"weightIfOver":1},{"requirement":4,"weightIfUnder":100,"weightIfOver":1}],[{"requirement":5,"weightIfUnder":100,"weightIfOver":1},{"requirement":5,"weightIfUnder":100,"weightIfOver":1},{"requirement":4,"weightIfUnder":100,"weightIfOver":1},{"requirement":4,"weightIfUnder":100,"weightIfOver":1}],[{"requirement":4,"weightIfUnder":100,"weightIfOver":1},{"requirement":4,"weightIfUnder":100,"weightIfOver":1},{"requirement":5,"weightIfUnder":100,"weightIfOver":1},{"requirement":4,"weightIfUnder":100,"weightIfOver":1}],[{"requirement":2,"weightIfUnder":100,"weightIfOver":1},{"requirement":4,"weightIfUnder":100,"weightIfOver":1},{"requirement":4,"weightIfUnder":100,"weightIfOver":1},{"requirement":3,"weightIfUnder":100,"weightIfOver":1}],[{"requirement":6,"weightIfUnder":100,"weightIfOver":1},{"requirement":5,"weightIfUnder":100,"weightIfOver":1},{"requirement":6,"weightIfUnder":100,"weightIfOver":1},{"requirement":5,"weightIfUnder":100,"weightIfOver":1}],[{"requirement":3,"weightIfUnder":100,"weightIfOver":1},{"requirement":6,"weightIfUnder":100,"weightIfOver":1},{"requirement":4,"weightIfUnder":100,"weightIfOver":1},{"requirement":4,"weightIfUnder":100,"weightIfOver":1}],[{"requirement":4,"weightIfUnder":100,"weightIfOver":1},{"requirement":6,"weightIfUnder":100,"weightIfOver":1},{"requirement":4,"weightIfUnder":100,"weightIfOver":1},{"requirement":6,"weightIfUnder":100,"weightIfOver":1}],[{"requirement":3,"weightIfUnder":100,"weightIfOver":1},{"requirement":4,"weightIfUnder":100,"weightIfOver":1},{"requirement":4,"weightIfUnder":100,"weightIfOver":1},{"requirement":3,"weightIfUnder":100,"weightIfOver":1}],[{"requirement":4,"weightIfUnder":100,"weightIfOver":1},{"requirement":6,"weightIfUnder":100,"weightIfOver":1},{"requirement":5,"weightIfUnder":100,"weightIfOver":1},{"requirement":3,"weightIfUnder":100,"weightIfOver":1}],[{"requirement":3,"weightIfUnder":100,"weightIfOver":1},{"requirement":6,"weightIfUnder":100,"weightIfOver":1},{"requirement":5,"weightIfUnder":100,"weightIfOver":1},{"requirement":6,"weightIfUnder":100,"weightIfOver":1}],[{"requirement":4,"weightIfUnder":100,"weightIfOver":1},{"requirement":5,"weightIfUnder":100,"weightIfOver":1},{"requirement":4,"weightIfUnder":100,"weightIfOver":1},{"requirement":2,"weightIfUnder":100,"weightIfOver":1}]]}