{"nDays":28,"shifts":[{"id":"E","length":480,"forbiddenFollowingShifts":null},{"id":"D","length":480,"forbiddenFollowingShifts":["E"]},{"id":"L","length":480,"forbiddenFollowingShifts":["E","D"]},{"id":"N","length":480,"forbiddenFollowingShifts":["E","D","L"]}],"staffs":[{"id":"A","maxShifts":[0,28,0,4],"minTotalMinutes":8160,"maxTotalMinutes":8640,"minConsecutiveShifts":2,"maxConsecutiveShifts":5,"minConsecutiveDaysOff":2,"maxWeekends":2,"daysOff":[1,2],"onRequests":[{"day":4,"shift":"N","weight":2},{"day":5,"shift":"N","weight":2},{"day":6,"shift":"N","weight":2},{"day":12,"shift":"N","weight":3},{"day":13,"shift":"N","weight":3}],"offRequests":null},{"id":"B","maxShifts":[14,28,0,4],"minTotalMinutes":8160,"maxTotalMinutes":8640,"minConsecutiveShifts":2,"maxConsecutiveShifts":5,"minConsecutiveDaysOff":2,"maxWeekends":2,"daysOff":[4,9],"onRequests":null,"offRequests":[{"day":17,"shift":"D","weight":2},{"day":18,"shift":"D","weight":2},{"day":19,"shift":"D","weight":2},{"day":20,"shift":"D","weight":2}]},{"id":"C","maxShifts":[0,28,0,4],"minTotalMinutes":8160,"maxTotalMinutes":8640,"minConsecutiveShifts":2,"maxConsecutiveShifts":5,"minConsecutiveDaysOff":2,"maxWeekends":2,"daysOff":[16,17],"onRequests":[{"day":0,"shift":"D","weight":1},{"day":1,"shift":"D","weight":1},{"day":2,"shift":"D","weight":1},{"day":3,"shift":"D","weight":1},{"day":8,"shift":"D","weight":3},{"day":9,"shift":"D","weight":3},{"day":10,"shift":"D","weight":3},{"day":11,"shift":"D","weight":3}],"offRequests":null},{"id":"D","maxShifts":[0,28,14,0],"minTotalMinutes":8160,"maxTotalMinutes":8640,"minConsecutiveShifts":2,"maxConsecutiveShifts":5,"minConsecutiveDaysOff":2,"maxWeekends":2,"daysOff":[22,26],"onRequests":[{"day":1,"shift":"L","weight":2},{"day":2,"shift":"L","weight":2},{"day":3,"shift":"L","weight":2},{"day":23,"shift":"D","weight":2},{"day":24,"shift":"D","weight":2}],"offRequests":[{"day":11,"shift":"L","weight":3},{"day":12,"shift":"L","weight":3}]},{"id":"E","maxShifts":[14,28,0,4],"minTotalMinutes":8160,"maxTotalMinutes":8640,"minConsecutiveShifts":2,"maxConsecutiveShifts":5,"minConsecutiveDaysOff":2,"maxWeekends":2,"daysOff":[2,14],"onRequests":[{"day":4,"shift":"D","weight":2},{"day":5,"shift":"D","weight":2},{"day":6,"shift":"D","weight":2},{"day":27,"shift":"D","weight":2}],"offRequests":null},{"id":"F","maxShifts":[14,28,0,4],"minTotalMinutes":8160,"maxTotalMinutes":8640,"minConsecutiveShifts":2,"maxConsecutiveShifts":5,"minConsecutiveDaysOff":2,"maxWeekends":2,"daysOff":[26,27],"onRequests":[{"day":1,"shift":"D","weight":2},{"day":2,"shift":"D","weight":2},{"day":17,"shift":"N","weight":1},{"day":18,"shift":"N","weight":1},{"day":19,"shift":"N","weight":1},{"day":25,"shift":"D","weight":2}],"offRequests":[{"day":6,"shift":"E","weight":2}]},{"id":"G","maxShifts":[0,28,0,4],"minTotalMinutes":8160,"maxTotalMinutes":8640,"minConsecutiveShifts":2,"maxConsecutiveShifts":5,"minConsecutiveDaysOff":2,"maxWeekends":2,"daysOff":[13,14],"onRequests":[{"day":1,"shift":"D","weight":1},{"day":2,"shift":"D","weight":1},{"day":3,"shift":"D","weight":1}],"offRequests":[{"day":16,"shift":"N","weight":1},{"day":17,"shift":"N","weight":1},{"day":18,"shift":"N","weight":1}]},{"id":"H","maxShifts":[14,28,0,0],"minTotalMinutes":8160,"maxTotalMinutes":8640,"minConsecutiveShifts":2,"maxConsecutiveShifts":5,"minConsecutiveDaysOff":2,"maxWeekends":2,"daysOff":[11,12],"onRequests":[{"day":14,"shift":"E","weight":3},{"day":15,"shift":"E","weight":3}],"offRequests":null},{"id":"I","maxShifts":[14,28,0,4],"minTotalMinutes":8160,"maxTotalMinutes":8640,"minConsecutiveShifts":2,"maxConsecutiveShifts":5,"minConsecutiveDaysOff":2,"maxWeekends":2,"daysOff":[13,14],"onRequests":[{"day":0,"shift":"N","weight":1},{"day":1,"shift":"N","weight":1},{"day":2,"shift":"N","weight":1}],"offRequests":[{"day":11,"shift":"N","weight":1},{"day":20,"shift":"N","weight":1},{"day":21,"shift":"N","weight":1},{"day":22,"shift":"N","weight":1},{"day":23,"shift":"N","weight":1}]},{"id":"J","maxShifts":[0,28,14,4],"minTotalMinutes":8160,"maxTotalMinutes":8640,"minConsecutiveShifts":2,"maxConsecutiveShifts":5,"minConsecutiveDaysOff":2,"maxWeekends":2,"daysOff":[3,10],"onRequests":[{"day":5,"shift":"L","weight":1},{"day":6,"shift":"L","weight":1},{"day":17,"shift":"L","weight":2},{"day":18,"shift":"L","weight":2},{"day":19,"shift":"L","weight":2},{"day":20,"shift":"L","weight":2}],"offRequests":[{"day":26,"shift":"D","weight":2},{"day":27,"shift":"D","weight":2}]},{"id":"K","maxShifts":[14,28,0,4],"minTotalMinutes":8160,"maxTotalMinutes":8640,"minConsecutiveShifts":2,"maxConsecutiveShifts":5,"minConsecutiveDaysOff":2,"maxWeekends":2,"daysOff":[14,15],"onRequests":[{"day":17,"shift":"D","weight":3},{"day":18,"shift":"D","weight":3},{"day":19,"shift":"D","weight":3}],"offRequests":[{"day":6,"shift":"E","weight":2},{"day":7,"shift":"E","weight":2},{"day":8,"shift":"E","weight":2}]},{"id":"L","maxShifts":[14,28,0,4],"minTotalMinutes":8160,"maxTotalMinutes":8640,"minConsecutiveShifts":2,"maxConsecutiveShifts":5,"minConsecutiveDaysOff":2,"maxWeekends":2,"daysOff":[9,14],"onRequests":[{"day":16,"shift":"D","weight":3},{"day":17,"shift":"D","weight":3},{"day":18,"shift":"D","weight":3},{"day":19,"shift":"D","weight":3},{"day":26,"shift":"N","weight":2},{"day":27,"shift":"N","weight":2}],"offRequests":[{"day":11,"shift":"D","weight":1},{"day":12,"shift":"D","weight":1}]},{"id":"M","maxShifts":[0,28,14,4],"minTotalMinutes":8160,"maxTotalMinutes":8640,"minConsecutiveShifts":2,"maxConsecutiveShifts":5,"minConsecutiveDaysOff":2,"maxWeekends":2,"daysOff":[0,12],"onRequests":[{"day":21,"shift":"N","weight":3},{"day":22,"shift":"N","weight":3},{"day":26,"shift":"N","weight":1}],"offRequests":[{"day":3,"shift":"N","weight":1},{"day":4,"shift":"N","weight":1},{"day":5,"shift":"N","weight":1},{"day":6,"shift":"N","weight":1}]},{"id":"N","maxShifts":[14,28,14,4],"minTotalMinutes":8160,"maxTotalMinutes":8640,"minConsecutiveShifts":2,"maxConsecutiveShifts":5,"minConsecutiveDaysOff":2,"maxWeekends":2,"daysOff":[8,27],"onRequests":[{"day":2,"shift":"D","weight":1},{"day":3,"shift":"D","weight":1},{"day":4,"shift":"D","weight":1},{"day":5,"shift":"D","weight":1},{"day":6,"shift":"D","weight":1},{"day":19,"shift":"N","weight":2},{"day":20,"shift":"N","weight":2},{"day":21,"shift":"N","weight":2}],"offRequests":null},{"id":"O","maxShifts":[14,28,14,0],"minTotalMinutes":8160,"maxTotalMinutes":8640,"minConsecutiveShifts":2,"maxConsecutiveShifts":5,"minConsecutiveDaysOff":2,"maxWeekends":2,"daysOff":[14,24],"onRequests":[{"day":0,"shift":"L","weight":2},{"day":1,"shift":"L","weight":2},{"day":2,"shift":"L","weight":2},{"day":3,"shift":"L","weight":2},{"day":4,"shift":"L","weight":2},{"day":16,"shift":"E","weight":3},{"day":17,"shift":"E","weight":3},{"day":18,"shift":"E","weight":3}],"offRequests":[{"day":8,"shift":"L","weight":3},{"day":9,"shift":"L","weight":3},{"day":10,"shift":"L","weight":3},{"day":11,"shift":"L","weight":3}]},{"id":"P","maxShifts":[14,28,0,0],"minTotalMinutes":8160,"maxTotalMinutes":8640,"minConsecutiveShifts":2,"maxConsecutiveShifts":5,"minConsecutiveDaysOff":2,"maxWeekends":2,"daysOff":[7,8],"onRequests":[{"day":15,"shift":"D","weight":2},{"day":16,"shift":"D","weight":2},{"day":17,"shift":"D","weight":2},{"day":18,"shift":"D","weight":2}],"offRequests":[{"day":9,"shift":"E","weight":2}]},{"id":"Q","maxShifts":[14,28,14,4],"minTotalMinutes":8160,"maxTotalMinutes":8640,"minConsecutiveShifts":2,"maxConsecutiveShifts":6,"minConsecutiveDaysOff":3,"maxWeekends":2,"daysOff":[3,12],"onRequests":[{"day":4,"shift":"L","weight":2},{"day":11,"shift":"D","weight":2}],"offRequests":[{"day":18,"shift":"N","weight":1},{"day":19,"shift":"N","weight":1},{"day":20,"shift":"N","weight":1},{"day":21,"shift":"N","weight":1}]},{"id":"R","maxShifts":[0,28,0,0],"minTotalMinutes":8160,"maxTotalMinutes":8640,"minConsecutiveShifts":2,"maxConsecutiveShifts":6,"minConsecutiveDaysOff":3,"maxWeekends":2,"daysOff":[4,7],"onRequests":[{"day":19,"shift":"D","weight":1},{"day":20,"shift":"D","weight":1},{"day":21,"shift":"D","weight":1},{"day":22,"shift":"D","weight":1},{"day":23,"shift":"D","weight":1}],"offRequests":[{"day":9,"shift":"D","weight":3},{"day":10,"shift":"D","weight":3},{"day":11,"shift":"D","weight":3},{"day":12,"shift":"D","weight":3}]},{"id":"S","maxShifts":[0,28,14,0],"minTotalMinutes":8160,"maxTotalMinutes":8640,"minConsecutiveShifts":2,"maxConsecutiveShifts":6,"minConsecutiveDaysOff":3,"maxWeekends":2,"daysOff":[4,24],"onRequests":[{"day":11,"shift":"L","weight":3},{"day":12,"shift":"L","weight":3},{"day":13,"shift":"L","weight":3},{"day":14,"shift":"L","weight":3}],"offRequests":[{"day":0,"shift":"D","weight":2},{"day":1,"shift":"D","weight":2},{"day":2,"shift":"D","weight":2},{"day":3,"shift":"D","weight":2}]},{"id":"T","maxShifts":[14,28,14,0],"minTotalMinutes":8160,"maxTotalMinutes":8640,"minConsecutiveShifts":2,"maxConsecutiveShifts":6,"minConsecutiveDaysOff":3,"maxWeekends":2,"daysOff":[7,27],"onRequests":[{"day":9,"shift":"L","weight":1},{"day":10,"shift":"L","weight":1},{"day":14,"shift":"D","weight":3},{"day":15,"shift":"D","weight":3},{"day":16,"shift":"D","weight":3},{"day":17,"shift":"D","weight":3}],"offRequests":[{"day":0,"shift":"E","weight":3},{"day":1,"shift":"E","weight":3},{"day":2,"shift":"E","weight":3},{"day":3,"shift":"E","weight":3},{"day":22,"shift":"L","weight":3},{"day":23,"shift":"L","weight":3},{"day":24,"shift":"L","weight":3},{"day":25,"shift":"L","weight":3},{"day":26,"shift":"L","weight":3}]},{"id":"U","maxShifts":[14,28,0,4],"minTotalMinutes":8160,"maxTotalMinutes":8640,"minConsecutiveShifts":2,"maxConsecutiveShifts":6,"minConsecutiveDaysOff":3,"maxWeekends":2,"daysOff":[21,22],"onRequests":[{"day":0,"shift":"N","weight":3},{"day":7,"shift":"D","weight":1},{"day":8,"shift":"D","weight":1},{"day":9,"shift":"D","weight":1},{"day":10,"shift":"D","weight":1},{"day":14,"shift":"E","weight":3},{"day":15,"shift":"E","weight":3},{"day":16,"shift":"E","weight":3},{"day":24,"shift":"N","weight":3}],"offRequests":null},{"id":"V","maxShifts":[14,28,14,4],"minTotalMinutes":8160,"maxTotalMinutes":8640,"minConsecutiveShifts":2,"maxConsecutiveShifts":6,"minConsecutiveDaysOff":3,"maxWeekends":2,"daysOff":[10,18],"onRequests":null,"offRequests":[{"day":12,"shift":"L","weight":1},{"day":13,"shift":"L","weight":1}]},{"id":"W","maxShifts":[14,28,0,4],"minTotalMinutes":8160,"maxTotalMinutes":8640,"minConsecutiveShifts":2,"maxConsecutiveShifts":6,"minConsecutiveDaysOff":3,"maxWeekends":2,"daysOff":[1,19],"onRequests":[{"day":4,"shift":"D","weight":2},{"day":5,"shift":"D","weight":2},{"day":6,"shift":"D","weight":2},{"day":7,"shift":"D","weight":2}],"offRequests":[{"day":20,"shift":"E","weight":3},{"day":21,"shift":"E","weight":3},{"day":22,"shift":"E","weight":3}]},{"id":"X","maxShifts":[0,28,0,2],"minTotalMinutes":4680,"maxTotalMinutes":5160,"minConsecutiveShifts":1,"maxConsecutiveShifts":5,"minConsecutiveDaysOff":2,"maxWeekends":3,"daysOff":[3,4],"onRequests":[{"day":16,"shift":"D","weight":1}],"offRequests":[{"day":6,"shift":"D","weight":2},{"day":7,"shift":"D","weight":2},{"day":8,"shift":"D","weight":2},{"day":9,"shift":"D","weight":2},{"day":21,"shift":"D","weight":1},{"day":22,"shift":"D","weight":1}]},{"id":"Y","maxShifts":[0,28,8,0],"minTotalMinutes":4680,"maxTotalMinutes":5160,"minConsecutiveShifts":1,"maxConsecutiveShifts":5,"minConsecutiveDaysOff":2,"maxWeekends":3,"daysOff":[5,25],"onRequests":[{"day":0,"shift":"D","weight":1}],"offRequests":[{"day":6,"shift":"L","weight":3},{"day":7,"shift":"L","weight":3},{"day":8,"shift":"L","weight":3},{"day":9,"shift":"L","weight":3},{"day":10,"shift":"L","weight":3},{"day":17,"shift":"D","weight":1},{"day":18,"shift":"D","weight":1},{"day":19,"shift":"D","weight":1}]},{"id":"Z","maxShifts":[8,28,8,2],"minTotalMinutes":4680,"maxTotalMinutes":5160,"minConsecutiveShifts":1,"maxConsecutiveShifts":5,"minConsecutiveDaysOff":2,"maxWeekends":3,"daysOff":[17,18],"onRequests":[{"day":0,"shift":"N","weight":2},{"day":10,"shift":"L","weight":2}],"offRequests":[{"day":14,"shift":"N","weight":1},{"day":15,"shift":"N","weight":1},{"day":22,"shift":"D","weight":1}]},{"id":"AA","maxShifts":[0,28,8,2],"minTotalMinutes":4680,"maxTotalMinutes":5160,"minConsecutiveShifts":1,"maxConsecutiveShifts":5,"minConsecutiveDaysOff":2,"maxWeekends":3,"daysOff":[23,24],"onRequests":[{"day":12,"shift":"D","weight":1},{"day":17,"shift":"D","weight":3},{"day":18,"shift":"D","weight":3},{"day":19,"shift":"D","weight":3},{"day":20,"shift":"D","weight":3}],"offRequests":[{"day":3,"shift":"L","weight":3},{"day":4,"shift":"L","weight":3}]},{"id":"AB","maxShifts":[8,28,8,2],"minTotalMinutes":4680,"maxTotalMinutes":5160,"minConsecutiveShifts":1,"maxConsecutiveShifts":5,"minConsecutiveDaysOff":2,"maxWeekends":3,"daysOff":[5,6],"onRequests":[{"day":24,"shift":"E","weight":3},{"day":25,"shift":"E","weight":3},{"day":26,"shift":"E","weight":3},{"day":27,"shift":"E","weight":3}],"offRequests":[{"day":0,"shift":"D","weight":1},{"day":1,"shift":"D","weight":1},{"day":2,"shift":"D","weight":1},{"day":10,"shift":"E","weight":1},{"day":11,"shift":"E","weight":1},{"day":12,"shift":"E","weight":1},{"day":13,"shift":"E","weight":1},{"day":14,"shift":"E","weight":1}]},{"id":"AC","maxShifts":[0,28,0,1],"minTotalMinutes":2940,"maxTotalMinutes":3420,"minConsecutiveShifts":1,"maxConsecutiveShifts":5,"minConsecutiveDaysOff":1,"maxWeekends":3,"daysOff":[15,16],"onRequests":[{"day":0,"shift":"N","weight":3},{"day":1,"shift":"N","weight":3},{"day":2,"shift":"N","weight":3},{"day":3,"shift":"N","weight":3},{"day":4,"shift":"N","weight":3},{"day":8,"shift":"N","weight":2},{"day":9,"shift":"N","weight":2},{"day":22,"shift":"D","weight":1},{"day":23,"shift":"D","weight":1},{"day":24,"shift":"D","weight":1},{"day":25,"shift":"D","weight":1}],"offRequests":[{"day":17,"shift":"N","weight":2},{"day":18,"shift":"N","weight":2}]},{"id":"AD","maxShifts":[0,28,5,1],"minTotalMinutes":2940,"maxTotalMinutes":3420,"minConsecutiveShifts":1,"maxConsecutiveShifts":5,"minConsecutiveDaysOff":1,"maxWeekends":3,"daysOff":[15,16],"onRequests":[{"day":3,"shift":"D","weight":3},{"day":4,"shift":"D","weight":3},{"day":5,"shift":"D","weight":3},{"day":6,"shift":"D","weight":3},{"day":7,"shift":"D","weight":3},{"day":18,"shift":"N","weight":1},{"day":19,"shift":"N","weight":1},{"day":20,"shift":"N","weight":1},{"day":21,"shift":"N","weight":1},{"day":25,"shift":"L","weight":2},{"day":26,"shift":"L","weight":2}],"offRequests":null}],"covers":[[{"requirement":5,"weightIfUnder":100,"weightIfOver":1},{"requirement":5,"weightIfUnder":100,"weightIfOver":1},{"requirement":7,"weightIfUnder":100,"weightIfOver":1},{"requirement":2,"weightIfUnder":100,"weightIfOver":1}],[{"requirement":6,"weightIfUnder":100,"weightIfOver":1},{"requirement":5,"weightIfUnder":100,"weightIfOver":1},{"requirement":5,"weightIfUnder":100,"weightIfOver":1},{"requirement":3,"weightIfUnder":100,"weightIfOver":1}],[{"requirement":5,"weightIfUnder":100,"weightIfOver":1},{"requirement":3,"weightIfUnder":100,"weightIfOver":1},{"requirement":4,"weightIfUnder":100,"weightIfOver":1},{"requirement":3,"weightIfUnder":100,"weightIfOver":1}],[{"requirement":5,"weightIfUnder":100,"weightIfOver":1},{"requirement":6,"weightIfUnder":100,"weightIfOver":1},{"requirement":7,"weightIfUnder":100,"weightIfOver":1},{"requirement":3,"weightIfUnder":100,"weightIfOver":1}],[{"requirement":5,"weightIfUnder":100,"weightIfOver":1},{"requirement":3,"weightIfUnder":100,"weightIfOver":1},{"requirement":6,"weightIfUnder":100,"weightIfOver":1},{"requirement":3,"weightIfUnder":100,"weightIfOver":1}],[{"requirement":5,"weightIfUnder":100,"weightIfOver":1},{"requirement":4,"weightIfUnder":100,"weightIfOver":1},{"requirement":5,"weightIfUnder":100,"weightIfOver":1},{"requirement":5,"weightIfUnder":100,"weightIfOver":1}],[{"requirement":5,"weightIfUnder":100,"weightIfOver":1},{"requirement":3,"weightIfUnder":100,"weightIfOver":1},{"requirement":5,"weightIfUnder":100,"weightIfOver":1},{"requirement":3,"weightIfUnder":100,"weightIfOver":1}],[{"requirement":5,"weightIfUnder":100,"weightIfOver":1},{"requirement":4,"weightIfUnder":100,"weightIfOver":1},{"requirement":6,"weightIfUnder":100,"weightIfOver":1},{"requirement":4,"weightIfUnder":100,"weightIfOver":1}],[{"requirement":4,"weightIfUnder":100,"weightIfOver":1},{"requirement":5,"weightIfUnder":100,"weightIfOver":1},{"requirement":5,"weightIfUnder":100,"weightIfOver":1},{"requirement":2,"weightIfUnder":100,"weightIfOver":1}],[{"requirement":5,"weightIfUnder":100,"weightIfOver":1},{"requirement":7,"weightIfUnder":100,"weightIfOver":1},{"requirement":6,"weightIfUnder":100,"weightIfOver":1},{"requirement":3,"weightIfUnder":100,"weightIfOver":1}],[{"requirement":6,"weightIfUnder":100,"weightIfOver":1},{"requirement":3,"weightIfUnder":100,"weightIfOver":1},{"requirement":5,"weightIfUnder":100,"weightIfOver":1},{"requirement":2,"weightIfUnder":100,"weightIfOver":1}],[{"requirement":5,"weightIfUnder":100,"weightIfOver":1},{"requirement":5,"weightIfUnder":100,"weightIfOver":1},{"requirement":4,"weightIfUnder":100,"weightIfOver":1},{"requirement":3,"weightIfUnder":100,"weightIfOver":1}],[{"requirement":5,"weightIfUnder":100,"weightIfOver":1},{"requirement":5,"weightIfUnder":100,"weightIfOver":1},{"requirement":5,"weightIfUnder":100,"weightIfOver":1},{"requirement":3,"weightIfUnder":100,"weightIfOver":1}],[{"requirement":5,"weightIfUnder":100,"weightIfOver":1},{"requirement":4,"weightIfUnder":100,"weightIfOver":1},{"requirement":5,"weightIfUnder":100,"weightIfOver":1},{"requirement":2,"weightIfUnder":100,"weightIfOver":1}],[{"requirement":5,"weightIfUnder":100,"weightIfOver":1},{"requirement":5,"weightIfUnder":100,"weightIfOver":1},{"requirement":5,"weightIfUnder":100,"weightIfOver":1},{"requirement":4,"weightIfUnder":100,"weightIfOver":1}],[{"requirement":4,"weightIfUnder":100,"weightIfOver":1},{"requirement":5,"weightIfUnder":100,"weightIfOver":1},{"requirement":5,"weightIfUnder":100,"weightIfOver":1},{"requirement":3,"weightIfUnder":100,"weightIfOver":1}],[{"requirement":3,"weightIfUnder":100,"weightIfOver":1},{"requirement":5,"weightIfUnder":100,"weightIfOver":1},{"requirement":5,"weightIfUnder":100,"weightIfOver":1},{"requirement":4,"weightIfUnder":100,"weightIfOver":1}],[{"requirement":3,"weightIfUnder":100,"weightIfOver":1},{"requirement":6,"weightIfUnder":100,"weightIfOver":1},{"requirement":5,"weightIfUnder":100,"weightIfOver":1},{"requirement":3,"weightIfUnder":100,"weightIfOver":1}],[{"requirement":6,"weightIfUnder":100,"weightIfOver":1},{"requirement":6,"weightIfUnder":100,"weightIfOver":1},{"requirement":3,"weightIfUnder":100,"weightIfOver":1},{"requirement":3,"weightIfUnder":100,"weightIfOver":1}],[{"requirement":4,"weightIfUnder":100,"weightIfOver":1},{"requirement":7,"weightIfUnder":100,"weightIfOver":1},{"requirement":5,"weightIfUnder":100,"weightIfOver":1},{"requirement":3,"weightIfUnder":100,"weightIfOver":1}],[{"requirement":5,"weightIfUnder":100,"weightIfOver":1},{"requirement":4,"weightIfUnder":100,"weightIfOver":1},{"requirement":7,"weightIfUnder":100,"weightIfOver":1},{"requirement":3,"weightIfUnder":100,"weightIfOver":1}],[{"requirement":5,"weightIfUnder":100,"weightIfOver":1},{"requirement":5,"weightIfUnder":100,"weightIfOver":1},{"requirement":4,"weightIfUnder":100,"weightIfOver":1},{"requirement":3,"weightIfUnder":100,"weightIfOver":1}],[{"requirement":5,"weightIfUnder":100,"weightIfOver":1},{"requirement":5,"weightIfUnder":100,"weightIfOver":1},{"requirement":4,"weightIfUnder":100,"weightIfOver":1},{"requirement":3,"weightIfUnder":100,"weightIfOver":1}],[{"requirement":3,"weightIfUnder":100,"weightIfOver":1},{"requirement":5,"weightIfUnder":100,"weightIfOver":1},{"requirement":5,"weightIfUnder":100,"weightIfOver":1},{"requirement":3,"weightIfUnder":100,"weightIfOver":1}],[{"requirement":3,"weightIfUnder":100,"weightIfOver":1},{"requirement":3,"weightIfUnder":100,"weightIfOver":1},{"requirement":6,"weightIfUnder":100,"weightIfOver":1},{"requirement":3,"weightIfUnder":100,"weightIfOver":1}],[{"requirement":3,"weightIfUnder":100,"weightIfOver":1},{"requirement":5,"weightIfUnder":100,"weightIfOver":1},{"requirement":4,"weightIfUnder":100,"weightIfOver":1},{"requirement":4,"weightIfUnder":100,"weightIfOver":1}],[{"requirement":5,"weightIfUnder":100,"weightIfOver":1},{"requirement":4,"weightIfUnder":100,"weightIfOver":1},{"requirement":4,"weightIfUnder":100,"weightIfOver":1},{"requirement":4,"weightIfUnder":100,"weightIfOver":1}],[{"requirement":3,"weightIfUnder":100,"weightIfOver":1},{"requirement":2,"weightIfUnder":100,"weightIfOver":1},{"requirement":2,"weightIfUnder":100,"weightIfOver":1},{"requirement":2,"weightIfUnder":100,"weightIfOver":1}]]}