{"nDays":28,"shifts":[{"id":"E","length":480,"forbiddenFollowingShifts":null},{"id":"d1","length":480,"forbiddenFollowingShifts":["E"]},{"id":"d2","length":480,"forbiddenFollowingShifts":["E"]},{"id":"L","length":480,"forbiddenFollowingShifts":["E","d1","d2"]},{"id":"N","length":600,"forbiddenFollowingShifts":["E","d1","d2","L"]}],"staffs":[{"id":"A","maxShifts":[0,28,0,28,0],"minTotalMinutes":7560,"maxTotalMinutes":8640,"minConsecutiveShifts":2,"maxConsecutiveShifts":5,"minConsecutiveDaysOff":2,"maxWeekends":2,"daysOff":[3,7],"onRequests":[{"day":10,"shift":"L","weight":3},{"day":11,"shift":"L","weight":3},{"day":19,"shift":"d1","weight":2},{"day":20,"shift":"d1","weight":2},{"day":21,"shift":"d1","weight":2},{"day":22,"shift":"d1","weight":2},{"day":23,"shift":"d1","weight":2}],"offRequests":null},{"id":"B","maxShifts":[28,0,9,28,0],"minTotalMinutes":7560,"maxTotalMinutes":8640,"minConsecutiveShifts":2,"maxConsecutiveShifts":5,"minConsecutiveDaysOff":2,"maxWeekends":2,"daysOff":[14,15],"onRequests":[{"day":12,"shift":"E","weight":3}],"offRequests":[{"day":1,"shift":"d2","weight":3},{"day":2,"shift":"d2","weight":3},{"day":3,"shift":"d2","weight":3},{"day":4,"shift":"d2","weight":3},{"day":5,"shift":"d2","weight":3}]},{"id":"C","maxShifts":[28,28,0,28,0],"minTotalMinutes":7560,"maxTotalMinutes":8640,"minConsecutiveShifts":2,"maxConsecutiveShifts":5,"minConsecutiveDaysOff":2,"maxWeekends":2,"daysOff":[23,24],"onRequests":[{"day":3,"shift":"L","weight":2},{"day":4,"shift":"L","weight":2},{"day":5,"shift":"L","weight":2},{"day":6,"shift":"L","weight":2},{"day":7,"shift":"L","weight":2},{"day":12,"shift":"E","weight":1},{"day":13,"shift":"E","weight":1},{"day":14,"shift":"E","weight":1},{"day":15,"shift":"E","weight":1}],"offRequests":null},{"id":"D","maxShifts":[0,28,9,28,5],"minTotalMinutes":7560,"maxTotalMinutes":8640,"minConsecutiveShifts":2,"maxConsecutiveShifts":5,"minConsecutiveDaysOff":2,"maxWeekends":2,"daysOff":[11,12],"onRequests":[{"day":3,"shift":"N","weight":2},{"day":4,"shift":"N","weight":2},{"day":5,"shift":"N","weight":2},{"day":6,"shift":"N","weight":2},{"day":13,"shift":"d2","weight":3},{"day":18,"shift":"L","weight":2},{"day":26,"shift":"d1","weight":1}],"offRequests":null},{"id":"E","maxShifts":[28,0,0,28,5],"minTotalMinutes":7560,"maxTotalMinutes":8640,"minConsecutiveShifts":2,"maxConsecutiveShifts":5,"minConsecutiveDaysOff":2,"maxWeekends":2,"daysOff":[12,13],"onRequests":[{"day":8,"shift":"L","weight":1},{"day":9,"shift":"L","weight":1},{"day":10,"shift":"L","weight":1},{"day":11,"shift":"L","weight":1}],"offRequests":[{"day":1,"shift":"L","weight":2},{"day":2,"shift":"L","weight":2},{"day":16,"shift":"L","weight":1},{"day":17,"shift":"L","weight":1},{"day":18,"shift":"L","weight":1}]},{"id":"F","maxShifts":[0,28,0,28,5],"minTotalMinutes":7560,"maxTotalMinutes":8640,"minConsecutiveShifts":2,"maxConsecutiveShifts":5,"minConsecutiveDaysOff":2,"maxWeekends":2,"daysOff":[2,3],"onRequests":[{"day":4,"shift":"N","weight":2},{"day":5,"shift":"N","weight":2},{"day":6,"shift":"N","weight":2},{"day":12,"shift":"d1","weight":3},{"day":13,"shift":"d1","weight":3},{"day":14,"shift":"d1","weight":3},{"day":15,"shift":"d1","weight":3},{"day":16,"shift":"d1","weight":3}],"offRequests":null},{"id":"G","maxShifts":[28,0,9,28,5],"minTotalMinutes":7560,"maxTotalMinutes":8640,"minConsecutiveShifts":2,"maxConsecutiveShifts":5,"minConsecutiveDaysOff":2,"maxWeekends":2,"daysOff":[1,11],"onRequests":[{"day":3,"shift":"d2","weight":1},{"day":4,"shift":"d2","weight":1},{"day":5,"shift":"d2","weight":1}],"offRequests":[{"day":21,"shift":"E","weight":2},{"day":22,"shift":"E","weight":2},{"day":23,"shift":"E","weight":2},{"day":24,"shift":"E","weight":2},{"day":25,"shift":"E","weight":2}]},{"id":"H","maxShifts":[0,28,9,0,0],"minTotalMinutes":7560,"maxTotalMinutes":8640,"minConsecutiveShifts":2,"maxConsecutiveShifts":5,"minConsecutiveDaysOff":2,"maxWeekends":2,"daysOff":[10,11],"onRequests":[{"day":3,"shift":"d1","weight":1},{"day":13,"shift":"d1","weight":2}],"offRequests":null},{"id":"I","maxShifts":[28,28,0,0,5],"minTotalMinutes":7560,"maxTotalMinutes":8640,"minConsecutiveShifts":2,"maxConsecutiveShifts":5,"minConsecutiveDaysOff":2,"maxWeekends":2,"daysOff":[7,22],"onRequests":null,"offRequests":[{"day":25,"shift":"E","weight":1},{"day":26,"shift":"E","weight":1}]},{"id":"J","maxShifts":[0,28,0,28,5],"minTotalMinutes":7560,"maxTotalMinutes":8640,"minConsecutiveShifts":2,"maxConsecutiveShifts":5,"minConsecutiveDaysOff":2,"maxWeekends":2,"daysOff":[22,27],"onRequests":[{"day":2,"shift":"N","weight":1},{"day":3,"shift":"N","weight":1},{"day":4,"shift":"N","weight":1},{"day":5,"shift":"N","weight":1},{"day":6,"shift":"N","weight":1},{"day":10,"shift":"d1","weight":2},{"day":14,"shift":"N","weight":2},{"day":15,"shift":"N","weight":2},{"day":16,"shift":"N","weight":2},{"day":25,"shift":"N","weight":1},{"day":26,"shift":"N","weight":1}],"offRequests":null},{"id":"K","maxShifts":[0,28,0,0,5],"minTotalMinutes":7560,"maxTotalMinutes":8640,"minConsecutiveShifts":2,"maxConsecutiveShifts":5,"minConsecutiveDaysOff":2,"maxWeekends":2,"daysOff":[3,21],"onRequests":[{"day":16,"shift":"N","weight":3},{"day":17,"shift":"N","weight":3},{"day":18,"shift":"N","weight":3},{"day":19,"shift":"N","weight":3},{"day":20,"shift":"N","weight":3}],"offRequests":null},{"id":"L","maxShifts":[28,28,9,28,5],"minTotalMinutes":7560,"maxTotalMinutes":8640,"minConsecutiveShifts":2,"maxConsecutiveShifts":5,"minConsecutiveDaysOff":2,"maxWeekends":2,"daysOff":[7,8],"onRequests":[{"day":11,"shift":"E","weight":1},{"day":12,"shift":"E","weight":1},{"day":19,"shift":"d2","weight":3},{"day":20,"shift":"d2","weight":3},{"day":21,"shift":"d2","weight":3},{"day":22,"shift":"d2","weight":3},{"day":23,"shift":"d2","weight":3}],"offRequests":[{"day":3,"shift":"d1","weight":2},{"day":4,"shift":"d1","weight":2},{"day":5,"shift":"d1","weight":2},{"day":6,"shift":"d1","weight":2}]},{"id":"M","maxShifts":[28,28,0,28,0],"minTotalMinutes":7560,"maxTotalMinutes":8640,"minConsecutiveShifts":2,"maxConsecutiveShifts":5,"minConsecutiveDaysOff":2,"maxWeekends":2,"daysOff":[3,4],"onRequests":[{"day":11,"shift":"L","weight":1},{"day":12,"shift":"L","weight":1},{"day":13,"shift":"L","weight":1},{"day":14,"shift":"L","weight":1},{"day":19,"shift":"E","weight":2},{"day":20,"shift":"E","weight":2},{"day":21,"shift":"E","weight":2},{"day":22,"shift":"E","weight":2}],"offRequests":null},{"id":"N","maxShifts":[0,0,0,28,0],"minTotalMinutes":7560,"maxTotalMinutes":8640,"minConsecutiveShifts":2,"maxConsecutiveShifts":5,"minConsecutiveDaysOff":2,"maxWeekends":2,"daysOff":[22,23],"onRequests":[{"day":3,"shift":"L","weight":2},{"day":4,"shift":"L","weight":2},{"day":5,"shift":"L","weight":2},{"day":15,"shift":"L","weight":3}],"offRequests":null},{"id":"O","maxShifts":[28,0,9,28,0],"minTotalMinutes":7560,"maxTotalMinutes":8640,"minConsecutiveShifts":2,"maxConsecutiveShifts":5,"minConsecutiveDaysOff":2,"maxWeekends":2,"daysOff":[5,8],"onRequests":[{"day":0,"shift":"L","weight":2},{"day":1,"shift":"L","weight":2},{"day":2,"shift":"L","weight":2},{"day":3,"shift":"L","weight":2},{"day":4,"shift":"L","weight":2},{"day":22,"shift":"d2","weight":1},{"day":23,"shift":"d2","weight":1}],"offRequests":[{"day":10,"shift":"L","weight":3},{"day":11,"shift":"L","weight":3},{"day":12,"shift":"L","weight":3},{"day":13,"shift":"L","weight":3},{"day":14,"shift":"L","weight":3}]},{"id":"P","maxShifts":[28,28,9,28,5],"minTotalMinutes":7560,"maxTotalMinutes":8640,"minConsecutiveShifts":2,"maxConsecutiveShifts":5,"minConsecutiveDaysOff":2,"maxWeekends":2,"daysOff":[1,2],"onRequests":[{"day":3,"shift":"L","weight":1},{"day":4,"shift":"L","weight":1},{"day":5,"shift":"L","weight":1},{"day":19,"shift":"d1","weight":1},{"day":20,"shift":"d1","weight":1},{"day":21,"shift":"d1","weight":1},{"day":26,"shift":"E","weight":2},{"day":27,"shift":"E","weight":2}],"offRequests":null},{"id":"Q","maxShifts":[28,28,9,28,0],"minTotalMinutes":7560,"maxTotalMinutes":8640,"minConsecutiveShifts":2,"maxConsecutiveShifts":5,"minConsecutiveDaysOff":2,"maxWeekends":2,"daysOff":[21,24],"onRequests":[{"day":2,"shift":"E","weight":1},{"day":3,"shift":"E","weight":1},{"day":4,"shift":"E","weight":1},{"day":5,"shift":"E","weight":1},{"day":13,"shift":"L","weight":2},{"day":14,"shift":"L","weight":2},{"day":15,"shift":"L","weight":2}],"offRequests":null},{"id":"R","maxShifts":[28,28,9,0,5],"minTotalMinutes":7560,"maxTotalMinutes":8640,"minConsecutiveShifts":2,"maxConsecutiveShifts":5,"minConsecutiveDaysOff":2,"maxWeekends":2,"daysOff":[4,5],"onRequests":[{"day":0,"shift":"d1","weight":2},{"day":7,"shift":"E","weight":3},{"day":8,"shift":"E","weight":3},{"day":12,"shift":"d1","weight":2},{"day":18,"shift":"E","weight":3},{"day":19,"shift":"E","weight":3},{"day":20,"shift":"E","weight":3},{"day":26,"shift":"d1","weight":1}],"offRequests":null},{"id":"S","maxShifts":[28,28,9,28,5],"minTotalMinutes":7560,"maxTotalMinutes":8640,"minConsecutiveShifts":2,"maxConsecutiveShifts":5,"minConsecutiveDaysOff":2,"maxWeekends":2,"daysOff":[3,11],"onRequests":[{"day":5,"shift":"L","weight":1},{"day":6,"shift":"L","weight":1},{"day":7,"shift":"L","weight":1},{"day":8,"shift":"L","weight":1},{"day":13,"shift":"d1","weight":1},{"day":14,"shift":"d1","weight":1},{"day":15,"shift":"d1","weight":1},{"day":16,"shift":"d1","weight":1}],"offRequests":[{"day":20,"shift":"N","weight":2},{"day":21,"shift":"N","weight":2},{"day":22,"shift":"N","weight":2},{"day":23,"shift":"N","weight":2}]},{"id":"T","maxShifts":[0,0,9,28,0],"minTotalMinutes":7560,"maxTotalMinutes":8640,"minConsecutiveShifts":2,"maxConsecutiveShifts":5,"minConsecutiveDaysOff":2,"maxWeekends":2,"daysOff":[8,9],"onRequests":[{"day":6,"shift":"d2","weight":2},{"day":13,"shift":"L","weight":1},{"day":14,"shift":"L","weight":1}],"offRequests":null},{"id":"U","maxShifts":[28,0,9,28,0],"minTotalMinutes":7560,"maxTotalMinutes":8640,"minConsecutiveShifts":2,"maxConsecutiveShifts":5,"minConsecutiveDaysOff":2,"maxWeekends":2,"daysOff":[2,14],"onRequests":[{"day":8,"shift":"L","weight":3},{"day":9,"shift":"L","weight":3},{"day":10,"shift":"L","weight":3},{"day":11,"shift":"L","weight":3},{"day":12,"shift":"L","weight":3}],"offRequests":[{"day":19,"shift":"L","weight":3},{"day":20,"shift":"L","weight":3},{"day":21,"shift":"L","weight":3},{"day":22,"shift":"L","weight":3}]},{"id":"V","maxShifts":[28,28,9,28,5],"minTotalMinutes":7560,"maxTotalMinutes":8640,"minConsecutiveShifts":2,"maxConsecutiveShifts":5,"minConsecutiveDaysOff":2,"maxWeekends":2,"daysOff":[12,19],"onRequests":[{"day":3,"shift":"L","weight":3},{"day":4,"shift":"L","weight":3},{"day":5,"shift":"L","weight":3},{"day":6,"shift":"L","weight":3},{"day":7,"shift":"L","weight":3}],"offRequests":null},{"id":"W","maxShifts":[28,28,9,0,5],"minTotalMinutes":7560,"maxTotalMinutes":8640,"minConsecutiveShifts":2,"maxConsecutiveShifts":5,"minConsecutiveDaysOff":2,"maxWeekends":2,"daysOff":[11,26],"onRequests":[{"day":3,"shift":"N","weight":3},{"day":4,"shift":"N","weight":3},{"day":5,"shift":"N","weight":3},{"day":6,"shift":"N","weight":3}],"offRequests":null},{"id":"X","maxShifts":[28,28,0,0,0],"minTotalMinutes":7560,"maxTotalMinutes":8640,"minConsecutiveShifts":2,"maxConsecutiveShifts":5,"minConsecutiveDaysOff":2,"maxWeekends":2,"daysOff":[23,27],"onRequests":[{"day":2,"shift":"d1","weight":2},{"day":6,"shift":"E","weight":2},{"day":7,"shift":"E","weight":2},{"day":8,"shift":"E","weight":2},{"day":9,"shift":"E","weight":2},{"day":10,"shift":"E","weight":2},{"day":15,"shift":"E","weight":2},{"day":16,"shift":"E","weight":2},{"day":17,"shift":"E","weight":2},{"day":18,"shift":"E","weight":2}],"offRequests":null},{"id":"Y","maxShifts":[28,28,9,28,0],"minTotalMinutes":7560,"maxTotalMinutes":8640,"minConsecutiveShifts":2,"maxConsecutiveShifts":5,"minConsecutiveDaysOff":2,"maxWeekends":2,"daysOff":[16,22],"onRequests":null,"offRequests":[{"day":9,"shift":"d2","weight":3},{"day":10,"shift":"d2","weight":3},{"day":11,"shift":"d2","weight":3},{"day":12,"shift":"d2","weight":3},{"day":13,"shift":"d2","weight":3}]},{"id":"Z","maxShifts":[28,28,9,28,5],"minTotalMinutes":7560,"maxTotalMinutes":8640,"minConsecutiveShifts":2,"maxConsecutiveShifts":5,"minConsecutiveDaysOff":2,"maxWeekends":2,"daysOff":[1,12],"onRequests":[{"day":14,"shift":"E","weight":2},{"day":15,"shift":"E","weight":2},{"day":16,"shift":"E","weight":2},{"day":17,"shift":"E","weight":2}],"offRequests":[{"day":2,"shift":"N","weight":2},{"day":3,"shift":"N","weight":2},{"day":4,"shift":"N","weight":2},{"day":5,"shift":"N","weight":2},{"day":6,"shift":"N","weight":2},{"day":21,"shift":"d1","weight":3}]},{"id":"AA","maxShifts":[0,28,0,28,0],"minTotalMinutes":7560,"maxTotalMinutes":8640,"minConsecutiveShifts":2,"maxConsecutiveShifts":5,"minConsecutiveDaysOff":2,"maxWeekends":2,"daysOff":[20,21],"onRequests":[{"day":1,"shift":"d1","weight":1},{"day":9,"shift":"d1","weight":3},{"day":10,"shift":"d1","weight":3},{"day":11,"shift":"d1","weight":3},{"day":12,"shift":"d1","weight":3}],"offRequests":null},{"id":"AB","maxShifts":[28,28,9,0,5],"minTotalMinutes":7560,"maxTotalMinutes":8640,"minConsecutiveShifts":2,"maxConsecutiveShifts":5,"minConsecutiveDaysOff":2,"maxWeekends":2,"daysOff":[25,26],"onRequests":[{"day":16,"shift":"d2","weight":1},{"day":17,"shift":"d2","weight":1},{"day":18,"shift":"d2","weight":1},{"day":19,"shift":"d2","weight":1}],"offRequests":[{"day":3,"shift":"d1","weight":1},{"day":4,"shift":"d1","weight":1},{"day":5,"shift":"d1","weight":1}]},{"id":"AC","maxShifts":[28,28,0,28,5],"minTotalMinutes":7560,"maxTotalMinutes":8640,"minConsecutiveShifts":2,"maxConsecutiveShifts":5,"minConsecutiveDaysOff":2,"maxWeekends":2,"daysOff":[13,27],"onRequests":null,"offRequests":[{"day":0,"shift":"E","weight":2},{"day":6,"shift":"L","weight":2},{"day":7,"shift":"L","weight":2},{"day":8,"shift":"L","weight":2}]},{"id":"AD","maxShifts":[28,0,9,28,0],"minTotalMinutes":7560,"maxTotalMinutes":8640,"minConsecutiveShifts":2,"maxConsecutiveShifts":5,"minConsecutiveDaysOff":2,"maxWeekends":2,"daysOff":[0,23],"onRequests":[{"day":19,"shift":"E","weight":2},{"day":20,"shift":"E","weight":2},{"day":21,"shift":"E","weight":2},{"day":22,"shift":"E","weight":2}],"offRequests":[{"day":2,"shift":"L","weight":3},{"day":3,"shift":"L","weight":3},{"day":4,"shift":"L","weight":3},{"day":5,"shift":"L","weight":3}]},{"id":"AE","maxShifts":[0,28,8,28,0],"minTotalMinutes":7080,"maxTotalMinutes":8160,"minConsecutiveShifts":2,"maxConsecutiveShifts":5,"minConsecutiveDaysOff":2,"maxWeekends":2,"daysOff":[14,15],"onRequests":[{"day":2,"shift":"d1","weight":1},{"day":16,"shift":"L","weight":1},{"day":17,"shift":"L","weight":1},{"day":18,"shift":"L","weight":1},{"day":23,"shift":"d2","weight":1},{"day":24,"shift":"d2","weight":1},{"day":25,"shift":"d2","weight":1},{"day":26,"shift":"d2","weight":1},{"day":27,"shift":"d2","weight":1}],"offRequests":null},{"id":"AF","maxShifts":[28,0,8,28,0],"minTotalMinutes":7080,"maxTotalMinutes":8160,"minConsecutiveShifts":2,"maxConsecutiveShifts":5,"minConsecutiveDaysOff":2,"maxWeekends":2,"daysOff":[6,7],"onRequests":[{"day":2,"shift":"E","weight":1},{"day":3,"shift":"E","weight":1},{"day":18,"shift":"d2","weight":2},{"day":19,"shift":"d2","weight":2},{"day":20,"shift":"d2","weight":2},{"day":21,"shift":"d2","weight":2}],"offRequests":[{"day":11,"shift":"E","weight":3},{"day":12,"shift":"E","weight":3},{"day":13,"shift":"E","weight":3},{"day":14,"shift":"E","weight":3}]},{"id":"AG","maxShifts":[28,0,0,0,0],"minTotalMinutes":7080,"maxTotalMinutes":8160,"minConsecutiveShifts":2,"maxConsecutiveShifts":5,"minConsecutiveDaysOff":2,"maxWeekends":2,"daysOff":[5,8],"onRequests":[{"day":0,"shift":"E","weight":1},{"day":1,"shift":"E","weight":1},{"day":2,"shift":"E","weight":1},{"day":3,"shift":"E","weight":1},{"day":4,"shift":"E","weight":1},{"day":10,"shift":"E","weight":1},{"day":11,"shift":"E","weight":1},{"day":12,"shift":"E","weight":1},{"day":18,"shift":"E","weight":3},{"day":19,"shift":"E","weight":3},{"day":20,"shift":"E","weight":3},{"day":24,"shift":"E","weight":1}],"offRequests":null},{"id":"AH","maxShifts":[28,0,8,28,0],"minTotalMinutes":7080,"maxTotalMinutes":8160,"minConsecutiveShifts":2,"maxConsecutiveShifts":5,"minConsecutiveDaysOff":2,"maxWeekends":2,"daysOff":[8,9],"onRequests":[{"day":18,"shift":"E","weight":3},{"day":19,"shift":"E","weight":3},{"day":20,"shift":"E","weight":3}],"offRequests":[{"day":0,"shift":"d2","weight":1},{"day":1,"shift":"d2","weight":1},{"day":2,"shift":"d2","weight":1},{"day":10,"shift":"E","weight":3},{"day":11,"shift":"E","weight":3}]},{"id":"AI","maxShifts":[28,28,0,28,5],"minTotalMinutes":7080,"maxTotalMinutes":8160,"minConsecutiveShifts":2,"maxConsecutiveShifts":5,"minConsecutiveDaysOff":2,"maxWeekends":2,"daysOff":[26,27],"onRequests":[{"day":16,"shift":"L","weight":2},{"day":17,"shift":"L","weight":2},{"day":18,"shift":"L","weight":2},{"day":19,"shift":"L","weight":2},{"day":20,"shift":"L","weight":2}],"offRequests":[{"day":10,"shift":"E","weight":1}]},{"id":"AJ","maxShifts":[28,28,8,28,5],"minTotalMinutes":7080,"maxTotalMinutes":8160,"minConsecutiveShifts":2,"maxConsecutiveShifts":5,"minConsecutiveDaysOff":2,"maxWeekends":2,"daysOff":[14,15],"onRequests":[{"day":21,"shift":"N","weight":3}],"offRequests":null},{"id":"AK","maxShifts":[28,28,8,28,0],"minTotalMinutes":7080,"maxTotalMinutes":8160,"minConsecutiveShifts":2,"maxConsecutiveShifts":5,"minConsecutiveDaysOff":2,"maxWeekends":2,"daysOff":[2,18],"onRequests":null,"offRequests":[{"day":10,"shift":"d2","weight":1},{"day":11,"shift":"d2","weight":1},{"day":12,"shift":"d2","weight":1},{"day":13,"shift":"d2","weight":1}]},{"id":"AL","maxShifts":[0,28,8,28,5],"minTotalMinutes":7080,"maxTotalMinutes":8160,"minConsecutiveShifts":2,"maxConsecutiveShifts":5,"minConsecutiveDaysOff":2,"maxWeekends":2,"daysOff":[3,23],"onRequests":[{"day":10,"shift":"d1","weight":2},{"day":11,"shift":"d1","weight":2},{"day":12,"shift":"d1","weight":2},{"day":13,"shift":"d1","weight":2}],"offRequests":[{"day":5,"shift":"N","weight":2},{"day":6,"shift":"N","weight":2},{"day":17,"shift":"N","weight":1},{"day":18,"shift":"N","weight":1}]},{"id":"AM","maxShifts":[28,0,0,0,5],"minTotalMinutes":7080,"maxTotalMinutes":8160,"minConsecutiveShifts":2,"maxConsecutiveShifts":5,"minConsecutiveDaysOff":2,"maxWeekends":2,"daysOff":[0,9],"onRequests":[{"day":2,"shift":"E","weight":3},{"day":3,"shift":"E","weight":3},{"day":15,"shift":"E","weight":3},{"day":16,"shift":"E","weight":3},{"day":17,"shift":"E","weight":3}],"offRequests":null},{"id":"AN","maxShifts":[28,28,8,28,5],"minTotalMinutes":7080,"maxTotalMinutes":8160,"minConsecutiveShifts":2,"maxConsecutiveShifts":5,"minConsecutiveDaysOff":2,"maxWeekends":2,"daysOff":[7,19],"onRequests":[{"day":11,"shift":"L","weight":3},{"day":12,"shift":"L","weight":3},{"day":13,"shift":"L","weight":3},{"day":21,"shift":"E","weight":2},{"day":22,"shift":"E","weight":2},{"day":23,"shift":"E","weight":2},{"day":24,"shift":"E","weight":2}],"offRequests":null}],"covers":[[{"requirement":7,"weightIfUnder":100,"weightIfOver":1},{"requirement":3,"weightIfUnder":100,"weightIfOver":1},{"requirement":6,"weightIfUnder":100,"weightIfOver":1},{"requirement":7,"weightIfUnder":100,"weightIfOver":1},{"requirement":1,"weightIfUnder":100,"weightIfOver":1}],[{"requirement":5,"weightIfUnder":100,"weightIfOver":1},{"requirement":5,"weightIfUnder":100,"weightIfOver":1},{"requirement":6,"weightIfUnder":100,"weightIfOver":1},{"requirement":6,"weightIfUnder":100,"weightIfOver":1},{"requirement":2,"weightIfUnder":100,"weightIfOver":1}],[{"requirement":6,"weightIfUnder":100,"weightIfOver":1},{"requirement":5,"weightIfUnder":100,"weightIfOver":1},{"requirement":5,"weightIfUnder":100,"weightIfOver":1},{"requirement":6,"weightIfUnder":100,"weightIfOver":1},{"requirement":2,"weightIfUnder":100,"weightIfOver":1}],[{"requirement":6,"weightIfUnder":100,"weightIfOver":1},{"requirement":4,"weightIfUnder":100,"weightIfOver":1},{"requirement":3,"weightIfUnder":100,"weightIfOver":1},{"requirement":7,"weightIfUnder":100,"weightIfOver":1},{"requirement":2,"weightIfUnder":100,"weightIfOver":1}],[{"requirement":6,"weightIfUnder":100,"weightIfOver":1},{"requirement":5,"weightIfUnder":100,"weightIfOver":1},{"requirement":4,"weightIfUnder":100,"weightIfOver":1},{"requirement":6,"weightIfUnder":100,"weightIfOver":1},{"requirement":1,"weightIfUnder":100,"weightIfOver":1}],[{"requirement":7,"weightIfUnder":100,"weightIfOver":1},{"requirement":5,"weightIfUnder":100,"weightIfOver":1},{"requirement":4,"weightIfUnder":100,"weightIfOver":1},{"requirement":6,"weightIfUnder":100,"weightIfOver":1},{"requirement":3,"weightIfUnder":100,"weightIfOver":1}],[{"requirement":6,"weightIfUnder":100,"weightIfOver":1},{"requirement":6,"weightIfUnder":100,"weightIfOver":1},{"requirement":7,"weightIfUnder":100,"weightIfOver":1},{"requirement":5,"weightIfUnder":100,"weightIfOver":1},{"requirement":3,"weightIfUnder":100,"weightIfOver":1}],[{"requirement":6,"weightIfUnder":100,"weightIfOver":1},{"requirement":5,"weightIfUnder":100,"weightIfOver":1},{"requirement":5,"weightIfUnder":100,"weightIfOver":1},{"requirement":6,"weightIfUnder":100,"weightIfOver":1},{"requirement":2,"weightIfUnder":100,"weightIfOver":1}],[{"requirement":8,"weightIfUnder":100,"weightIfOver":1},{"requirement":5,"weightIfUnder":100,"weightIfOver":1},{"requirement":5,"weightIfUnder":100,"weightIfOver":1},{"requirement":5,"weightIfUnder":100,"weightIfOver":1},{"requirement":4,"weightIfUnder":100,"weightIfOver":1}],[{"requirement":6,"weightIfUnder":100,"weightIfOver":1},{"requirement":5,"weightIfUnder":100,"weightIfOver":1},{"requirement":3,"weightIfUnder":100,"weightIfOver":1},{"requirement":5,"weightIfUnder":100,"weightIfOver":1},{"requirement":1,"weightIfUnder":100,"weightIfOver":1}],[{"requirement":5,"weightIfUnder":100,"weightIfOver":1},{"requirement":5,"weightIfUnder":100,"weightIfOver":1},{"requirement":5,"weightIfUnder":100,"weightIfOver":1},{"requirement":6,"weightIfUnder":100,"weightIfOver":1},{"requirement":1,"weightIfUnder":100,"weightIfOver":1}],[{"requirement":7,"weightIfUnder":100,"weightIfOver":1},{"requirement":5,"weightIfUnder":100,"weightIfOver":1},{"requirement":5,"weightIfUnder":100,"weightIfOver":1},{"requirement":6,"weightIfUnder":100,"weightIfOver":1},{"requirement":1,"weightIfUnder":100,"weightIfOver":1}],[{"requirement":5,"weightIfUnder":100,"weightIfOver":1},{"requirement":5,"weightIfUnder":100,"weightIfOver":1},{"requirement":5,"weightIfUnder":100,"weightIfOver":1},{"requirement":7,"weightIfUnder":100,"weightIfOver":1},{"requirement":3,"weightIfUnder":100,"weightIfOver":1}],[{"requirement":7,"weightIfUnder":100,"weightIfOver":1},{"requirement":5,"weightIfUnder":100,"weightIfOver":1},{"requirement":7,"weightIfUnder":100,"weightIfOver":1},{"requirement":8,"weightIfUnder":100,"weightIfOver":1},{"requirement":1,"weightIfUnder":100,"weightIfOver":1}],[{"requirement":8,"weightIfUnder":100,"weightIfOver":1},{"requirement":6,"weightIfUnder":100,"weightIfOver":1},{"requirement":5,"weightIfUnder":100,"weightIfOver":1},{"requirement":7,"weightIfUnder":100,"weightIfOver":1},{"requirement":2,"weightIfUnder":100,"weightIfOver":1}],[{"requirement":7,"weightIfUnder":100,"weightIfOver":1},{"requirement":5,"weightIfUnder":100,"weightIfOver":1},{"requirement":5,"weightIfUnder":100,"weightIfOver":1},{"requirement":6,"weightIfUnder":100,"weightIfOver":1},{"requirement":1,"weightIfUnder":100,"weightIfOver":1}],[{"requirement":9,"weightIfUnder":100,"weightIfOver":1},{"requirement":4,"weightIfUnder":100,"weightIfOver":1},{"requirement":5,"weightIfUnder":100,"weightIfOver":1},{"requirement":7,"weightIfUnder":100,"weightIfOver":1},{"requirement":3,"weightIfUnder":100,"weightIfOver":1}],[{"requirement":6,"weightIfUnder":100,"weightIfOver":1},{"requirement":5,"weightIfUnder":100,"weightIfOver":1},{"requirement":5,"weightIfUnder":100,"weightIfOver":1},{"requirement":6,"weightIfUnder":100,"weightIfOver":1},{"requirement":1,"weightIfUnder":100,"weightIfOver":1}],[{"requirement":7,"weightIfUnder":100,"weightIfOver":1},{"requirement":6,"weightIfUnder":100,"weightIfOver":1},{"requirement":5,"weightIfUnder":100,"weightIfOver":1},{"requirement":7,"weightIfUnder":100,"weightIfOver":1},{"requirement":2,"weightIfUnder":100,"weightIfOver":1}],[{"requirement":6,"weightIfUnder":100,"weightIfOver":1},{"requirement":5,"weightIfUnder":100,"weightIfOver":1},{"requirement":5,"weightIfUnder":100,"weightIfOver":1},{"requirement":5,"weightIfUnder":100,"weightIfOver":1},{"requirement":3,"weightIfUnder":100,"weightIfOver":1}],[{"requirement":7,"weightIfUnder":100,"weightIfOver":1},{"requirement":5,"weightIfUnder":100,"weightIfOver":1},{"requirement":6,"weightIfUnder":100,"weightIfOver":1},{"requirement":7,"weightIfUnder":100,"weightIfOver":1},{"requirement":2,"weightIfUnder":100,"weightIfOver":1}],[{"requirement":6,"weightIfUnder":100,"weightIfOver":1},{"requirement":5,"weightIfUnder":100,"weightIfOver":1},{"requirement":6,"weightIfUnder":100,"weightIfOver":1},{"requirement":7,"weightIfUnder":100,"weightIfOver":1},{"requirement":1,"weightIfUnder":100,"weightIfOver":1}],[{"requirement":6,"weightIfUnder":100,"weightIfOver":1},{"requirement":6,"weightIfUnder":100,"weightIfOver":1},{"requirement":6,"weightIfUnder":100,"weightIfOver":1},{"requirement":6,"weightIfUnder":100,"weightIfOver":1},{"requirement":3,"weightIfUnder":100,"weightIfOver":1}],[{"requirement":4,"weightIfUnder":100,"weightIfOver":1},{"requirement":5,"weightIfUnder":100,"weightIfOver":1},{"requirement":7,"weightIfUnder":100,"weightIfOver":1},{"requirement":6,"weightIfUnder":100,"weightIfOver":1},{"requirement":2,"weightIfUnder":100,"weightIfOver":1}],[{"requirement":8,"weightIfUnder":100,"weightIfOver":1},{"requirement":3,"weightIfUnder":100,"weightIfOver":1},{"requirement":3,"weightIfUnder":100,"weightIfOver":1},{"requirement":7,"weightIfUnder":100,"weightIfOver":1},{"requirement":1,"weightIfUnder":100,"weightIfOver":1}],[{"requirement":7,"weightIfUnder":100,"weightIfOver":1},{"requirement":5,"weightIfUnder":100,"weightIfOver":1},{"requirement":5,"weightIfUnder":100,"weightIfOver":1},{"requirement":7,"weightIfUnder":100,"weightIfOver":1},{"requirement":2,"weightIfUnder":100,"weightIfOver":1}],[{"requirement":7,"weightIfUnder":100,"weightIfOver":1},{"requirement":6,"weightIfUnder":100,"weightIfOver":1},{"requirement":4,"weightIfUnder":100,"weightIfOver":1},{"requirement":7,"weightIfUnder":100,"weightIfOver":1},{"requirement":2,"weightIfUnder":100,"weightIfOver":1}],[{"requirement":7,"weightIfUnder":100,"weightIfOver":1},{"requirement":6,"weightIfUnder":100,"weightIfOver":1},{"requirement":4,"weightIfUnder":100,"weightIfOver":1},{"requirement":6,"weightIfUnder":100,"weightIfOver":1},{"requirement":1,"weightIfUnder":100,"weightIfOver":1}]]}