{"nDays":28,"shifts":[{"id":"a1","length":480,"forbiddenFollowingShifts":null},{"id":"a2","length":480,"forbiddenFollowingShifts":null},{"id":"a3","length":480,"forbiddenFollowingShifts":null},{"id":"d1","length":480,"forbiddenFollowingShifts":["a1","a2","a3"]},{"id":"d2","length":480,"forbiddenFollowingShifts":["a1","a2","a3"]},{"id":"d3","length":480,"forbiddenFollowingShifts":["a1","a2","a3"]},{"id":"p1","length":480,"forbiddenFollowingShifts":["a1","a2","a3","d1","d2","d3"]},{"id":"p2","length":480,"forbiddenFollowingShifts":["a1","a2","a3","d1","d2","d3"]},{"id":"p3","length":480,"forbiddenFollowingShifts":["a1","a2","a3","d1","d2","d3"]},{"id":"n1","length":480,"forbiddenFollowingShifts":["a1","a2","a3","d1","d2","d3","p1","p2","p3"]}],"staffs":[{"id":"A","maxShifts":[28,28,28,28,28,0,0,28,28,0],"minTotalMinutes":7560,"maxTotalMinutes":8640,"minConsecutiveShifts":2,"maxConsecutiveShifts":5,"minConsecutiveDaysOff":2,"maxWeekends":2,"daysOff":[7,24],"onRequests":[{"day":1,"shift":"a1","weight":1},{"day":2,"shift":"a1","weight":1},{"day":3,"shift":"a1","weight":1},{"day":4,"shift":"a1","weight":1},{"day":5,"shift":"a1","weight":1},{"day":18,"shift":"a3","weight":3}],"offRequests":[{"day":12,"shift":"a3","weight":2},{"day":13,"shift":"a3","weight":2},{"day":14,"shift":"a3","weight":2}]},{"id":"B","maxShifts":[28,28,0,28,0,28,28,28,0,0],"minTotalMinutes":7560,"maxTotalMinutes":8640,"minConsecutiveShifts":2,"maxConsecutiveShifts":5,"minConsecutiveDaysOff":2,"maxWeekends":2,"daysOff":[25,26],"onRequests":[{"day":10,"shift":"a2","weight":3},{"day":11,"shift":"a2","weight":3},{"day":12,"shift":"a2","weight":3},{"day":13,"shift":"a2","weight":3},{"day":14,"shift":"a2","weight":3}],"offRequests":null},{"id":"C","maxShifts":[0,0,28,0,28,28,28,28,0,0],"minTotalMinutes":7560,"maxTotalMinutes":8640,"minConsecutiveShifts":2,"maxConsecutiveShifts":5,"minConsecutiveDaysOff":2,"maxWeekends":2,"daysOff":[3,16],"onRequests":[{"day":5,"shift":"d2","weight":1},{"day":10,"shift":"p2","weight":1}],"offRequests":null},{"id":"D","maxShifts":[28,28,28,28,28,28,0,28,28,0],"minTotalMinutes":7560,"maxTotalMinutes":8640,"minConsecutiveShifts":2,"maxConsecutiveShifts":5,"minConsecutiveDaysOff":2,"maxWeekends":2,"daysOff":[11,12],"onRequests":[{"day":20,"shift":"p2","weight":1},{"day":21,"shift":"p2","weight":1},{"day":22,"shift":"p2","weight":1}],"offRequests":[{"day":0,"shift":"a2","weight":2},{"day":1,"shift":"a2","weight":2},{"day":2,"shift":"a2","weight":2},{"day":3,"shift":"a2","weight":2}]},{"id":"E","maxShifts":[28,0,28,28,28,28,28,28,28,4],"minTotalMinutes":7560,"maxTotalMinutes":8640,"minConsecutiveShifts":2,"maxConsecutiveShifts":5,"minConsecutiveDaysOff":2,"maxWeekends":2,"daysOff":[1,5],"onRequests":[{"day":15,"shift":"d3","weight":1},{"day":16,"shift":"d3","weight":1},{"day":17,"shift":"d3","weight":1},{"day":23,"shift":"a3","weight":2}],"offRequests":[{"day":7,"shift":"p3","weight":2},{"day":8,"shift":"p3","weight":2},{"day":9,"shift":"p3","weight":2},{"day":10,"shift":"p3","weight":2},{"day":11,"shift":"p3","weight":2}]},{"id":"F","maxShifts":[28,0,28,28,28,0,28,28,0,4],"minTotalMinutes":7560,"maxTotalMinutes":8640,"minConsecutiveShifts":2,"maxConsecutiveShifts":5,"minConsecutiveDaysOff":2,"maxWeekends":2,"daysOff":[10,17],"onRequests":[{"day":7,"shift":"p1","weight":3},{"day":8,"shift":"p1","weight":3},{"day":13,"shift":"a1","weight":3},{"day":14,"shift":"a1","weight":3},{"day":18,"shift":"d1","weight":1},{"day":24,"shift":"a3","weight":2}],"offRequests":null},{"id":"G","maxShifts":[28,0,28,28,28,28,28,28,0,0],"minTotalMinutes":7560,"maxTotalMinutes":8640,"minConsecutiveShifts":2,"maxConsecutiveShifts":5,"minConsecutiveDaysOff":2,"maxWeekends":2,"daysOff":[13,27],"onRequests":[{"day":5,"shift":"a3","weight":2},{"day":6,"shift":"a3","weight":2},{"day":7,"shift":"a3","weight":2},{"day":8,"shift":"a3","weight":2},{"day":9,"shift":"a3","weight":2},{"day":17,"shift":"d3","weight":1},{"day":18,"shift":"d3","weight":1}],"offRequests":null},{"id":"H","maxShifts":[28,28,28,28,0,0,28,28,28,0],"minTotalMinutes":7560,"maxTotalMinutes":8640,"minConsecutiveShifts":2,"maxConsecutiveShifts":5,"minConsecutiveDaysOff":2,"maxWeekends":2,"daysOff":[8,22],"onRequests":[{"day":0,"shift":"a3","weight":2},{"day":1,"shift":"a3","weight":2},{"day":2,"shift":"a3","weight":2},{"day":16,"shift":"p3","weight":3},{"day":17,"shift":"p3","weight":3},{"day":18,"shift":"p3","weight":3}],"offRequests":null},{"id":"I","maxShifts":[0,28,28,0,28,28,0,28,0,4],"minTotalMinutes":7560,"maxTotalMinutes":8640,"minConsecutiveShifts":2,"maxConsecutiveShifts":5,"minConsecutiveDaysOff":2,"maxWeekends":2,"daysOff":[0,23],"onRequests":[{"day":9,"shift":"p2","weight":2},{"day":10,"shift":"p2","weight":2},{"day":11,"shift":"p2","weight":2},{"day":12,"shift":"p2","weight":2},{"day":13,"shift":"p2","weight":2},{"day":24,"shift":"a3","weight":3},{"day":25,"shift":"a3","weight":3}],"offRequests":null},{"id":"J","maxShifts":[28,28,28,0,28,28,28,0,28,4],"minTotalMinutes":7560,"maxTotalMinutes":8640,"minConsecutiveShifts":2,"maxConsecutiveShifts":5,"minConsecutiveDaysOff":2,"maxWeekends":2,"daysOff":[10,13],"onRequests":[{"day":15,"shift":"a2","weight":1},{"day":16,"shift":"a2","weight":1},{"day":21,"shift":"n1","weight":1},{"day":22,"shift":"n1","weight":1},{"day":23,"shift":"n1","weight":1}],"offRequests":[{"day":1,"shift":"d2","weight":3},{"day":2,"shift":"d2","weight":3},{"day":3,"shift":"d2","weight":3}]},{"id":"K","maxShifts":[0,28,28,0,28,28,0,28,0,0],"minTotalMinutes":7560,"maxTotalMinutes":8640,"minConsecutiveShifts":2,"maxConsecutiveShifts":5,"minConsecutiveDaysOff":2,"maxWeekends":2,"daysOff":[0,13],"onRequests":[{"day":14,"shift":"d2","weight":3},{"day":19,"shift":"a3","weight":1}],"offRequests":[{"day":2,"shift":"a2","weight":1},{"day":3,"shift":"a2","weight":1}]},{"id":"L","maxShifts":[28,0,28,0,28,0,0,28,0,4],"minTotalMinutes":7560,"maxTotalMinutes":8640,"minConsecutiveShifts":2,"maxConsecutiveShifts":5,"minConsecutiveDaysOff":2,"maxWeekends":2,"daysOff":[24,25],"onRequests":[{"day":2,"shift":"d2","weight":1}],"offRequests":[{"day":26,"shift":"a1","weight":2},{"day":27,"shift":"a1","weight":2}]},{"id":"M","maxShifts":[0,28,28,0,28,28,28,28,0,0],"minTotalMinutes":7560,"maxTotalMinutes":8640,"minConsecutiveShifts":2,"maxConsecutiveShifts":5,"minConsecutiveDaysOff":2,"maxWeekends":2,"daysOff":[25,26],"onRequests":null,"offRequests":[{"day":2,"shift":"p2","weight":1},{"day":3,"shift":"p2","weight":1},{"day":4,"shift":"p2","weight":1},{"day":5,"shift":"p2","weight":1},{"day":6,"shift":"p2","weight":1}]},{"id":"N","maxShifts":[28,0,28,28,28,28,28,0,28,4],"minTotalMinutes":7560,"maxTotalMinutes":8640,"minConsecutiveShifts":2,"maxConsecutiveShifts":5,"minConsecutiveDaysOff":2,"maxWeekends":2,"daysOff":[12,27],"onRequests":[{"day":5,"shift":"a1","weight":2},{"day":6,"shift":"a1","weight":2},{"day":14,"shift":"d2","weight":3},{"day":19,"shift":"n1","weight":3}],"offRequests":null},{"id":"O","maxShifts":[28,28,0,0,28,0,0,28,28,4],"minTotalMinutes":7560,"maxTotalMinutes":8640,"minConsecutiveShifts":2,"maxConsecutiveShifts":5,"minConsecutiveDaysOff":2,"maxWeekends":2,"daysOff":[3,25],"onRequests":[{"day":5,"shift":"p3","weight":1},{"day":9,"shift":"p3","weight":3},{"day":10,"shift":"p3","weight":3},{"day":11,"shift":"p3","weight":3},{"day":12,"shift":"p3","weight":3},{"day":13,"shift":"p3","weight":3},{"day":17,"shift":"a2","weight":3},{"day":24,"shift":"n1","weight":2}],"offRequests":null},{"id":"P","maxShifts":[0,0,28,28,0,0,0,28,0,4],"minTotalMinutes":7560,"maxTotalMinutes":8640,"minConsecutiveShifts":2,"maxConsecutiveShifts":5,"minConsecutiveDaysOff":2,"maxWeekends":2,"daysOff":[7,8],"onRequests":[{"day":1,"shift":"a3","weight":2},{"day":2,"shift":"a3","weight":2},{"day":3,"shift":"a3","weight":2},{"day":9,"shift":"a3","weight":1},{"day":10,"shift":"a3","weight":1},{"day":11,"shift":"a3","weight":1},{"day":12,"shift":"a3","weight":1},{"day":13,"shift":"a3","weight":1},{"day":20,"shift":"d1","weight":2},{"day":21,"shift":"d1","weight":2},{"day":22,"shift":"d1","weight":2}],"offRequests":null},{"id":"Q","maxShifts":[0,0,28,0,28,0,28,0,28,0],"minTotalMinutes":7560,"maxTotalMinutes":8640,"minConsecutiveShifts":2,"maxConsecutiveShifts":5,"minConsecutiveDaysOff":2,"maxWeekends":2,"daysOff":[9,10],"onRequests":[{"day":0,"shift":"p3","weight":1},{"day":1,"shift":"p3","weight":1},{"day":2,"shift":"p3","weight":1},{"day":16,"shift":"d2","weight":1}],"offRequests":[{"day":20,"shift":"p3","weight":3},{"day":21,"shift":"p3","weight":3},{"day":22,"shift":"p3","weight":3},{"day":23,"shift":"p3","weight":3},{"day":24,"shift":"p3","weight":3}]},{"id":"R","maxShifts":[28,28,28,0,0,28,28,28,0,0],"minTotalMinutes":7560,"maxTotalMinutes":8640,"minConsecutiveShifts":2,"maxConsecutiveShifts":5,"minConsecutiveDaysOff":2,"maxWeekends":2,"daysOff":[16,17],"onRequests":null,"offRequests":null},{"id":"S","maxShifts":[28,0,28,0,28,0,28,28,28,4],"minTotalMinutes":7560,"maxTotalMinutes":8640,"minConsecutiveShifts":2,"maxConsecutiveShifts":5,"minConsecutiveDaysOff":2,"maxWeekends":2,"daysOff":[5,15],"onRequests":null,"offRequests":[{"day":7,"shift":"p1","weight":3},{"day":8,"shift":"p1","weight":3},{"day":9,"shift":"p1","weight":3},{"day":16,"shift":"p2","weight":1},{"day":17,"shift":"p2","weight":1},{"day":18,"shift":"p2","weight":1},{"day":19,"shift":"p2","weight":1},{"day":20,"shift":"p2","weight":1}]},{"id":"T","maxShifts":[28,28,28,0,28,28,28,28,28,4],"minTotalMinutes":7560,"maxTotalMinutes":8640,"minConsecutiveShifts":2,"maxConsecutiveShifts":5,"minConsecutiveDaysOff":2,"maxWeekends":2,"daysOff":[2,17],"onRequests":[{"day":3,"shift":"p3","weight":1},{"day":4,"shift":"p3","weight":1},{"day":5,"shift":"p3","weight":1},{"day":6,"shift":"p3","weight":1},{"day":7,"shift":"p3","weight":1},{"day":21,"shift":"p3","weight":2}],"offRequests":null},{"id":"U","maxShifts":[28,0,28,0,0,28,28,28,0,4],"minTotalMinutes":7560,"maxTotalMinutes":8640,"minConsecutiveShifts":2,"maxConsecutiveShifts":5,"minConsecutiveDaysOff":2,"maxWeekends":2,"daysOff":[22,23],"onRequests":[{"day":3,"shift":"a1","weight":2},{"day":4,"shift":"a1","weight":2},{"day":5,"shift":"a1","weight":2},{"day":11,"shift":"a3","weight":1},{"day":12,"shift":"a3","weight":1},{"day":13,"shift":"a3","weight":1},{"day":19,"shift":"n1","weight":1}],"offRequests":null},{"id":"V","maxShifts":[0,28,28,28,0,28,0,28,28,4],"minTotalMinutes":7560,"maxTotalMinutes":8640,"minConsecutiveShifts":2,"maxConsecutiveShifts":5,"minConsecutiveDaysOff":2,"maxWeekends":2,"daysOff":[23,24],"onRequests":[{"day":3,"shift":"p2","weight":3},{"day":4,"shift":"p2","weight":3},{"day":5,"shift":"p2","weight":3},{"day":10,"shift":"p3","weight":2},{"day":20,"shift":"p2","weight":1},{"day":21,"shift":"p2","weight":1},{"day":22,"shift":"p2","weight":1},{"day":26,"shift":"p3","weight":2}],"offRequests":null},{"id":"W","maxShifts":[28,0,28,0,28,0,28,0,28,0],"minTotalMinutes":7560,"maxTotalMinutes":8640,"minConsecutiveShifts":2,"maxConsecutiveShifts":5,"minConsecutiveDaysOff":2,"maxWeekends":2,"daysOff":[21,26],"onRequests":[{"day":7,"shift":"a3","weight":2},{"day":8,"shift":"a3","weight":2},{"day":14,"shift":"d2","weight":2},{"day":18,"shift":"p3","weight":2},{"day":19,"shift":"p3","weight":2}],"offRequests":[{"day":0,"shift":"p3","weight":2},{"day":1,"shift":"p3","weight":2},{"day":2,"shift":"p3","weight":2},{"day":3,"shift":"p3","weight":2}]},{"id":"X","maxShifts":[28,0,28,28,28,0,0,0,28,0],"minTotalMinutes":7560,"maxTotalMinutes":8640,"minConsecutiveShifts":2,"maxConsecutiveShifts":5,"minConsecutiveDaysOff":2,"maxWeekends":2,"daysOff":[10,22],"onRequests":[{"day":3,"shift":"a3","weight":1},{"day":11,"shift":"a1","weight":1},{"day":12,"shift":"a1","weight":1},{"day":13,"shift":"a1","weight":1},{"day":14,"shift":"a1","weight":1}],"offRequests":null},{"id":"Y","maxShifts":[28,0,28,0,0,28,0,28,28,4],"minTotalMinutes":7560,"maxTotalMinutes":8640,"minConsecutiveShifts":2,"maxConsecutiveShifts":5,"minConsecutiveDaysOff":2,"maxWeekends":2,"daysOff":[7,14],"onRequests":null,"offRequests":[{"day":3,"shift":"n1","weight":1},{"day":4,"shift":"n1","weight":1},{"day":5,"shift":"n1","weight":1},{"day":21,"shift":"a1","weight":3},{"day":22,"shift":"a1","weight":3},{"day":23,"shift":"a1","weight":3},{"day":24,"shift":"a1","weight":3}]},{"id":"Z","maxShifts":[28,0,28,28,28,28,28,0,28,4],"minTotalMinutes":7560,"maxTotalMinutes":8640,"minConsecutiveShifts":2,"maxConsecutiveShifts":5,"minConsecutiveDaysOff":2,"maxWeekends":2,"daysOff":[6,7],"onRequests":null,"offRequests":[{"day":8,"shift":"p1","weight":3},{"day":9,"shift":"p1","weight":3},{"day":16,"shift":"d2","weight":2},{"day":17,"shift":"d2","weight":2},{"day":18,"shift":"d2","weight":2},{"day":19,"shift":"d2","weight":2}]},{"id":"AA","maxShifts":[0,0,28,28,0,28,28,28,28,4],"minTotalMinutes":7560,"maxTotalMinutes":8640,"minConsecutiveShifts":2,"maxConsecutiveShifts":5,"minConsecutiveDaysOff":2,"maxWeekends":2,"daysOff":[19,20],"onRequests":[{"day":12,"shift":"d3","weight":1},{"day":13,"shift":"d3","weight":1},{"day":14,"shift":"d3","weight":1}],"offRequests":[{"day":1,"shift":"a3","weight":1},{"day":2,"shift":"a3","weight":1},{"day":3,"shift":"a3","weight":1},{"day":4,"shift":"a3","weight":1}]},{"id":"AB","maxShifts":[28,0,28,0,28,0,28,28,28,4],"minTotalMinutes":7560,"maxTotalMinutes":8640,"minConsecutiveShifts":2,"maxConsecutiveShifts":5,"minConsecutiveDaysOff":2,"maxWeekends":2,"daysOff":[10,15],"onRequests":[{"day":8,"shift":"n1","weight":1},{"day":23,"shift":"p1","weight":1},{"day":24,"shift":"p1","weight":1}],"offRequests":[{"day":1,"shift":"p1","weight":2},{"day":2,"shift":"p1","weight":2},{"day":17,"shift":"p2","weight":1},{"day":18,"shift":"p2","weight":1},{"day":19,"shift":"p2","weight":1}]},{"id":"AC","maxShifts":[0,0,28,28,28,28,28,28,0,0],"minTotalMinutes":7560,"maxTotalMinutes":8640,"minConsecutiveShifts":2,"maxConsecutiveShifts":5,"minConsecutiveDaysOff":2,"maxWeekends":2,"daysOff":[5,17],"onRequests":[{"day":0,"shift":"d2","weight":2},{"day":1,"shift":"d2","weight":2},{"day":7,"shift":"d2","weight":3},{"day":8,"shift":"d2","weight":3},{"day":9,"shift":"d2","weight":3},{"day":10,"shift":"d2","weight":3},{"day":18,"shift":"a3","weight":2},{"day":19,"shift":"a3","weight":2},{"day":20,"shift":"a3","weight":2},{"day":21,"shift":"a3","weight":2},{"day":25,"shift":"p1","weight":1},{"day":26,"shift":"p1","weight":1},{"day":27,"shift":"p1","weight":1}],"offRequests":null},{"id":"AD","maxShifts":[28,0,0,28,28,28,28,0,0,0],"minTotalMinutes":7560,"maxTotalMinutes":8640,"minConsecutiveShifts":2,"maxConsecutiveShifts":5,"minConsecutiveDaysOff":2,"maxWeekends":2,"daysOff":[5,20],"onRequests":[{"day":12,"shift":"d3","weight":3},{"day":13,"shift":"d3","weight":3},{"day":14,"shift":"d3","weight":3}],"offRequests":[{"day":2,"shift":"p1","weight":1},{"day":18,"shift":"d2","weight":1},{"day":19,"shift":"d2","weight":1},{"day":24,"shift":"d1","weight":2},{"day":25,"shift":"d1","weight":2},{"day":26,"shift":"d1","weight":2},{"day":27,"shift":"d1","weight":2}]},{"id":"AE","maxShifts":[0,28,0,28,28,28,28,0,28,4],"minTotalMinutes":7560,"maxTotalMinutes":8640,"minConsecutiveShifts":2,"maxConsecutiveShifts":5,"minConsecutiveDaysOff":2,"maxWeekends":2,"daysOff":[24,25],"onRequests":[{"day":3,"shift":"d2","weight":1},{"day":4,"shift":"d2","weight":1},{"day":5,"shift":"d2","weight":1},{"day":9,"shift":"p3","weight":2},{"day":17,"shift":"d3","weight":1},{"day":18,"shift":"d3","weight":1}],"offRequests":null},{"id":"AF","maxShifts":[28,28,28,28,0,0,28,28,0,4],"minTotalMinutes":7560,"maxTotalMinutes":8640,"minConsecutiveShifts":2,"maxConsecutiveShifts":5,"minConsecutiveDaysOff":2,"maxWeekends":2,"daysOff":[23,24],"onRequests":[{"day":3,"shift":"d1","weight":2},{"day":4,"shift":"d1","weight":2},{"day":5,"shift":"d1","weight":2},{"day":6,"shift":"d1","weight":2},{"day":7,"shift":"d1","weight":2},{"day":14,"shift":"p1","weight":3},{"day":20,"shift":"d1","weight":3},{"day":21,"shift":"d1","weight":3},{"day":22,"shift":"d1","weight":3}],"offRequests":null},{"id":"AG","maxShifts":[28,0,28,0,28,28,28,28,28,4],"minTotalMinutes":7560,"maxTotalMinutes":8640,"minConsecutiveShifts":2,"maxConsecutiveShifts":5,"minConsecutiveDaysOff":2,"maxWeekends":2,"daysOff":[9,21],"onRequests":[{"day":12,"shift":"a3","weight":3},{"day":13,"shift":"a3","weight":3},{"day":23,"shift":"d3","weight":1}],"offRequests":null},{"id":"AH","maxShifts":[0,28,28,28,28,0,28,28,28,4],"minTotalMinutes":7560,"maxTotalMinutes":8640,"minConsecutiveShifts":2,"maxConsecutiveShifts":5,"minConsecutiveDaysOff":2,"maxWeekends":2,"daysOff":[12,17],"onRequests":[{"day":1,"shift":"a3","weight":3},{"day":2,"shift":"a3","weight":3},{"day":14,"shift":"a3","weight":3},{"day":15,"shift":"a3","weight":3}],"offRequests":null},{"id":"AI","maxShifts":[28,28,28,0,0,28,28,28,28,0],"minTotalMinutes":7560,"maxTotalMinutes":8640,"minConsecutiveShifts":2,"maxConsecutiveShifts":5,"minConsecutiveDaysOff":2,"maxWeekends":2,"daysOff":[14,25],"onRequests":[{"day":8,"shift":"p2","weight":1},{"day":9,"shift":"p2","weight":1},{"day":10,"shift":"p2","weight":1},{"day":11,"shift":"p2","weight":1},{"day":17,"shift":"p2","weight":2},{"day":18,"shift":"p2","weight":2},{"day":19,"shift":"p2","weight":2},{"day":20,"shift":"p2","weight":2},{"day":21,"shift":"p2","weight":2}],"offRequests":null},{"id":"AJ","maxShifts":[0,28,28,28,28,28,28,28,28,4],"minTotalMinutes":7560,"maxTotalMinutes":8640,"minConsecutiveShifts":2,"maxConsecutiveShifts":5,"minConsecutiveDaysOff":2,"maxWeekends":2,"daysOff":[11,12],"onRequests":[{"day":18,"shift":"n1","weight":2},{"day":19,"shift":"n1","weight":2}],"offRequests":[{"day":8,"shift":"p1","weight":3}]},{"id":"AK","maxShifts":[28,28,28,28,28,0,28,28,28,0],"minTotalMinutes":7560,"maxTotalMinutes":8640,"minConsecutiveShifts":2,"maxConsecutiveShifts":5,"minConsecutiveDaysOff":2,"maxWeekends":2,"daysOff":[6,7],"onRequests":[{"day":12,"shift":"p3","weight":2},{"day":13,"shift":"p3","weight":2},{"day":14,"shift":"p3","weight":2},{"day":15,"shift":"p3","weight":2},{"day":24,"shift":"a2","weight":1},{"day":25,"shift":"a2","weight":1}],"offRequests":null},{"id":"AL","maxShifts":[28,28,28,28,28,28,28,28,0,0],"minTotalMinutes":7560,"maxTotalMinutes":8640,"minConsecutiveShifts":2,"maxConsecutiveShifts":5,"minConsecutiveDaysOff":2,"maxWeekends":2,"daysOff":[0,24],"onRequests":[{"day":2,"shift":"d1","weight":2},{"day":3,"shift":"d1","weight":2},{"day":16,"shift":"a3","weight":3},{"day":26,"shift":"a3","weight":1},{"day":27,"shift":"a3","weight":1}],"offRequests":[{"day":8,"shift":"a3","weight":3},{"day":9,"shift":"a3","weight":3},{"day":10,"shift":"a3","weight":3},{"day":11,"shift":"a3","weight":3},{"day":12,"shift":"a3","weight":3}]},{"id":"AM","maxShifts":[0,28,0,28,28,0,28,28,28,4],"minTotalMinutes":7560,"maxTotalMinutes":8640,"minConsecutiveShifts":2,"maxConsecutiveShifts":5,"minConsecutiveDaysOff":2,"maxWeekends":2,"daysOff":[9,16],"onRequests":[{"day":2,"shift":"a2","weight":2},{"day":3,"shift":"a2","weight":2},{"day":11,"shift":"p3","weight":2},{"day":12,"shift":"p3","weight":2},{"day":18,"shift":"p1","weight":1},{"day":19,"shift":"p1","weight":1},{"day":20,"shift":"p1","weight":1},{"day":21,"shift":"p1","weight":1},{"day":22,"shift":"p1","weight":1}],"offRequests":null},{"id":"AN","maxShifts":[0,28,28,28,0,0,28,28,28,4],"minTotalMinutes":7560,"maxTotalMinutes":8640,"minConsecutiveShifts":2,"maxConsecutiveShifts":5,"minConsecutiveDaysOff":2,"maxWeekends":2,"daysOff":[13,14],"onRequests":[{"day":8,"shift":"a3","weight":2},{"day":9,"shift":"a3","weight":2},{"day":10,"shift":"a3","weight":2},{"day":11,"shift":"a3","weight":2},{"day":16,"shift":"p1","weight":3},{"day":17,"shift":"p1","weight":3},{"day":18,"shift":"p1","weight":3}],"offRequests":[{"day":25,"shift":"d1","weight":3}]},{"id":"AO","maxShifts":[28,0,28,0,28,28,28,28,28,4],"minTotalMinutes":7560,"maxTotalMinutes":8640,"minConsecutiveShifts":2,"maxConsecutiveShifts":6,"minConsecutiveDaysOff":3,"maxWeekends":2,"daysOff":[0,9],"onRequests":[{"day":3,"shift":"n1","weight":3},{"day":4,"shift":"n1","weight":3},{"day":5,"shift":"n1","weight":3},{"day":6,"shift":"n1","weight":3},{"day":13,"shift":"a3","weight":2},{"day":22,"shift":"p1","weight":1},{"day":23,"shift":"p1","weight":1},{"day":24,"shift":"p1","weight":1},{"day":25,"shift":"p1","weight":1},{"day":26,"shift":"p1","weight":1}],"offRequests":null},{"id":"AP","maxShifts":[28,0,28,28,28,28,28,0,0,4],"minTotalMinutes":7560,"maxTotalMinutes":8640,"minConsecutiveShifts":2,"maxConsecutiveShifts":6,"minConsecutiveDaysOff":3,"maxWeekends":2,"daysOff":[3,23],"onRequests":[{"day":16,"shift":"p1","weight":3}],"offRequests":[{"day":25,"shift":"d3","weight":3},{"day":26,"shift":"d3","weight":3}]},{"id":"AQ","maxShifts":[0,28,28,0,28,28,28,28,28,4],"minTotalMinutes":7560,"maxTotalMinutes":8640,"minConsecutiveShifts":2,"maxConsecutiveShifts":6,"minConsecutiveDaysOff":3,"maxWeekends":2,"daysOff":[3,18],"onRequests":[{"day":4,"shift":"a2","weight":2},{"day":5,"shift":"a2","weight":2}],"offRequests":[{"day":20,"shift":"p2","weight":1},{"day":21,"shift":"p2","weight":1},{"day":22,"shift":"p2","weight":1}]},{"id":"AR","maxShifts":[28,0,0,0,28,28,28,28,0,4],"minTotalMinutes":7560,"maxTotalMinutes":8640,"minConsecutiveShifts":2,"maxConsecutiveShifts":6,"minConsecutiveDaysOff":3,"maxWeekends":2,"daysOff":[4,5],"onRequests":[{"day":20,"shift":"p1","weight":2},{"day":21,"shift":"p1","weight":2},{"day":22,"shift":"p1","weight":2},{"day":23,"shift":"p1","weight":2}],"offRequests":[{"day":9,"shift":"p2","weight":2},{"day":10,"shift":"p2","weight":2},{"day":11,"shift":"p2","weight":2},{"day":12,"shift":"p2","weight":2}]},{"id":"AS","maxShifts":[0,28,28,0,28,0,28,28,28,0],"minTotalMinutes":7560,"maxTotalMinutes":8640,"minConsecutiveShifts":2,"maxConsecutiveShifts":6,"minConsecutiveDaysOff":3,"maxWeekends":2,"daysOff":[3,4],"onRequests":null,"offRequests":[{"day":6,"shift":"p2","weight":2},{"day":7,"shift":"p2","weight":2},{"day":8,"shift":"p2","weight":2},{"day":9,"shift":"p2","weight":2},{"day":10,"shift":"p2","weight":2},{"day":17,"shift":"p2","weight":2}]},{"id":"AT","maxShifts":[28,28,28,28,28,28,28,28,0,4],"minTotalMinutes":7560,"maxTotalMinutes":8640,"minConsecutiveShifts":2,"maxConsecutiveShifts":6,"minConsecutiveDaysOff":3,"maxWeekends":2,"daysOff":[10,14],"onRequests":[{"day":17,"shift":"p2","weight":1},{"day":18,"shift":"p2","weight":1},{"day":19,"shift":"p2","weight":1},{"day":20,"shift":"p2","weight":1}],"offRequests":null},{"id":"AU","maxShifts":[0,28,0,28,0,28,0,0,28,4],"minTotalMinutes":7560,"maxTotalMinutes":8640,"minConsecutiveShifts":2,"maxConsecutiveShifts":6,"minConsecutiveDaysOff":3,"maxWeekends":2,"daysOff":[18,19],"onRequests":[{"day":0,"shift":"d3","weight":3},{"day":4,"shift":"d1","weight":3},{"day":5,"shift":"d1","weight":3},{"day":6,"shift":"d1","weight":3},{"day":7,"shift":"d1","weight":3},{"day":8,"shift":"d1","weight":3},{"day":15,"shift":"n1","weight":3},{"day":16,"shift":"n1","weight":3},{"day":17,"shift":"n1","weight":3}],"offRequests":[{"day":22,"shift":"p3","weight":2}]},{"id":"AV","maxShifts":[0,28,0,28,28,0,28,28,28,4],"minTotalMinutes":7560,"maxTotalMinutes":8640,"minConsecutiveShifts":2,"maxConsecutiveShifts":6,"minConsecutiveDaysOff":3,"maxWeekends":2,"daysOff":[2,3],"onRequests":[{"day":23,"shift":"a2","weight":1},{"day":24,"shift":"a2","weight":1},{"day":25,"shift":"a2","weight":1}],"offRequests":[{"day":0,"shift":"n1","weight":1},{"day":1,"shift":"n1","weight":1},{"day":7,"shift":"d2","weight":2},{"day":8,"shift":"d2","weight":2},{"day":9,"shift":"d2","weight":2},{"day":10,"shift":"d2","weight":2},{"day":11,"shift":"d2","weight":2}]},{"id":"AW","maxShifts":[0,28,28,0,0,28,28,28,0,0],"minTotalMinutes":7560,"maxTotalMinutes":8640,"minConsecutiveShifts":2,"maxConsecutiveShifts":6,"minConsecutiveDaysOff":3,"maxWeekends":2,"daysOff":[15,16],"onRequests":[{"day":17,"shift":"p2","weight":2},{"day":18,"shift":"p2","weight":2}],"offRequests":[{"day":1,"shift":"p2","weight":3},{"day":2,"shift":"p2","weight":3},{"day":3,"shift":"p2","weight":3},{"day":4,"shift":"p2","weight":3},{"day":9,"shift":"a3","weight":1},{"day":10,"shift":"a3","weight":1}]},{"id":"AX","maxShifts":[28,0,28,28,28,28,28,28,0,0],"minTotalMinutes":7560,"maxTotalMinutes":8640,"minConsecutiveShifts":2,"maxConsecutiveShifts":6,"minConsecutiveDaysOff":3,"maxWeekends":2,"daysOff":[19,20],"onRequests":[{"day":12,"shift":"d2","weight":1},{"day":13,"shift":"d2","weight":1},{"day":14,"shift":"d2","weight":1},{"day":15,"shift":"d2","weight":1}],"offRequests":[{"day":22,"shift":"d3","weight":3}]},{"id":"AY","maxShifts":[0,0,28,28,28,28,0,0,0,0],"minTotalMinutes":4080,"maxTotalMinutes":5160,"minConsecutiveShifts":2,"maxConsecutiveShifts":5,"minConsecutiveDaysOff":2,"maxWeekends":3,"daysOff":[8,16],"onRequests":[{"day":1,"shift":"d2","weight":1},{"day":17,"shift":"d3","weight":1},{"day":21,"shift":"d1","weight":1},{"day":22,"shift":"d1","weight":1},{"day":23,"shift":"d1","weight":1}],"offRequests":[{"day":10,"shift":"d1","weight":3},{"day":11,"shift":"d1","weight":3},{"day":12,"shift":"d1","weight":3},{"day":13,"shift":"d1","weight":3}]},{"id":"AZ","maxShifts":[28,0,28,0,0,28,0,28,28,0],"minTotalMinutes":4080,"maxTotalMinutes":5160,"minConsecutiveShifts":2,"maxConsecutiveShifts":5,"minConsecutiveDaysOff":2,"maxWeekends":3,"daysOff":[19,20],"onRequests":[{"day":0,"shift":"a3","weight":1},{"day":1,"shift":"a3","weight":1},{"day":2,"shift":"a3","weight":1},{"day":3,"shift":"a3","weight":1},{"day":4,"shift":"a3","weight":1},{"day":14,"shift":"a1","weight":3}],"offRequests":[{"day":23,"shift":"a1","weight":2},{"day":24,"shift":"a1","weight":2}]},{"id":"BA","maxShifts":[0,28,28,28,0,0,28,28,28,0],"minTotalMinutes":4080,"maxTotalMinutes":5160,"minConsecutiveShifts":2,"maxConsecutiveShifts":5,"minConsecutiveDaysOff":2,"maxWeekends":3,"daysOff":[4,5],"onRequests":[{"day":7,"shift":"a3","weight":2},{"day":8,"shift":"a3","weight":2},{"day":9,"shift":"a3","weight":2},{"day":10,"shift":"a3","weight":2},{"day":11,"shift":"a3","weight":2},{"day":16,"shift":"p3","weight":3},{"day":17,"shift":"p3","weight":3},{"day":18,"shift":"p3","weight":3},{"day":22,"shift":"p3","weight":1},{"day":23,"shift":"p3","weight":1},{"day":24,"shift":"p3","weight":1},{"day":25,"shift":"p3","weight":1}],"offRequests":null},{"id":"BB","maxShifts":[0,28,28,0,28,28,0,28,0,2],"minTotalMinutes":4080,"maxTotalMinutes":5160,"minConsecutiveShifts":2,"maxConsecutiveShifts":5,"minConsecutiveDaysOff":2,"maxWeekends":3,"daysOff":[18,19],"onRequests":[{"day":0,"shift":"n1","weight":3},{"day":4,"shift":"d2","weight":2},{"day":5,"shift":"d2","weight":2},{"day":6,"shift":"d2","weight":2},{"day":7,"shift":"d2","weight":2},{"day":8,"shift":"d2","weight":2},{"day":13,"shift":"n1","weight":1}],"offRequests":[{"day":20,"shift":"n1","weight":2},{"day":21,"shift":"n1","weight":2},{"day":22,"shift":"n1","weight":2}]},{"id":"BC","maxShifts":[28,28,28,28,0,28,28,28,0,0],"minTotalMinutes":4080,"maxTotalMinutes":5160,"minConsecutiveShifts":2,"maxConsecutiveShifts":5,"minConsecutiveDaysOff":2,"maxWeekends":3,"daysOff":[1,2],"onRequests":[{"day":12,"shift":"a3","weight":1},{"day":13,"shift":"a3","weight":1},{"day":14,"shift":"a3","weight":1},{"day":15,"shift":"a3","weight":1},{"day":21,"shift":"a1","weight":1},{"day":22,"shift":"a1","weight":1}],"offRequests":[{"day":3,"shift":"a3","weight":1},{"day":4,"shift":"a3","weight":1},{"day":5,"shift":"a3","weight":1},{"day":6,"shift":"a3","weight":1}]},{"id":"BD","maxShifts":[28,28,28,28,28,28,28,28,28,2],"minTotalMinutes":4080,"maxTotalMinutes":5160,"minConsecutiveShifts":2,"maxConsecutiveShifts":5,"minConsecutiveDaysOff":2,"maxWeekends":3,"daysOff":[14,17],"onRequests":[{"day":0,"shift":"p1","weight":1},{"day":1,"shift":"p1","weight":1},{"day":2,"shift":"p1","weight":1},{"day":3,"shift":"p1","weight":1},{"day":4,"shift":"p1","weight":1},{"day":18,"shift":"p2","weight":1}],"offRequests":null},{"id":"BE","maxShifts":[0,28,28,28,28,28,28,0,28,2],"minTotalMinutes":4080,"maxTotalMinutes":5160,"minConsecutiveShifts":2,"maxConsecutiveShifts":5,"minConsecutiveDaysOff":2,"maxWeekends":3,"daysOff":[3,4],"onRequests":[{"day":16,"shift":"d2","weight":1},{"day":17,"shift":"d2","weight":1},{"day":18,"shift":"d2","weight":1}],"offRequests":[{"day":26,"shift":"d2","weight":1},{"day":27,"shift":"d2","weight":1}]},{"id":"BF","maxShifts":[28,0,0,28,0,28,28,0,0,2],"minTotalMinutes":4080,"maxTotalMinutes":5160,"minConsecutiveShifts":2,"maxConsecutiveShifts":5,"minConsecutiveDaysOff":2,"maxWeekends":3,"daysOff":[24,25],"onRequests":[{"day":2,"shift":"d3","weight":1},{"day":6,"shift":"a1","weight":3},{"day":7,"shift":"a1","weight":3},{"day":8,"shift":"a1","weight":3},{"day":9,"shift":"a1","weight":3},{"day":15,"shift":"p1","weight":3},{"day":16,"shift":"p1","weight":3}],"offRequests":null},{"id":"BG","maxShifts":[28,28,0,28,28,0,28,28,0,2],"minTotalMinutes":4080,"maxTotalMinutes":5160,"minConsecutiveShifts":2,"maxConsecutiveShifts":5,"minConsecutiveDaysOff":2,"maxWeekends":3,"daysOff":[0,26],"onRequests":[{"day":6,"shift":"d1","weight":2},{"day":7,"shift":"d1","weight":2},{"day":15,"shift":"a2","weight":3},{"day":16,"shift":"a2","weight":3},{"day":17,"shift":"a2","weight":3},{"day":18,"shift":"a2","weight":3},{"day":19,"shift":"a2","weight":3}],"offRequests":null},{"id":"BH","maxShifts":[28,28,28,28,0,28,28,28,28,0],"minTotalMinutes":4080,"maxTotalMinutes":5160,"minConsecutiveShifts":2,"maxConsecutiveShifts":5,"minConsecutiveDaysOff":2,"maxWeekends":3,"daysOff":[0,1],"onRequests":[{"day":3,"shift":"p2","weight":2},{"day":4,"shift":"p2","weight":2}],"offRequests":[{"day":12,"shift":"a1","weight":1},{"day":13,"shift":"a1","weight":1},{"day":14,"shift":"a1","weight":1},{"day":15,"shift":"a1","weight":1},{"day":16,"shift":"a1","weight":1},{"day":24,"shift":"p2","weight":3}]}],"covers":[[{"requirement":5,"weightIfUnder":100,"weightIfOver":1},{"requirement":3,"weightIfUnder":100,"weightIfOver":1},{"requirement":5,"weightIfUnder":100,"weightIfOver":1},{"requirement":3,"weightIfUnder":100,"weightIfOver":1},{"requirement":5,"weightIfUnder":100,"weightIfOver":1},{"requirement":4,"weightIfUnder":100,"weightIfOver":1},{"requirement":4,"weightIfUnder":100,"weightIfOver":1},{"requirement":5,"weightIfUnder":100,"weightIfOver":1},{"requirement":4,"weightIfUnder":100,"weightIfOver":1},{"requirement":4,"weightIfUnder":100,"weightIfOver":1}],[{"requirement":4,"weightIfUnder":100,"weightIfOver":1},{"requirement":4,"weightIfUnder":100,"weightIfOver":1},{"requirement":3,"weightIfUnder":100,"weightIfOver":1},{"requirement":4,"weightIfUnder":100,"weightIfOver":1},{"requirement":4,"weightIfUnder":100,"weightIfOver":1},{"requirement":2,"weightIfUnder":100,"weightIfOver":1},{"requirement":4,"weightIfUnder":100,"weightIfOver":1},{"requirement":5,"weightIfUnder":100,"weightIfOver":1},{"requirement":6,"weightIfUnder":100,"weightIfOver":1},{"requirement":3,"weightIfUnder":100,"weightIfOver":1}],[{"requirement":2,"weightIfUnder":100,"weightIfOver":1},{"requirement":5,"weightIfUnder":100,"weightIfOver":1},{"requirement":4,"weightIfUnder":100,"weightIfOver":1},{"requirement":4,"weightIfUnder":100,"weightIfOver":1},{"requirement":4,"weightIfUnder":100,"weightIfOver":1},{"requirement":3,"weightIfUnder":100,"weightIfOver":1},{"requirement":6,"weightIfUnder":100,"weightIfOver":1},{"requirement":3,"weightIfUnder":100,"weightIfOver":1},{"requirement":4,"weightIfUnder":100,"weightIfOver":1},{"requirement":5,"weightIfUnder":100,"weightIfOver":1}],[{"requirement":3,"weightIfUnder":100,"weightIfOver":1},{"requirement":4,"weightIfUnder":100,"weightIfOver":1},{"requirement":4,"weightIfUnder":100,"weightIfOver":1},{"requirement":3,"weightIfUnder":100,"weightIfOver":1},{"requirement":4,"weightIfUnder":100,"weightIfOver":1},{"requirement":3,"weightIfUnder":100,"weightIfOver":1},{"requirement":4,"weightIfUnder":100,"weightIfOver":1},{"requirement":4,"weightIfUnder":100,"weightIfOver":1},{"requirement":4,"weightIfUnder":100,"weightIfOver":1},{"requirement":3,"weightIfUnder":100,"weightIfOver":1}],[{"requirement":4,"weightIfUnder":100,"weightIfOver":1},{"requirement":4,"weightIfUnder":100,"weightIfOver":1},{"requirement":6,"weightIfUnder":100,"weightIfOver":1},{"requirement":4,"weightIfUnder":100,"weightIfOver":1},{"requirement":4,"weightIfUnder":100,"weightIfOver":1},{"requirement":4,"weightIfUnder":100,"weightIfOver":1},{"requirement":4,"weightIfUnder":100,"weightIfOver":1},{"requirement":4,"weightIfUnder":100,"weightIfOver":1},{"requirement":4,"weightIfUnder":100,"weightIfOver":1},{"requirement":3,"weightIfUnder":100,"weightIfOver":1}],[{"requirement":3,"weightIfUnder":100,"weightIfOver":1},{"requirement":5,"weightIfUnder":100,"weightIfOver":1},{"requirement":5,"weightIfUnder":100,"weightIfOver":1},{"requirement":2,"weightIfUnder":100,"weightIfOver":1},{"requirement":3,"weightIfUnder":100,"weightIfOver":1},{"requirement":5,"weightIfUnder":100,"weightIfOver":1},{"requirement":5,"weightIfUnder":100,"weightIfOver":1},{"requirement":5,"weightIfUnder":100,"weightIfOver":1},{"requirement":5,"weightIfUnder":100,"weightIfOver":1},{"requirement":4,"weightIfUnder":100,"weightIfOver":1}],[{"requirement":2,"weightIfUnder":100,"weightIfOver":1},{"requirement":3,"weightIfUnder":100,"weightIfOver":1},{"requirement":2,"weightIfUnder":100,"weightIfOver":1},{"requirement":2,"weightIfUnder":100,"weightIfOver":1},{"requirement":2,"weightIfUnder":100,"weightIfOver":1},{"requirement":5,"weightIfUnder":100,"weightIfOver":1},{"requirement":3,"weightIfUnder":100,"weightIfOver":1},{"requirement":5,"weightIfUnder":100,"weightIfOver":1},{"requirement":3,"weightIfUnder":100,"weightIfOver":1},{"requirement":2,"weightIfUnder":100,"weightIfOver":1}],[{"requirement":6,"weightIfUnder":100,"weightIfOver":1},{"requirement":4,"weightIfUnder":100,"weightIfOver":1},{"requirement":3,"weightIfUnder":100,"weightIfOver":1},{"requirement":6,"weightIfUnder":100,"weightIfOver":1},{"requirement":6,"weightIfUnder":100,"weightIfOver":1},{"requirement":6,"weightIfUnder":100,"weightIfOver":1},{"requirement":5,"weightIfUnder":100,"weightIfOver":1},{"requirement":5,"weightIfUnder":100,"weightIfOver":1},{"requirement":4,"weightIfUnder":100,"weightIfOver":1},{"requirement":4,"weightIfUnder":100,"weightIfOver":1}],[{"requirement":3,"weightIfUnder":100,"weightIfOver":1},{"requirement":3,"weightIfUnder":100,"weightIfOver":1},{"requirement":3,"weightIfUnder":100,"weightIfOver":1},{"requirement":5,"weightIfUnder":100,"weightIfOver":1},{"requirement":2,"weightIfUnder":100,"weightIfOver":1},{"requirement":4,"weightIfUnder":100,"weightIfOver":1},{"requirement":4,"weightIfUnder":100,"weightIfOver":1},{"requirement":3,"weightIfUnder":100,"weightIfOver":1},{"requirement":3,"weightIfUnder":100,"weightIfOver":1},{"requirement":3,"weightIfUnder":100,"weightIfOver":1}],[{"requirement":3,"weightIfUnder":100,"weightIfOver":1},{"requirement":2,"weightIfUnder":100,"weightIfOver":1},{"requirement":3,"weightIfUnder":100,"weightIfOver":1},{"requirement":3,"weightIfUnder":100,"weightIfOver":1},{"requirement":5,"weightIfUnder":100,"weightIfOver":1},{"requirement":3,"weightIfUnder":100,"weightIfOver":1},{"requirement":2,"weightIfUnder":100,"weightIfOver":1},{"requirement":2,"weightIfUnder":100,"weightIfOver":1},{"requirement":4,"weightIfUnder":100,"weightIfOver":1},{"requirement":3,"weightIfUnder":100,"weightIfOver":1}],[{"requirement":3,"weightIfUnder":100,"weightIfOver":1},{"requirement":5,"weightIfUnder":100,"weightIfOver":1},{"requirement":2,"weightIfUnder":100,"weightIfOver":1},{"requirement":4,"weightIfUnder":100,"weightIfOver":1},{"requirement":3,"weightIfUnder":100,"weightIfOver":1},{"requirement":3,"weightIfUnder":100,"weightIfOver":1},{"requirement":2,"weightIfUnder":100,"weightIfOver":1},{"requirement":3,"weightIfUnder":100,"weightIfOver":1},{"requirement":3,"weightIfUnder":100,"weightIfOver":1},{"requirement":3,"weightIfUnder":100,"weightIfOver":1}],[{"requirement":4,"weightIfUnder":100,"weightIfOver":1},{"requirement":4,"weightIfUnder":100,"weightIfOver":1},{"requirement":3,"weightIfUnder":100,"weightIfOver":1},{"requirement":4,"weightIfUnder":100,"weightIfOver":1},{"requirement":5,"weightIfUnder":100,"weightIfOver":1},{"requirement":3,"weightIfUnder":100,"weightIfOver":1},{"requirement":4,"weightIfUnder":100,"weightIfOver":1},{"requirement":4,"weightIfUnder":100,"weightIfOver":1},{"requirement":4,"weightIfUnder":100,"weightIfOver":1},{"requirement":4,"weightIfUnder":100,"weightIfOver":1}],[{"requirement":2,"weightIfUnder":100,"weightIfOver":1},{"requirement":3,"weightIfUnder":100,"weightIfOver":1},{"requirement":3,"weightIfUnder":100,"weightIfOver":1},{"requirement":2,"weightIfUnder":100,"weightIfOver":1},{"requirement":2,"weightIfUnder":100,"weightIfOver":1},{"requirement":3,"weightIfUnder":100,"weightIfOver":1},{"requirement":5,"weightIfUnder":100,"weightIfOver":1},{"requirement":2,"weightIfUnder":100,"weightIfOver":1},{"requirement":3,"weightIfUnder":100,"weightIfOver":1},{"requirement":5,"weightIfUnder":100,"weightIfOver":1}],[{"requirement":5,"weightIfUnder":100,"weightIfOver":1},{"requirement":4,"weightIfUnder":100,"weightIfOver":1},{"requirement":3,"weightIfUnder":100,"weightIfOver":1},{"requirement":5,"weightIfUnder":100,"weightIfOver":1},{"requirement":4,"weightIfUnder":100,"weightIfOver":1},{"requirement":4,"weightIfUnder":100,"weightIfOver":1},{"requirement":3,"weightIfUnder":100,"weightIfOver":1},{"requirement":2,"weightIfUnder":100,"weightIfOver":1},{"requirement":2,"weightIfUnder":100,"weightIfOver":1},{"requirement":4,"weightIfUnder":100,"weightIfOver":1}],[{"requirement":6,"weightIfUnder":100,"weightIfOver":1},{"requirement":5,"weightIfUnder":100,"weightIfOver":1},{"requirement":4,"weightIfUnder":100,"weightIfOver":1},{"requirement":5,"weightIfUnder":100,"weightIfOver":1},{"requirement":6,"weightIfUnder":100,"weightIfOver":1},{"requirement":4,"weightIfUnder":100,"weightIfOver":1},{"requirement":3,"weightIfUnder":100,"weightIfOver":1},{"requirement":5,"weightIfUnder":100,"weightIfOver":1},{"requirement":5,"weightIfUnder":100,"weightIfOver":1},{"requirement":4,"weightIfUnder":100,"weightIfOver":1}],[{"requirement":2,"weightIfUnder":100,"weightIfOver":1},{"requirement":3,"weightIfUnder":100,"weightIfOver":1},{"requirement":2,"weightIfUnder":100,"weightIfOver":1},{"requirement":2,"weightIfUnder":100,"weightIfOver":1},{"requirement":3,"weightIfUnder":100,"weightIfOver":1},{"requirement":3,"weightIfUnder":100,"weightIfOver":1},{"requirement":4,"weightIfUnder":100,"weightIfOver":1},{"requirement":3,"weightIfUnder":100,"weightIfOver":1},{"requirement":3,"weightIfUnder":100,"weightIfOver":1},{"requirement":2,"weightIfUnder":100,"weightIfOver":1}],[{"requirement":3,"weightIfUnder":100,"weightIfOver":1},{"requirement":3,"weightIfUnder":100,"weightIfOver":1},{"requirement":3,"weightIfUnder":100,"weightIfOver":1},{"requirement":2,"weightIfUnder":100,"weightIfOver":1},{"requirement":4,"weightIfUnder":100,"weightIfOver":1},{"requirement":3,"weightIfUnder":100,"weightIfOver":1},{"requirement":3,"weightIfUnder":100,"weightIfOver":1},{"requirement":2,"weightIfUnder":100,"weightIfOver":1},{"requirement":2,"weightIfUnder":100,"weightIfOver":1},{"requirement":3,"weightIfUnder":100,"weightIfOver":1}],[{"requirement":5,"weightIfUnder":100,"weightIfOver":1},{"requirement":3,"weightIfUnder":100,"weightIfOver":1},{"requirement":4,"weightIfUnder":100,"weightIfOver":1},{"requirement":5,"weightIfUnder":100,"weightIfOver":1},{"requirement":3,"weightIfUnder":100,"weightIfOver":1},{"requirement":6,"weightIfUnder":100,"weightIfOver":1},{"requirement":6,"weightIfUnder":100,"weightIfOver":1},{"requirement":4,"weightIfUnder":100,"weightIfOver":1},{"requirement":4,"weightIfUnder":100,"weightIfOver":1},{"requirement":4,"weightIfUnder":100,"weightIfOver":1}],[{"requirement":4,"weightIfUnder":100,"weightIfOver":1},{"requirement":2,"weightIfUnder":100,"weightIfOver":1},{"requirement":4,"weightIfUnder":100,"weightIfOver":1},{"requirement":4,"weightIfUnder":100,"weightIfOver":1},{"requirement":2,"weightIfUnder":100,"weightIfOver":1},{"requirement":3,"weightIfUnder":100,"weightIfOver":1},{"requirement":3,"weightIfUnder":100,"weightIfOver":1},{"requirement":3,"weightIfUnder":100,"weightIfOver":1},{"requirement":4,"weightIfUnder":100,"weightIfOver":1},{"requirement":4,"weightIfUnder":100,"weightIfOver":1}],[{"requirement":2,"weightIfUnder":100,"weightIfOver":1},{"requirement":2,"weightIfUnder":100,"weightIfOver":1},{"requirement":3,"weightIfUnder":100,"weightIfOver":1},{"requirement":3,"weightIfUnder":100,"weightIfOver":1},{"requirement":3,"weightIfUnder":100,"weightIfOver":1},{"requirement":3,"weightIfUnder":100,"weightIfOver":1},{"requirement":2,"weightIfUnder":100,"weightIfOver":1},{"requirement":3,"weightIfUnder":100,"weightIfOver":1},{"requirement":4,"weightIfUnder":100,"weightIfOver":1},{"requirement":3,"weightIfUnder":100,"weightIfOver":1}],[{"requirement":5,"weightIfUnder":100,"weightIfOver":1},{"requirement":6,"weightIfUnder":100,"weightIfOver":1},{"requirement":4,"weightIfUnder":100,"weightIfOver":1},{"requirement":3,"weightIfUnder":100,"weightIfOver":1},{"requirement":5,"weightIfUnder":100,"weightIfOver":1},{"requirement":4,"weightIfUnder":100,"weightIfOver":1},{"requirement":6,"weightIfUnder":100,"weightIfOver":1},{"requirement":6,"weightIfUnder":100,"weightIfOver":1},{"requirement":5,"weightIfUnder":100,"weightIfOver":1},{"requirement":4,"weightIfUnder":100,"weightIfOver":1}],[{"requirement":3,"weightIfUnder":100,"weightIfOver":1},{"requirement":3,"weightIfUnder":100,"weightIfOver":1},{"requirement":4,"weightIfUnder":100,"weightIfOver":1},{"requirement":5,"weightIfUnder":100,"weightIfOver":1},{"requirement":4,"weightIfUnder":100,"weightIfOver":1},{"requirement":3,"weightIfUnder":100,"weightIfOver":1},{"requirement":3,"weightIfUnder":100,"weightIfOver":1},{"requirement":2,"weightIfUnder":100,"weightIfOver":1},{"requirement":3,"weightIfUnder":100,"weightIfOver":1},{"requirement":3,"weightIfUnder":100,"weightIfOver":1}],[{"requirement":3,"weightIfUnder":100,"weightIfOver":1},{"requirement":4,"weightIfUnder":100,"weightIfOver":1},{"requirement":2,"weightIfUnder":100,"weightIfOver":1},{"requirement":3,"weightIfUnder":100,"weightIfOver":1},{"requirement":4,"weightIfUnder":100,"weightIfOver":1},{"requirement":3,"weightIfUnder":100,"weightIfOver":1},{"requirement":5,"weightIfUnder":100,"weightIfOver":1},{"requirement":2,"weightIfUnder":100,"weightIfOver":1},{"requirement":2,"weightIfUnder":100,"weightIfOver":1},{"requirement":2,"weightIfUnder":100,"weightIfOver":1}],[{"requirement":2,"weightIfUnder":100,"weightIfOver":1},{"requirement":3,"weightIfUnder":100,"weightIfOver":1},{"requirement":3,"weightIfUnder":100,"weightIfOver":1},{"requirement":2,"weightIfUnder":100,"weightIfOver":1},{"requirement":2,"weightIfUnder":100,"weightIfOver":1},{"requirement":3,"weightIfUnder":100,"weightIfOver":1},{"requirement":2,"weightIfUnder":100,"weightIfOver":1},{"requirement":2,"weightIfUnder":100,"weightIfOver":1},{"requirement":3,"weightIfUnder":100,"weightIfOver":1},{"requirement":2,"weightIfUnder":100,"weightIfOver":1}],[{"requirement":4,"weightIfUnder":100,"weightIfOver":1},{"requirement":4,"weightIfUnder":100,"weightIfOver":1},{"requirement":2,"weightIfUnder":100,"weightIfOver":1},{"requirement":6,"weightIfUnder":100,"weightIfOver":1},{"requirement":4,"weightIfUnder":100,"weightIfOver":1},{"requirement":4,"weightIfUnder":100,"weightIfOver":1},{"requirement":4,"weightIfUnder":100,"weightIfOver":1},{"requirement":2,"weightIfUnder":100,"weightIfOver":1},{"requirement":4,"weightIfUnder":100,"weightIfOver":1},{"requirement":4,"weightIfUnder":100,"weightIfOver":1}],[{"requirement":5,"weightIfUnder":100,"weightIfOver":1},{"requirement":3,"weightIfUnder":100,"weightIfOver":1},{"requirement":4,"weightIfUnder":100,"weightIfOver":1},{"requirement":2,"weightIfUnder":100,"weightIfOver":1},{"requirement":5,"weightIfUnder":100,"weightIfOver":1},{"requirement":4,"weightIfUnder":100,"weightIfOver":1},{"requirement":5,"weightIfUnder":100,"weightIfOver":1},{"requirement":4,"weightIfUnder":100,"weightIfOver":1},{"requirement":4,"weightIfUnder":100,"weightIfOver":1},{"requirement":2,"weightIfUnder":100,"weightIfOver":1}],[{"requirement":3,"weightIfUnder":100,"weightIfOver":1},{"requirement":3,"weightIfUnder":100,"weightIfOver":1},{"requirement":4,"weightIfUnder":100,"weightIfOver":1},{"requirement":6,"weightIfUnder":100,"weightIfOver":1},{"requirement":4,"weightIfUnder":100,"weightIfOver":1},{"requirement":3,"weightIfUnder":100,"weightIfOver":1},{"requirement":5,"weightIfUnder":100,"weightIfOver":1},{"requirement":4,"weightIfUnder":100,"weightIfOver":1},{"requirement":2,"weightIfUnder":100,"weightIfOver":1},{"requirement":6,"weightIfUnder":100,"weightIfOver":1}],[{"requirement":3,"weightIfUnder":100,"weightIfOver":1},{"requirement":2,"weightIfUnder":100,"weightIfOver":1},{"requirement":3,"weightIfUnder":100,"weightIfOver":1},{"requirement":5,"weightIfUnder":100,"weightIfOver":1},{"requirement":3,"weightIfUnder":100,"weightIfOver":1},{"requirement":5,"weightIfUnder":100,"weightIfOver":1},{"requirement":4,"weightIfUnder":100,"weightIfOver":1},{"requirement":2,"weightIfUnder":100,"weightIfOver":1},{"requirement":3,"weightIfUnder":100,"weightIfOver":1},{"requirement":2,"weightIfUnder":100,"weightIfOver":1}]]}