{"nDays":28,"shifts":[{"id":"a1","length":480,"forbiddenFollowingShifts":null},{"id":"a2","length":480,"forbiddenFollowingShifts":null},{"id":"d1","length":480,"forbiddenFollowingShifts":["a1","a2"]},{"id":"d2","length":480,"forbiddenFollowingShifts":["a1","a2"]},{"id":"p1","length":480,"forbiddenFollowingShifts":["a1","a2","d1","d2"]},{"id":"p2","length":480,"forbiddenFollowingShifts":["a1","a2","d1","d2"]}],"staffs":[{"id":"A","maxShifts":[28,0,0,28,28,28],"minTotalMinutes":7560,"maxTotalMinutes":8640,"minConsecutiveShifts":2,"maxConsecutiveShifts":5,"minConsecutiveDaysOff":2,"maxWeekends":2,"daysOff":[10,11],"onRequests":[{"day":7,"shift":"p1","weight":3},{"day":8,"shift":"p1","weight":3},{"day":9,"shift":"p1","weight":3}],"offRequests":[{"day":15,"shift":"p2","weight":1},{"day":16,"shift":"p2","weight":1},{"day":20,"shift":"a1","weight":2},{"day":21,"shift":"a1","weight":2},{"day":22,"shift":"a1","weight":2},{"day":26,"shift":"p2","weight":2},{"day":27,"shift":"p2","weight":2}]},{"id":"B","maxShifts":[28,28,0,0,28,28],"minTotalMinutes":7560,"maxTotalMinutes":8640,"minConsecutiveShifts":2,"maxConsecutiveShifts":5,"minConsecutiveDaysOff":2,"maxWeekends":2,"daysOff":[4,13],"onRequests":null,"offRequests":[{"day":14,"shift":"p1","weight":2},{"day":15,"shift":"p1","weight":2},{"day":16,"shift":"p1","weight":2},{"day":17,"shift":"p1","weight":2}]},{"id":"C","maxShifts":[28,28,0,28,28,28],"minTotalMinutes":7560,"maxTotalMinutes":8640,"minConsecutiveShifts":2,"maxConsecutiveShifts":5,"minConsecutiveDaysOff":2,"maxWeekends":2,"daysOff":[13,14],"onRequests":[{"day":9,"shift":"p1","weight":1},{"day":24,"shift":"p2","weight":1}],"offRequests":[{"day":16,"shift":"a2","weight":3},{"day":17,"shift":"a2","weight":3},{"day":18,"shift":"a2","weight":3},{"day":19,"shift":"a2","weight":3}]},{"id":"D","maxShifts":[28,0,28,28,28,0],"minTotalMinutes":7560,"maxTotalMinutes":8640,"minConsecutiveShifts":2,"maxConsecutiveShifts":5,"minConsecutiveDaysOff":2,"maxWeekends":2,"daysOff":[14,15],"onRequests":null,"offRequests":[{"day":19,"shift":"d2","weight":2},{"day":20,"shift":"d2","weight":2},{"day":21,"shift":"d2","weight":2},{"day":22,"shift":"d2","weight":2},{"day":23,"shift":"d2","weight":2}]},{"id":"E","maxShifts":[28,28,0,28,28,28],"minTotalMinutes":7560,"maxTotalMinutes":8640,"minConsecutiveShifts":2,"maxConsecutiveShifts":5,"minConsecutiveDaysOff":2,"maxWeekends":2,"daysOff":[5,10],"onRequests":[{"day":3,"shift":"a1","weight":1},{"day":8,"shift":"a2","weight":1},{"day":12,"shift":"p1","weight":1},{"day":13,"shift":"p1","weight":1},{"day":14,"shift":"p1","weight":1},{"day":21,"shift":"a2","weight":1},{"day":22,"shift":"a2","weight":1},{"day":23,"shift":"a2","weight":1},{"day":24,"shift":"a2","weight":1},{"day":25,"shift":"a2","weight":1}],"offRequests":null},{"id":"F","maxShifts":[0,28,0,0,0,28],"minTotalMinutes":7560,"maxTotalMinutes":8640,"minConsecutiveShifts":2,"maxConsecutiveShifts":5,"minConsecutiveDaysOff":2,"maxWeekends":2,"daysOff":[9,13],"onRequests":[{"day":14,"shift":"a2","weight":3},{"day":15,"shift":"a2","weight":3}],"offRequests":null},{"id":"G","maxShifts":[28,28,0,28,28,0],"minTotalMinutes":7560,"maxTotalMinutes":8640,"minConsecutiveShifts":2,"maxConsecutiveShifts":5,"minConsecutiveDaysOff":2,"maxWeekends":2,"daysOff":[14,15],"onRequests":[{"day":3,"shift":"a1","weight":3},{"day":4,"shift":"a1","weight":3},{"day":5,"shift":"a1","weight":3},{"day":6,"shift":"a1","weight":3},{"day":7,"shift":"a1","weight":3}],"offRequests":[{"day":25,"shift":"a1","weight":1}]},{"id":"H","maxShifts":[28,28,28,28,28,28],"minTotalMinutes":7560,"maxTotalMinutes":8640,"minConsecutiveShifts":2,"maxConsecutiveShifts":5,"minConsecutiveDaysOff":2,"maxWeekends":2,"daysOff":[26,27],"onRequests":[{"day":1,"shift":"d2","weight":3},{"day":2,"shift":"d2","weight":3},{"day":3,"shift":"d2","weight":3},{"day":4,"shift":"d2","weight":3},{"day":5,"shift":"d2","weight":3}],"offRequests":[{"day":20,"shift":"d2","weight":1},{"day":21,"shift":"d2","weight":1},{"day":25,"shift":"d1","weight":3}]},{"id":"I","maxShifts":[0,28,0,28,28,28],"minTotalMinutes":7560,"maxTotalMinutes":8640,"minConsecutiveShifts":2,"maxConsecutiveShifts":5,"minConsecutiveDaysOff":2,"maxWeekends":2,"daysOff":[22,23],"onRequests":[{"day":9,"shift":"d2","weight":3},{"day":10,"shift":"d2","weight":3},{"day":11,"shift":"d2","weight":3},{"day":18,"shift":"p1","weight":1}],"offRequests":[{"day":1,"shift":"a2","weight":3},{"day":2,"shift":"a2","weight":3},{"day":3,"shift":"a2","weight":3},{"day":4,"shift":"a2","weight":3},{"day":5,"shift":"a2","weight":3}]},{"id":"J","maxShifts":[0,28,0,0,28,28],"minTotalMinutes":7560,"maxTotalMinutes":8640,"minConsecutiveShifts":2,"maxConsecutiveShifts":5,"minConsecutiveDaysOff":2,"maxWeekends":2,"daysOff":[17,18],"onRequests":[{"day":10,"shift":"p2","weight":1},{"day":11,"shift":"p2","weight":1},{"day":12,"shift":"p2","weight":1},{"day":13,"shift":"p2","weight":1},{"day":14,"shift":"p2","weight":1}],"offRequests":[{"day":2,"shift":"p2","weight":3},{"day":3,"shift":"p2","weight":3},{"day":4,"shift":"p2","weight":3},{"day":21,"shift":"p1","weight":2},{"day":22,"shift":"p1","weight":2},{"day":23,"shift":"p1","weight":2},{"day":24,"shift":"p1","weight":2}]},{"id":"K","maxShifts":[28,0,28,28,28,28],"minTotalMinutes":7560,"maxTotalMinutes":8640,"minConsecutiveShifts":2,"maxConsecutiveShifts":5,"minConsecutiveDaysOff":2,"maxWeekends":2,"daysOff":[1,10],"onRequests":[{"day":3,"shift":"p2","weight":2},{"day":4,"shift":"p2","weight":2},{"day":5,"shift":"p2","weight":2},{"day":6,"shift":"p2","weight":2},{"day":7,"shift":"p2","weight":2},{"day":13,"shift":"a1","weight":3}],"offRequests":[{"day":20,"shift":"p2","weight":2},{"day":21,"shift":"p2","weight":2},{"day":22,"shift":"p2","weight":2}]},{"id":"L","maxShifts":[28,0,28,28,28,0],"minTotalMinutes":7560,"maxTotalMinutes":8640,"minConsecutiveShifts":2,"maxConsecutiveShifts":5,"minConsecutiveDaysOff":2,"maxWeekends":2,"daysOff":[19,20],"onRequests":null,"offRequests":[{"day":10,"shift":"d1","weight":1},{"day":11,"shift":"d1","weight":1},{"day":12,"shift":"d1","weight":1},{"day":13,"shift":"d1","weight":1},{"day":14,"shift":"d1","weight":1},{"day":21,"shift":"d2","weight":2},{"day":22,"shift":"d2","weight":2},{"day":23,"shift":"d2","weight":2},{"day":24,"shift":"d2","weight":2},{"day":25,"shift":"d2","weight":2}]},{"id":"M","maxShifts":[28,28,28,28,28,28],"minTotalMinutes":7560,"maxTotalMinutes":8640,"minConsecutiveShifts":2,"maxConsecutiveShifts":5,"minConsecutiveDaysOff":2,"maxWeekends":2,"daysOff":[13,14],"onRequests":[{"day":20,"shift":"a2","weight":3},{"day":21,"shift":"a2","weight":3},{"day":22,"shift":"a2","weight":3}],"offRequests":[{"day":2,"shift":"p1","weight":3},{"day":3,"shift":"p1","weight":3},{"day":4,"shift":"p1","weight":3},{"day":5,"shift":"p1","weight":3},{"day":9,"shift":"p1","weight":2},{"day":10,"shift":"p1","weight":2},{"day":11,"shift":"p1","weight":2},{"day":12,"shift":"p1","weight":2}]},{"id":"N","maxShifts":[28,28,0,0,28,28],"minTotalMinutes":7560,"maxTotalMinutes":8640,"minConsecutiveShifts":2,"maxConsecutiveShifts":5,"minConsecutiveDaysOff":2,"maxWeekends":2,"daysOff":[21,22],"onRequests":[{"day":17,"shift":"a2","weight":1}],"offRequests":[{"day":8,"shift":"p1","weight":2},{"day":9,"shift":"p1","weight":2},{"day":10,"shift":"p1","weight":2},{"day":11,"shift":"p1","weight":2},{"day":12,"shift":"p1","weight":2}]},{"id":"O","maxShifts":[0,28,28,28,0,28],"minTotalMinutes":7560,"maxTotalMinutes":8640,"minConsecutiveShifts":2,"maxConsecutiveShifts":5,"minConsecutiveDaysOff":2,"maxWeekends":2,"daysOff":[16,24],"onRequests":[{"day":3,"shift":"p2","weight":3},{"day":14,"shift":"d2","weight":2},{"day":19,"shift":"p2","weight":2},{"day":20,"shift":"p2","weight":2},{"day":25,"shift":"d2","weight":1}],"offRequests":null},{"id":"P","maxShifts":[28,0,0,0,28,28],"minTotalMinutes":7560,"maxTotalMinutes":8640,"minConsecutiveShifts":2,"maxConsecutiveShifts":5,"minConsecutiveDaysOff":2,"maxWeekends":2,"daysOff":[16,17],"onRequests":[{"day":8,"shift":"a1","weight":2},{"day":14,"shift":"a1","weight":1}],"offRequests":[{"day":18,"shift":"p2","weight":3},{"day":19,"shift":"p2","weight":3},{"day":20,"shift":"p2","weight":3},{"day":21,"shift":"p2","weight":3},{"day":22,"shift":"p2","weight":3}]},{"id":"Q","maxShifts":[28,28,28,28,28,28],"minTotalMinutes":7560,"maxTotalMinutes":8640,"minConsecutiveShifts":2,"maxConsecutiveShifts":5,"minConsecutiveDaysOff":2,"maxWeekends":2,"daysOff":[17,18],"onRequests":null,"offRequests":[{"day":24,"shift":"p1","weight":2},{"day":25,"shift":"p1","weight":2},{"day":26,"shift":"p1","weight":2}]},{"id":"R","maxShifts":[0,28,0,28,0,28],"minTotalMinutes":7560,"maxTotalMinutes":8640,"minConsecutiveShifts":2,"maxConsecutiveShifts":5,"minConsecutiveDaysOff":2,"maxWeekends":2,"daysOff":[9,16],"onRequests":[{"day":2,"shift":"p2","weight":3},{"day":3,"shift":"p2","weight":3},{"day":11,"shift":"p2","weight":2},{"day":12,"shift":"p2","weight":2},{"day":13,"shift":"p2","weight":2},{"day":14,"shift":"p2","weight":2},{"day":15,"shift":"p2","weight":2}],"offRequests":null},{"id":"S","maxShifts":[28,28,28,0,28,28],"minTotalMinutes":7560,"maxTotalMinutes":8640,"minConsecutiveShifts":2,"maxConsecutiveShifts":5,"minConsecutiveDaysOff":2,"maxWeekends":2,"daysOff":[15,16],"onRequests":[{"day":0,"shift":"p1","weight":3},{"day":1,"shift":"p1","weight":3},{"day":2,"shift":"p1","weight":3},{"day":3,"shift":"p1","weight":3},{"day":4,"shift":"p1","weight":3}],"offRequests":[{"day":9,"shift":"d1","weight":2},{"day":10,"shift":"d1","weight":2},{"day":11,"shift":"d1","weight":2}]},{"id":"T","maxShifts":[28,0,28,0,28,0],"minTotalMinutes":7560,"maxTotalMinutes":8640,"minConsecutiveShifts":2,"maxConsecutiveShifts":5,"minConsecutiveDaysOff":2,"maxWeekends":2,"daysOff":[2,23],"onRequests":[{"day":9,"shift":"p1","weight":1},{"day":10,"shift":"p1","weight":1}],"offRequests":[{"day":17,"shift":"a1","weight":1}]},{"id":"U","maxShifts":[0,28,0,28,0,28],"minTotalMinutes":7560,"maxTotalMinutes":8640,"minConsecutiveShifts":2,"maxConsecutiveShifts":5,"minConsecutiveDaysOff":2,"maxWeekends":2,"daysOff":[1,10],"onRequests":[{"day":20,"shift":"d2","weight":1},{"day":21,"shift":"d2","weight":1},{"day":22,"shift":"d2","weight":1}],"offRequests":[{"day":13,"shift":"d2","weight":2}]},{"id":"V","maxShifts":[0,28,28,0,28,28],"minTotalMinutes":7560,"maxTotalMinutes":8640,"minConsecutiveShifts":2,"maxConsecutiveShifts":5,"minConsecutiveDaysOff":2,"maxWeekends":2,"daysOff":[1,12],"onRequests":[{"day":8,"shift":"d1","weight":1},{"day":9,"shift":"d1","weight":1},{"day":13,"shift":"p2","weight":2},{"day":14,"shift":"p2","weight":2},{"day":15,"shift":"p2","weight":2},{"day":16,"shift":"p2","weight":2}],"offRequests":null},{"id":"W","maxShifts":[28,0,28,28,0,28],"minTotalMinutes":7560,"maxTotalMinutes":8640,"minConsecutiveShifts":2,"maxConsecutiveShifts":5,"minConsecutiveDaysOff":2,"maxWeekends":2,"daysOff":[3,4],"onRequests":[{"day":0,"shift":"a1","weight":2},{"day":6,"shift":"p2","weight":2},{"day":7,"shift":"p2","weight":2},{"day":8,"shift":"p2","weight":2},{"day":9,"shift":"p2","weight":2},{"day":17,"shift":"p2","weight":3},{"day":18,"shift":"p2","weight":3},{"day":19,"shift":"p2","weight":3},{"day":20,"shift":"p2","weight":3},{"day":21,"shift":"p2","weight":3}],"offRequests":null},{"id":"X","maxShifts":[28,0,28,28,28,28],"minTotalMinutes":7560,"maxTotalMinutes":8640,"minConsecutiveShifts":2,"maxConsecutiveShifts":5,"minConsecutiveDaysOff":2,"maxWeekends":2,"daysOff":[3,4],"onRequests":[{"day":19,"shift":"d1","weight":3},{"day":20,"shift":"d1","weight":3},{"day":21,"shift":"d1","weight":3},{"day":22,"shift":"d1","weight":3},{"day":23,"shift":"d1","weight":3}],"offRequests":null},{"id":"Y","maxShifts":[0,28,28,0,28,28],"minTotalMinutes":7560,"maxTotalMinutes":8640,"minConsecutiveShifts":2,"maxConsecutiveShifts":5,"minConsecutiveDaysOff":2,"maxWeekends":2,"daysOff":[8,25],"onRequests":[{"day":3,"shift":"p2","weight":2},{"day":9,"shift":"a2","weight":2},{"day":10,"shift":"a2","weight":2},{"day":11,"shift":"a2","weight":2},{"day":12,"shift":"a2","weight":2}],"offRequests":[{"day":21,"shift":"d1","weight":3},{"day":22,"shift":"d1","weight":3},{"day":23,"shift":"d1","weight":3}]},{"id":"Z","maxShifts":[0,28,28,0,28,28],"minTotalMinutes":7560,"maxTotalMinutes":8640,"minConsecutiveShifts":2,"maxConsecutiveShifts":5,"minConsecutiveDaysOff":2,"maxWeekends":2,"daysOff":[18,19],"onRequests":[{"day":13,"shift":"p1","weight":1},{"day":14,"shift":"p1","weight":1}],"offRequests":[{"day":3,"shift":"p1","weight":3},{"day":4,"shift":"p1","weight":3},{"day":5,"shift":"p1","weight":3},{"day":6,"shift":"p1","weight":3},{"day":7,"shift":"p1","weight":3},{"day":25,"shift":"a2","weight":3},{"day":26,"shift":"a2","weight":3},{"day":27,"shift":"a2","weight":3}]},{"id":"AA","maxShifts":[28,0,28,28,0,28],"minTotalMinutes":7560,"maxTotalMinutes":8640,"minConsecutiveShifts":2,"maxConsecutiveShifts":5,"minConsecutiveDaysOff":2,"maxWeekends":2,"daysOff":[25,26],"onRequests":[{"day":5,"shift":"a1","weight":1},{"day":9,"shift":"a1","weight":1},{"day":10,"shift":"a1","weight":1},{"day":11,"shift":"a1","weight":1},{"day":12,"shift":"a1","weight":1},{"day":13,"shift":"a1","weight":1},{"day":18,"shift":"a1","weight":1},{"day":19,"shift":"a1","weight":1},{"day":20,"shift":"a1","weight":1},{"day":21,"shift":"a1","weight":1},{"day":27,"shift":"p2","weight":1}],"offRequests":null},{"id":"AB","maxShifts":[0,28,28,0,28,28],"minTotalMinutes":7560,"maxTotalMinutes":8640,"minConsecutiveShifts":2,"maxConsecutiveShifts":5,"minConsecutiveDaysOff":2,"maxWeekends":2,"daysOff":[8,12],"onRequests":[{"day":23,"shift":"a2","weight":3},{"day":24,"shift":"a2","weight":3},{"day":25,"shift":"a2","weight":3},{"day":26,"shift":"a2","weight":3},{"day":27,"shift":"a2","weight":3}],"offRequests":[{"day":3,"shift":"p1","weight":3},{"day":4,"shift":"p1","weight":3}]},{"id":"AC","maxShifts":[28,0,28,28,28,0],"minTotalMinutes":7560,"maxTotalMinutes":8640,"minConsecutiveShifts":2,"maxConsecutiveShifts":5,"minConsecutiveDaysOff":2,"maxWeekends":2,"daysOff":[1,24],"onRequests":[{"day":3,"shift":"d1","weight":2},{"day":4,"shift":"d1","weight":2}],"offRequests":[{"day":16,"shift":"a1","weight":2},{"day":17,"shift":"a1","weight":2}]},{"id":"AD","maxShifts":[0,28,0,28,28,28],"minTotalMinutes":7560,"maxTotalMinutes":8640,"minConsecutiveShifts":2,"maxConsecutiveShifts":5,"minConsecutiveDaysOff":2,"maxWeekends":2,"daysOff":[10,11],"onRequests":null,"offRequests":[{"day":19,"shift":"d2","weight":1},{"day":20,"shift":"d2","weight":1}]},{"id":"AE","maxShifts":[28,28,0,28,0,0],"minTotalMinutes":7560,"maxTotalMinutes":8640,"minConsecutiveShifts":2,"maxConsecutiveShifts":5,"minConsecutiveDaysOff":2,"maxWeekends":2,"daysOff":[9,27],"onRequests":[{"day":0,"shift":"d2","weight":3},{"day":1,"shift":"d2","weight":3},{"day":2,"shift":"d2","weight":3},{"day":10,"shift":"a1","weight":3},{"day":11,"shift":"a1","weight":3}],"offRequests":[{"day":18,"shift":"a2","weight":3},{"day":19,"shift":"a2","weight":3},{"day":20,"shift":"a2","weight":3}]},{"id":"AF","maxShifts":[28,0,28,28,28,28],"minTotalMinutes":7560,"maxTotalMinutes":8640,"minConsecutiveShifts":2,"maxConsecutiveShifts":5,"minConsecutiveDaysOff":2,"maxWeekends":2,"daysOff":[7,8],"onRequests":[{"day":0,"shift":"p1","weight":1},{"day":1,"shift":"p1","weight":1},{"day":2,"shift":"p1","weight":1},{"day":3,"shift":"p1","weight":1},{"day":4,"shift":"p1","weight":1}],"offRequests":null},{"id":"AG","maxShifts":[28,28,0,0,28,0],"minTotalMinutes":7560,"maxTotalMinutes":8640,"minConsecutiveShifts":2,"maxConsecutiveShifts":5,"minConsecutiveDaysOff":2,"maxWeekends":2,"daysOff":[8,9],"onRequests":[{"day":24,"shift":"a2","weight":2}],"offRequests":[{"day":13,"shift":"a2","weight":1},{"day":14,"shift":"a2","weight":1},{"day":15,"shift":"a2","weight":1},{"day":16,"shift":"a2","weight":1}]},{"id":"AH","maxShifts":[28,28,28,28,28,0],"minTotalMinutes":7560,"maxTotalMinutes":8640,"minConsecutiveShifts":2,"maxConsecutiveShifts":5,"minConsecutiveDaysOff":2,"maxWeekends":2,"daysOff":[25,26],"onRequests":[{"day":3,"shift":"d1","weight":3},{"day":4,"shift":"d1","weight":3},{"day":5,"shift":"d1","weight":3},{"day":6,"shift":"d1","weight":3},{"day":7,"shift":"d1","weight":3},{"day":13,"shift":"p1","weight":3},{"day":14,"shift":"p1","weight":3},{"day":15,"shift":"p1","weight":3},{"day":16,"shift":"p1","weight":3}],"offRequests":null},{"id":"AI","maxShifts":[28,28,28,28,28,0],"minTotalMinutes":7560,"maxTotalMinutes":8640,"minConsecutiveShifts":2,"maxConsecutiveShifts":5,"minConsecutiveDaysOff":2,"maxWeekends":2,"daysOff":[14,24],"onRequests":[{"day":0,"shift":"a2","weight":2},{"day":1,"shift":"a2","weight":2},{"day":2,"shift":"a2","weight":2},{"day":15,"shift":"a2","weight":2},{"day":16,"shift":"a2","weight":2},{"day":17,"shift":"a2","weight":2},{"day":18,"shift":"a2","weight":2}],"offRequests":null},{"id":"AJ","maxShifts":[0,0,28,0,0,28],"minTotalMinutes":7560,"maxTotalMinutes":8640,"minConsecutiveShifts":2,"maxConsecutiveShifts":5,"minConsecutiveDaysOff":2,"maxWeekends":2,"daysOff":[9,10],"onRequests":null,"offRequests":null},{"id":"AK","maxShifts":[0,28,28,28,28,0],"minTotalMinutes":7560,"maxTotalMinutes":8640,"minConsecutiveShifts":2,"maxConsecutiveShifts":5,"minConsecutiveDaysOff":2,"maxWeekends":2,"daysOff":[11,12],"onRequests":[{"day":23,"shift":"p1","weight":1}],"offRequests":[{"day":13,"shift":"a2","weight":1},{"day":14,"shift":"a2","weight":1},{"day":15,"shift":"a2","weight":1},{"day":16,"shift":"a2","weight":1}]},{"id":"AL","maxShifts":[28,0,28,28,0,0],"minTotalMinutes":7560,"maxTotalMinutes":8640,"minConsecutiveShifts":2,"maxConsecutiveShifts":5,"minConsecutiveDaysOff":2,"maxWeekends":2,"daysOff":[5,8],"onRequests":[{"day":2,"shift":"a1","weight":1},{"day":14,"shift":"a1","weight":1},{"day":15,"shift":"a1","weight":1},{"day":16,"shift":"a1","weight":1},{"day":17,"shift":"a1","weight":1},{"day":18,"shift":"a1","weight":1}],"offRequests":null},{"id":"AM","maxShifts":[28,0,0,28,28,0],"minTotalMinutes":7560,"maxTotalMinutes":8640,"minConsecutiveShifts":2,"maxConsecutiveShifts":5,"minConsecutiveDaysOff":2,"maxWeekends":2,"daysOff":[1,2],"onRequests":[{"day":3,"shift":"a1","weight":2},{"day":4,"shift":"a1","weight":2},{"day":5,"shift":"a1","weight":2},{"day":14,"shift":"a1","weight":1},{"day":21,"shift":"a1","weight":2},{"day":22,"shift":"a1","weight":2},{"day":23,"shift":"a1","weight":2}],"offRequests":null},{"id":"AN","maxShifts":[28,28,28,28,0,28],"minTotalMinutes":7560,"maxTotalMinutes":8640,"minConsecutiveShifts":2,"maxConsecutiveShifts":5,"minConsecutiveDaysOff":2,"maxWeekends":2,"daysOff":[25,26],"onRequests":[{"day":10,"shift":"a2","weight":1},{"day":11,"shift":"a2","weight":1},{"day":12,"shift":"a2","weight":1},{"day":13,"shift":"a2","weight":1}],"offRequests":[{"day":19,"shift":"d1","weight":2},{"day":20,"shift":"d1","weight":2},{"day":21,"shift":"d1","weight":2}]},{"id":"AO","maxShifts":[0,0,0,28,28,28],"minTotalMinutes":7560,"maxTotalMinutes":8640,"minConsecutiveShifts":2,"maxConsecutiveShifts":6,"minConsecutiveDaysOff":3,"maxWeekends":2,"daysOff":[9,18],"onRequests":[{"day":3,"shift":"d2","weight":3},{"day":4,"shift":"d2","weight":3}],"offRequests":[{"day":19,"shift":"p2","weight":1},{"day":20,"shift":"p2","weight":1},{"day":21,"shift":"p2","weight":1},{"day":22,"shift":"p2","weight":1},{"day":23,"shift":"p2","weight":1}]},{"id":"AP","maxShifts":[28,28,28,28,0,0],"minTotalMinutes":7560,"maxTotalMinutes":8640,"minConsecutiveShifts":2,"maxConsecutiveShifts":6,"minConsecutiveDaysOff":3,"maxWeekends":2,"daysOff":[14,15],"onRequests":[{"day":0,"shift":"a1","weight":3},{"day":5,"shift":"a1","weight":3},{"day":6,"shift":"a1","weight":3},{"day":7,"shift":"a1","weight":3},{"day":8,"shift":"a1","weight":3}],"offRequests":[{"day":23,"shift":"d1","weight":3},{"day":24,"shift":"d1","weight":3},{"day":25,"shift":"d1","weight":3},{"day":26,"shift":"d1","weight":3}]},{"id":"AQ","maxShifts":[0,0,0,28,28,28],"minTotalMinutes":7560,"maxTotalMinutes":8640,"minConsecutiveShifts":2,"maxConsecutiveShifts":6,"minConsecutiveDaysOff":3,"maxWeekends":2,"daysOff":[6,15],"onRequests":null,"offRequests":[{"day":2,"shift":"d2","weight":2},{"day":3,"shift":"d2","weight":2},{"day":4,"shift":"d2","weight":2},{"day":17,"shift":"p2","weight":2},{"day":18,"shift":"p2","weight":2},{"day":19,"shift":"p2","weight":2},{"day":20,"shift":"p2","weight":2},{"day":21,"shift":"p2","weight":2}]},{"id":"AR","maxShifts":[28,28,28,0,28,28],"minTotalMinutes":7560,"maxTotalMinutes":8640,"minConsecutiveShifts":2,"maxConsecutiveShifts":6,"minConsecutiveDaysOff":3,"maxWeekends":2,"daysOff":[13,19],"onRequests":null,"offRequests":[{"day":0,"shift":"a2","weight":1},{"day":1,"shift":"a2","weight":1},{"day":2,"shift":"a2","weight":1},{"day":7,"shift":"p2","weight":2},{"day":14,"shift":"a1","weight":2},{"day":15,"shift":"a1","weight":2},{"day":16,"shift":"a1","weight":2},{"day":17,"shift":"a1","weight":2},{"day":18,"shift":"a1","weight":2}]},{"id":"AS","maxShifts":[28,0,28,28,0,28],"minTotalMinutes":7560,"maxTotalMinutes":8640,"minConsecutiveShifts":2,"maxConsecutiveShifts":6,"minConsecutiveDaysOff":3,"maxWeekends":2,"daysOff":[20,26],"onRequests":null,"offRequests":null},{"id":"AT","maxShifts":[28,28,28,28,0,28],"minTotalMinutes":7560,"maxTotalMinutes":8640,"minConsecutiveShifts":2,"maxConsecutiveShifts":6,"minConsecutiveDaysOff":3,"maxWeekends":2,"daysOff":[2,8],"onRequests":[{"day":13,"shift":"d2","weight":3},{"day":14,"shift":"d2","weight":3},{"day":15,"shift":"d2","weight":3},{"day":16,"shift":"d2","weight":3},{"day":25,"shift":"a1","weight":1},{"day":26,"shift":"a1","weight":1},{"day":27,"shift":"a1","weight":1}],"offRequests":null},{"id":"AU","maxShifts":[0,28,0,28,28,28],"minTotalMinutes":7560,"maxTotalMinutes":8640,"minConsecutiveShifts":2,"maxConsecutiveShifts":6,"minConsecutiveDaysOff":3,"maxWeekends":2,"daysOff":[12,13],"onRequests":[{"day":16,"shift":"p1","weight":2},{"day":17,"shift":"p1","weight":2},{"day":18,"shift":"p1","weight":2},{"day":27,"shift":"d2","weight":1}],"offRequests":null},{"id":"AV","maxShifts":[28,28,28,28,28,0],"minTotalMinutes":7560,"maxTotalMinutes":8640,"minConsecutiveShifts":2,"maxConsecutiveShifts":6,"minConsecutiveDaysOff":3,"maxWeekends":2,"daysOff":[8,16],"onRequests":[{"day":1,"shift":"d1","weight":1},{"day":2,"shift":"d1","weight":1},{"day":3,"shift":"d1","weight":1},{"day":4,"shift":"d1","weight":1},{"day":5,"shift":"d1","weight":1},{"day":17,"shift":"d1","weight":2},{"day":18,"shift":"d1","weight":2},{"day":19,"shift":"d1","weight":2},{"day":20,"shift":"d1","weight":2},{"day":24,"shift":"d1","weight":1},{"day":25,"shift":"d1","weight":1}],"offRequests":null},{"id":"AW","maxShifts":[0,0,0,28,28,28],"minTotalMinutes":7560,"maxTotalMinutes":8640,"minConsecutiveShifts":2,"maxConsecutiveShifts":6,"minConsecutiveDaysOff":3,"maxWeekends":2,"daysOff":[5,6],"onRequests":[{"day":3,"shift":"d2","weight":1},{"day":18,"shift":"p1","weight":3}],"offRequests":[{"day":25,"shift":"p1","weight":2},{"day":26,"shift":"p1","weight":2}]},{"id":"AX","maxShifts":[28,28,28,28,28,28],"minTotalMinutes":7560,"maxTotalMinutes":8640,"minConsecutiveShifts":2,"maxConsecutiveShifts":6,"minConsecutiveDaysOff":3,"maxWeekends":2,"daysOff":[22,23],"onRequests":[{"day":0,"shift":"p2","weight":2},{"day":1,"shift":"p2","weight":2},{"day":2,"shift":"p2","weight":2},{"day":3,"shift":"p2","weight":2},{"day":4,"shift":"p2","weight":2}],"offRequests":[{"day":16,"shift":"a1","weight":1},{"day":17,"shift":"a1","weight":1},{"day":18,"shift":"a1","weight":1},{"day":19,"shift":"a1","weight":1},{"day":25,"shift":"d2","weight":1}]}],"covers":[[{"requirement":5,"weightIfUnder":100,"weightIfOver":1},{"requirement":3,"weightIfUnder":100,"weightIfOver":1},{"requirement":8,"weightIfUnder":100,"weightIfOver":1},{"requirement":3,"weightIfUnder":100,"weightIfOver":1},{"requirement":5,"weightIfUnder":100,"weightIfOver":1},{"requirement":4,"weightIfUnder":100,"weightIfOver":1}],[{"requirement":7,"weightIfUnder":100,"weightIfOver":1},{"requirement":3,"weightIfUnder":100,"weightIfOver":1},{"requirement":8,"weightIfUnder":100,"weightIfOver":1},{"requirement":3,"weightIfUnder":100,"weightIfOver":1},{"requirement":6,"weightIfUnder":100,"weightIfOver":1},{"requirement":5,"weightIfUnder":100,"weightIfOver":1}],[{"requirement":4,"weightIfUnder":100,"weightIfOver":1},{"requirement":4,"weightIfUnder":100,"weightIfOver":1},{"requirement":9,"weightIfUnder":100,"weightIfOver":1},{"requirement":3,"weightIfUnder":100,"weightIfOver":1},{"requirement":5,"weightIfUnder":100,"weightIfOver":1},{"requirement":2,"weightIfUnder":100,"weightIfOver":1}],[{"requirement":6,"weightIfUnder":100,"weightIfOver":1},{"requirement":3,"weightIfUnder":100,"weightIfOver":1},{"requirement":9,"weightIfUnder":100,"weightIfOver":1},{"requirement":3,"weightIfUnder":100,"weightIfOver":1},{"requirement":5,"weightIfUnder":100,"weightIfOver":1},{"requirement":4,"weightIfUnder":100,"weightIfOver":1}],[{"requirement":6,"weightIfUnder":100,"weightIfOver":1},{"requirement":3,"weightIfUnder":100,"weightIfOver":1},{"requirement":7,"weightIfUnder":100,"weightIfOver":1},{"requirement":2,"weightIfUnder":100,"weightIfOver":1},{"requirement":5,"weightIfUnder":100,"weightIfOver":1},{"requirement":3,"weightIfUnder":100,"weightIfOver":1}],[{"requirement":4,"weightIfUnder":100,"weightIfOver":1},{"requirement":3,"weightIfUnder":100,"weightIfOver":1},{"requirement":11,"weightIfUnder":100,"weightIfOver":1},{"requirement":3,"weightIfUnder":100,"weightIfOver":1},{"requirement":5,"weightIfUnder":100,"weightIfOver":1},{"requirement":5,"weightIfUnder":100,"weightIfOver":1}],[{"requirement":6,"weightIfUnder":100,"weightIfOver":1},{"requirement":2,"weightIfUnder":100,"weightIfOver":1},{"requirement":9,"weightIfUnder":100,"weightIfOver":1},{"requirement":4,"weightIfUnder":100,"weightIfOver":1},{"requirement":6,"weightIfUnder":100,"weightIfOver":1},{"requirement":3,"weightIfUnder":100,"weightIfOver":1}],[{"requirement":6,"weightIfUnder":100,"weightIfOver":1},{"requirement":2,"weightIfUnder":100,"weightIfOver":1},{"requirement":9,"weightIfUnder":100,"weightIfOver":1},{"requirement":3,"weightIfUnder":100,"weightIfOver":1},{"requirement":5,"weightIfUnder":100,"weightIfOver":1},{"requirement":3,"weightIfUnder":100,"weightIfOver":1}],[{"requirement":7,"weightIfUnder":100,"weightIfOver":1},{"requirement":3,"weightIfUnder":100,"weightIfOver":1},{"requirement":9,"weightIfUnder":100,"weightIfOver":1},{"requirement":2,"weightIfUnder":100,"weightIfOver":1},{"requirement":6,"weightIfUnder":100,"weightIfOver":1},{"requirement":2,"weightIfUnder":100,"weightIfOver":1}],[{"requirement":6,"weightIfUnder":100,"weightIfOver":1},{"requirement":4,"weightIfUnder":100,"weightIfOver":1},{"requirement":8,"weightIfUnder":100,"weightIfOver":1},{"requirement":3,"weightIfUnder":100,"weightIfOver":1},{"requirement":6,"weightIfUnder":100,"weightIfOver":1},{"requirement":3,"weightIfUnder":100,"weightIfOver":1}],[{"requirement":7,"weightIfUnder":100,"weightIfOver":1},{"requirement":2,"weightIfUnder":100,"weightIfOver":1},{"requirement":9,"weightIfUnder":100,"weightIfOver":1},{"requirement":3,"weightIfUnder":100,"weightIfOver":1},{"requirement":6,"weightIfUnder":100,"weightIfOver":1},{"requirement":4,"weightIfUnder":100,"weightIfOver":1}],[{"requirement":7,"weightIfUnder":100,"weightIfOver":1},{"requirement":3,"weightIfUnder":100,"weightIfOver":1},{"requirement":8,"weightIfUnder":100,"weightIfOver":1},{"requirement":2,"weightIfUnder":100,"weightIfOver":1},{"requirement":7,"weightIfUnder":100,"weightIfOver":1},{"requirement":3,"weightIfUnder":100,"weightIfOver":1}],[{"requirement":6,"weightIfUnder":100,"weightIfOver":1},{"requirement":3,"weightIfUnder":100,"weightIfOver":1},{"requirement":10,"weightIfUnder":100,"weightIfOver":1},{"requirement":5,"weightIfUnder":100,"weightIfOver":1},{"requirement":6,"weightIfUnder":100,"weightIfOver":1},{"requirement":3,"weightIfUnder":100,"weightIfOver":1}],[{"requirement":6,"weightIfUnder":100,"weightIfOver":1},{"requirement":3,"weightIfUnder":100,"weightIfOver":1},{"requirement":8,"weightIfUnder":100,"weightIfOver":1},{"requirement":5,"weightIfUnder":100,"weightIfOver":1},{"requirement":6,"weightIfUnder":100,"weightIfOver":1},{"requirement":4,"weightIfUnder":100,"weightIfOver":1}],[{"requirement":5,"weightIfUnder":100,"weightIfOver":1},{"requirement":3,"weightIfUnder":100,"weightIfOver":1},{"requirement":9,"weightIfUnder":100,"weightIfOver":1},{"requirement":3,"weightIfUnder":100,"weightIfOver":1},{"requirement":5,"weightIfUnder":100,"weightIfOver":1},{"requirement":3,"weightIfUnder":100,"weightIfOver":1}],[{"requirement":6,"weightIfUnder":100,"weightIfOver":1},{"requirement":3,"weightIfUnder":100,"weightIfOver":1},{"requirement":6,"weightIfUnder":100,"weightIfOver":1},{"requirement":3,"weightIfUnder":100,"weightIfOver":1},{"requirement":7,"weightIfUnder":100,"weightIfOver":1},{"requirement":3,"weightIfUnder":100,"weightIfOver":1}],[{"requirement":7,"weightIfUnder":100,"weightIfOver":1},{"requirement":3,"weightIfUnder":100,"weightIfOver":1},{"requirement":8,"weightIfUnder":100,"weightIfOver":1},{"requirement":2,"weightIfUnder":100,"weightIfOver":1},{"requirement":6,"weightIfUnder":100,"weightIfOver":1},{"requirement":3,"weightIfUnder":100,"weightIfOver":1}],[{"requirement":6,"weightIfUnder":100,"weightIfOver":1},{"requirement":3,"weightIfUnder":100,"weightIfOver":1},{"requirement":7,"weightIfUnder":100,"weightIfOver":1},{"requirement":2,"weightIfUnder":100,"weightIfOver":1},{"requirement":6,"weightIfUnder":100,"weightIfOver":1},{"requirement":2,"weightIfUnder":100,"weightIfOver":1}],[{"requirement":7,"weightIfUnder":100,"weightIfOver":1},{"requirement":3,"weightIfUnder":100,"weightIfOver":1},{"requirement":8,"weightIfUnder":100,"weightIfOver":1},{"requirement":4,"weightIfUnder":100,"weightIfOver":1},{"requirement":4,"weightIfUnder":100,"weightIfOver":1},{"requirement":5,"weightIfUnder":100,"weightIfOver":1}],[{"requirement":5,"weightIfUnder":100,"weightIfOver":1},{"requirement":4,"weightIfUnder":100,"weightIfOver":1},{"requirement":7,"weightIfUnder":100,"weightIfOver":1},{"requirement":3,"weightIfUnder":100,"weightIfOver":1},{"requirement":4,"weightIfUnder":100,"weightIfOver":1},{"requirement":3,"weightIfUnder":100,"weightIfOver":1}],[{"requirement":6,"weightIfUnder":100,"weightIfOver":1},{"requirement":3,"weightIfUnder":100,"weightIfOver":1},{"requirement":9,"weightIfUnder":100,"weightIfOver":1},{"requirement":3,"weightIfUnder":100,"weightIfOver":1},{"requirement":6,"weightIfUnder":100,"weightIfOver":1},{"requirement":3,"weightIfUnder":100,"weightIfOver":1}],[{"requirement":5,"weightIfUnder":100,"weightIfOver":1},{"requirement":3,"weightIfUnder":100,"weightIfOver":1},{"requirement":9,"weightIfUnder":100,"weightIfOver":1},{"requirement":3,"weightIfUnder":100,"weightIfOver":1},{"requirement":5,"weightIfUnder":100,"weightIfOver":1},{"requirement":4,"weightIfUnder":100,"weightIfOver":1}],[{"requirement":6,"weightIfUnder":100,"weightIfOver":1},{"requirement":3,"weightIfUnder":100,"weightIfOver":1},{"requirement":8,"weightIfUnder":100,"weightIfOver":1},{"requirement":4,"weightIfUnder":100,"weightIfOver":1},{"requirement":8,"weightIfUnder":100,"weightIfOver":1},{"requirement":3,"weightIfUnder":100,"weightIfOver":1}],[{"requirement":5,"weightIfUnder":100,"weightIfOver":1},{"requirement":2,"weightIfUnder":100,"weightIfOver":1},{"requirement":10,"weightIfUnder":100,"weightIfOver":1},{"requirement":3,"weightIfUnder":100,"weightIfOver":1},{"requirement":3,"weightIfUnder":100,"weightIfOver":1},{"requirement":3,"weightIfUnder":100,"weightIfOver":1}],[{"requirement":7,"weightIfUnder":100,"weightIfOver":1},{"requirement":4,"weightIfUnder":100,"weightIfOver":1},{"requirement":8,"weightIfUnder":100,"weightIfOver":1},{"requirement":2,"weightIfUnder":100,"weightIfOver":1},{"requirement":5,"weightIfUnder":100,"weightIfOver":1},{"requirement":3,"weightIfUnder":100,"weightIfOver":1}],[{"requirement":4,"weightIfUnder":100,"weightIfOver":1},{"requirement":5,"weightIfUnder":100,"weightIfOver":1},{"requirement":6,"weightIfUnder":100,"weightIfOver":1},{"requirement":4,"weightIfUnder":100,"weightIfOver":1},{"requirement":5,"weightIfUnder":100,"weightIfOver":1},{"requirement":4,"weightIfUnder":100,"weightIfOver":1}],[{"requirement":7,"weightIfUnder":100,"weightIfOver":1},{"requirement":2,"weightIfUnder":100,"weightIfOver":1},{"requirement":8,"weightIfUnder":100,"weightIfOver":1},{"requirement":3,"weightIfUnder":100,"weightIfOver":1},{"requirement":4,"weightIfUnder":100,"weightIfOver":1},{"requirement":4,"weightIfUnder":100,"weightIfOver":1}],[{"requirement":5,"weightIfUnder":100,"weightIfOver":1},{"requirement":2,"weightIfUnder":100,"weightIfOver":1},{"requirement":7,"weightIfUnder":100,"weightIfOver":1},{"requirement":3,"weightIfUnder":100,"weightIfOver":1},{"requirement":5,"weightIfUnder":100,"weightIfOver":1},{"requirement":2,"weightIfUnder":100,"weightIfOver":1}]]}