{"nDays":84,"shifts":[{"id":"E","length":480,"forbiddenFollowingShifts":null},{"id":"D","length":480,"forbiddenFollowingShifts":["E"]},{"id":"L","length":480,"forbiddenFollowingShifts":["E","D"]}],"staffs":[{"id":"A","maxShifts":[0,84,43],"minTotalMinutes":24960,"maxTotalMinutes":25920,"minConsecutiveShifts":2,"maxConsecutiveShifts":5,"minConsecutiveDaysOff":2,"maxWeekends":6,"daysOff":[31,32,33,34,35,36,37,38],"onRequests":[{"day":17,"shift":"L","weight":2},{"day":18,"shift":"L","weight":2},{"day":19,"shift":"L","weight":2},{"day":20,"shift":"L","weight":2},{"day":21,"shift":"L","weight":2},{"day":49,"shift":"L","weight":2},{"day":50,"shift":"L","weight":2},{"day":51,"shift":"L","weight":2},{"day":52,"shift":"L","weight":2},{"day":58,"shift":"D","weight":1},{"day":59,"shift":"D","weight":1},{"day":60,"shift":"D","weight":1},{"day":61,"shift":"D","weight":1},{"day":62,"shift":"D","weight":1},{"day":66,"shift":"L","weight":3},{"day":67,"shift":"L","weight":3},{"day":68,"shift":"L","weight":3}],"offRequests":[{"day":6,"shift":"D","weight":1},{"day":82,"shift":"D","weight":2}]},{"id":"B","maxShifts":[84,0,43],"minTotalMinutes":24960,"maxTotalMinutes":25920,"minConsecutiveShifts":2,"maxConsecutiveShifts":5,"minConsecutiveDaysOff":2,"maxWeekends":6,"daysOff":[23,33,38,39,40,41,56,61],"onRequests":[{"day":8,"shift":"L","weight":2},{"day":9,"shift":"L","weight":2},{"day":10,"shift":"L","weight":2},{"day":11,"shift":"L","weight":2},{"day":12,"shift":"L","weight":2},{"day":16,"shift":"E","weight":2},{"day":17,"shift":"E","weight":2},{"day":18,"shift":"E","weight":2},{"day":42,"shift":"L","weight":2}],"offRequests":[{"day":48,"shift":"L","weight":1},{"day":49,"shift":"L","weight":1},{"day":50,"shift":"L","weight":1},{"day":51,"shift":"L","weight":1},{"day":52,"shift":"L","weight":1},{"day":64,"shift":"E","weight":3},{"day":65,"shift":"E","weight":3},{"day":76,"shift":"E","weight":1},{"day":77,"shift":"E","weight":1},{"day":78,"shift":"E","weight":1}]},{"id":"C","maxShifts":[84,84,43],"minTotalMinutes":24960,"maxTotalMinutes":25920,"minConsecutiveShifts":2,"maxConsecutiveShifts":5,"minConsecutiveDaysOff":2,"maxWeekends":6,"daysOff":[55,56,57,58,59,60,61,76],"onRequests":[{"day":28,"shift":"E","weight":3},{"day":29,"shift":"E","weight":3},{"day":34,"shift":"D","weight":1},{"day":35,"shift":"D","weight":1},{"day":40,"shift":"D","weight":2},{"day":67,"shift":"E","weight":3},{"day":72,"shift":"L","weight":2},{"day":80,"shift":"L","weight":1},{"day":81,"shift":"L","weight":1},{"day":82,"shift":"L","weight":1}],"offRequests":[{"day":1,"shift":"L","weight":3},{"day":2,"shift":"L","weight":3},{"day":3,"shift":"L","weight":3},{"day":9,"shift":"E","weight":1},{"day":10,"shift":"E","weight":1},{"day":11,"shift":"E","weight":1},{"day":12,"shift":"E","weight":1},{"day":17,"shift":"D","weight":3},{"day":18,"shift":"D","weight":3},{"day":19,"shift":"D","weight":3},{"day":20,"shift":"D","weight":3},{"day":52,"shift":"E","weight":3},{"day":53,"shift":"E","weight":3}]},{"id":"D","maxShifts":[84,84,0],"minTotalMinutes":24960,"maxTotalMinutes":25920,"minConsecutiveShifts":2,"maxConsecutiveShifts":5,"minConsecutiveDaysOff":2,"maxWeekends":6,"daysOff":[15,16,17,18,19,20,21,22],"onRequests":[{"day":1,"shift":"D","weight":2},{"day":9,"shift":"E","weight":2},{"day":10,"shift":"E","weight":2},{"day":11,"shift":"E","weight":2},{"day":12,"shift":"E","weight":2},{"day":13,"shift":"E","weight":2},{"day":23,"shift":"E","weight":3},{"day":24,"shift":"E","weight":3},{"day":25,"shift":"E","weight":3},{"day":33,"shift":"E","weight":3},{"day":34,"shift":"E","weight":3},{"day":39,"shift":"D","weight":3},{"day":40,"shift":"D","weight":3},{"day":41,"shift":"D","weight":3},{"day":58,"shift":"E","weight":2},{"day":59,"shift":"E","weight":2},{"day":60,"shift":"E","weight":2},{"day":61,"shift":"E","weight":2},{"day":62,"shift":"E","weight":2},{"day":70,"shift":"E","weight":1},{"day":71,"shift":"E","weight":1}],"offRequests":null},{"id":"E","maxShifts":[0,84,43],"minTotalMinutes":24960,"maxTotalMinutes":25920,"minConsecutiveShifts":2,"maxConsecutiveShifts":5,"minConsecutiveDaysOff":2,"maxWeekends":6,"daysOff":[23,24,25,26,63,67,68,78],"onRequests":[{"day":3,"shift":"D","weight":3},{"day":11,"shift":"D","weight":1},{"day":12,"shift":"D","weight":1},{"day":13,"shift":"D","weight":1},{"day":34,"shift":"L","weight":2},{"day":35,"shift":"L","weight":2},{"day":36,"shift":"L","weight":2},{"day":41,"shift":"L","weight":1},{"day":58,"shift":"L","weight":2},{"day":59,"shift":"L","weight":2},{"day":60,"shift":"L","weight":2},{"day":71,"shift":"D","weight":3},{"day":72,"shift":"D","weight":3},{"day":73,"shift":"D","weight":3},{"day":80,"shift":"L","weight":2},{"day":81,"shift":"L","weight":2},{"day":82,"shift":"L","weight":2}],"offRequests":null},{"id":"F","maxShifts":[0,84,43],"minTotalMinutes":24960,"maxTotalMinutes":25920,"minConsecutiveShifts":2,"maxConsecutiveShifts":5,"minConsecutiveDaysOff":2,"maxWeekends":6,"daysOff":[17,18,37,38,39,40,60,81],"onRequests":[{"day":21,"shift":"L","weight":3},{"day":22,"shift":"L","weight":3},{"day":23,"shift":"L","weight":3},{"day":24,"shift":"L","weight":3},{"day":29,"shift":"D","weight":2},{"day":53,"shift":"L","weight":3},{"day":54,"shift":"L","weight":3},{"day":55,"shift":"L","weight":3},{"day":56,"shift":"L","weight":3},{"day":74,"shift":"D","weight":1},{"day":75,"shift":"D","weight":1},{"day":76,"shift":"D","weight":1}],"offRequests":[{"day":12,"shift":"L","weight":1},{"day":13,"shift":"L","weight":1}]},{"id":"G","maxShifts":[84,84,43],"minTotalMinutes":24960,"maxTotalMinutes":25920,"minConsecutiveShifts":2,"maxConsecutiveShifts":5,"minConsecutiveDaysOff":2,"maxWeekends":6,"daysOff":[12,13,14,15,16,17,18,31],"onRequests":[{"day":19,"shift":"E","weight":1},{"day":20,"shift":"E","weight":1},{"day":21,"shift":"E","weight":1},{"day":22,"shift":"E","weight":1},{"day":26,"shift":"E","weight":3},{"day":38,"shift":"L","weight":1},{"day":39,"shift":"L","weight":1},{"day":45,"shift":"L","weight":2},{"day":46,"shift":"L","weight":2},{"day":47,"shift":"L","weight":2},{"day":48,"shift":"L","weight":2},{"day":49,"shift":"L","weight":2},{"day":63,"shift":"E","weight":2}],"offRequests":[{"day":0,"shift":"L","weight":3},{"day":1,"shift":"L","weight":3},{"day":2,"shift":"L","weight":3},{"day":3,"shift":"L","weight":3},{"day":53,"shift":"E","weight":1},{"day":54,"shift":"E","weight":1},{"day":55,"shift":"E","weight":1},{"day":56,"shift":"E","weight":1},{"day":57,"shift":"E","weight":1},{"day":70,"shift":"D","weight":2},{"day":71,"shift":"D","weight":2}]},{"id":"H","maxShifts":[84,84,43],"minTotalMinutes":24960,"maxTotalMinutes":25920,"minConsecutiveShifts":2,"maxConsecutiveShifts":5,"minConsecutiveDaysOff":2,"maxWeekends":6,"daysOff":[2,3,4,11,30,49,50,51],"onRequests":[{"day":23,"shift":"L","weight":3},{"day":24,"shift":"L","weight":3},{"day":44,"shift":"E","weight":1},{"day":45,"shift":"E","weight":1},{"day":46,"shift":"E","weight":1},{"day":52,"shift":"L","weight":3},{"day":68,"shift":"D","weight":3},{"day":69,"shift":"D","weight":3},{"day":76,"shift":"D","weight":3}],"offRequests":[{"day":31,"shift":"E","weight":1}]},{"id":"I","maxShifts":[84,84,43],"minTotalMinutes":24960,"maxTotalMinutes":25920,"minConsecutiveShifts":2,"maxConsecutiveShifts":5,"minConsecutiveDaysOff":2,"maxWeekends":6,"daysOff":[30,31,32,33,34,35,36,37],"onRequests":[{"day":50,"shift":"E","weight":3},{"day":58,"shift":"E","weight":1},{"day":59,"shift":"E","weight":1},{"day":60,"shift":"E","weight":1},{"day":61,"shift":"E","weight":1},{"day":62,"shift":"E","weight":1},{"day":71,"shift":"L","weight":3},{"day":72,"shift":"L","weight":3},{"day":76,"shift":"D","weight":1},{"day":77,"shift":"D","weight":1}],"offRequests":[{"day":41,"shift":"E","weight":1},{"day":42,"shift":"E","weight":1},{"day":43,"shift":"E","weight":1}]},{"id":"J","maxShifts":[84,84,43],"minTotalMinutes":24960,"maxTotalMinutes":25920,"minConsecutiveShifts":2,"maxConsecutiveShifts":5,"minConsecutiveDaysOff":2,"maxWeekends":6,"daysOff":[4,5,6,7,8,9,10,14],"onRequests":[{"day":0,"shift":"D","weight":1},{"day":12,"shift":"D","weight":2},{"day":13,"shift":"D","weight":2},{"day":31,"shift":"E","weight":2},{"day":32,"shift":"E","weight":2},{"day":33,"shift":"E","weight":2},{"day":34,"shift":"E","weight":2},{"day":54,"shift":"L","weight":2},{"day":59,"shift":"L","weight":3},{"day":60,"shift":"L","weight":3},{"day":61,"shift":"L","weight":3},{"day":62,"shift":"L","weight":3},{"day":73,"shift":"E","weight":3},{"day":74,"shift":"E","weight":3},{"day":75,"shift":"E","weight":3},{"day":76,"shift":"E","weight":3},{"day":77,"shift":"E","weight":3}],"offRequests":[{"day":21,"shift":"L","weight":2},{"day":22,"shift":"L","weight":2},{"day":23,"shift":"L","weight":2}]},{"id":"K","maxShifts":[84,84,43],"minTotalMinutes":24960,"maxTotalMinutes":25920,"minConsecutiveShifts":2,"maxConsecutiveShifts":5,"minConsecutiveDaysOff":2,"maxWeekends":6,"daysOff":[37,38,39,40,41,75,76,77],"onRequests":[{"day":9,"shift":"L","weight":2},{"day":10,"shift":"L","weight":2},{"day":11,"shift":"L","weight":2},{"day":12,"shift":"L","weight":2},{"day":20,"shift":"D","weight":1},{"day":21,"shift":"D","weight":1},{"day":22,"shift":"D","weight":1},{"day":23,"shift":"D","weight":1},{"day":43,"shift":"L","weight":2},{"day":44,"shift":"L","weight":2},{"day":55,"shift":"E","weight":1},{"day":56,"shift":"E","weight":1},{"day":57,"shift":"E","weight":1},{"day":58,"shift":"E","weight":1},{"day":63,"shift":"D","weight":3},{"day":64,"shift":"D","weight":3},{"day":69,"shift":"D","weight":1},{"day":70,"shift":"D","weight":1},{"day":83,"shift":"L","weight":2}],"offRequests":null},{"id":"L","maxShifts":[84,84,43],"minTotalMinutes":24960,"maxTotalMinutes":25920,"minConsecutiveShifts":2,"maxConsecutiveShifts":5,"minConsecutiveDaysOff":2,"maxWeekends":6,"daysOff":[20,21,22,42,43,44,45,46],"onRequests":[{"day":1,"shift":"L","weight":3},{"day":2,"shift":"L","weight":3},{"day":3,"shift":"L","weight":3},{"day":4,"shift":"L","weight":3},{"day":5,"shift":"L","weight":3},{"day":12,"shift":"E","weight":1},{"day":13,"shift":"E","weight":1},{"day":24,"shift":"E","weight":3},{"day":25,"shift":"E","weight":3},{"day":26,"shift":"E","weight":3},{"day":27,"shift":"E","weight":3},{"day":28,"shift":"E","weight":3},{"day":47,"shift":"L","weight":1},{"day":61,"shift":"D","weight":3},{"day":62,"shift":"D","weight":3},{"day":63,"shift":"D","weight":3},{"day":64,"shift":"D","weight":3},{"day":65,"shift":"D","weight":3}],"offRequests":[{"day":52,"shift":"D","weight":3},{"day":53,"shift":"D","weight":3},{"day":79,"shift":"D","weight":2},{"day":80,"shift":"D","weight":2}]},{"id":"M","maxShifts":[0,84,43],"minTotalMinutes":24960,"maxTotalMinutes":25920,"minConsecutiveShifts":2,"maxConsecutiveShifts":5,"minConsecutiveDaysOff":2,"maxWeekends":6,"daysOff":[19,20,38,39,40,52,53,54],"onRequests":[{"day":32,"shift":"D","weight":1},{"day":33,"shift":"D","weight":1},{"day":34,"shift":"D","weight":1},{"day":56,"shift":"D","weight":2},{"day":57,"shift":"D","weight":2},{"day":58,"shift":"D","weight":2},{"day":59,"shift":"D","weight":2},{"day":60,"shift":"D","weight":2},{"day":74,"shift":"L","weight":1},{"day":75,"shift":"L","weight":1},{"day":76,"shift":"L","weight":1},{"day":77,"shift":"L","weight":1},{"day":78,"shift":"L","weight":1}],"offRequests":[{"day":2,"shift":"L","weight":3},{"day":3,"shift":"L","weight":3},{"day":4,"shift":"L","weight":3},{"day":5,"shift":"L","weight":3},{"day":26,"shift":"L","weight":2},{"day":27,"shift":"L","weight":2},{"day":28,"shift":"L","weight":2},{"day":64,"shift":"L","weight":2},{"day":65,"shift":"L","weight":2},{"day":66,"shift":"L","weight":2},{"day":67,"shift":"L","weight":2},{"day":68,"shift":"L","weight":2},{"day":83,"shift":"D","weight":2}]},{"id":"N","maxShifts":[84,84,43],"minTotalMinutes":24960,"maxTotalMinutes":25920,"minConsecutiveShifts":2,"maxConsecutiveShifts":5,"minConsecutiveDaysOff":2,"maxWeekends":6,"daysOff":[8,52,53,54,55,69,70,71],"onRequests":[{"day":17,"shift":"E","weight":1},{"day":18,"shift":"E","weight":1},{"day":19,"shift":"E","weight":1},{"day":25,"shift":"D","weight":1},{"day":26,"shift":"D","weight":1},{"day":27,"shift":"D","weight":1},{"day":62,"shift":"L","weight":1},{"day":63,"shift":"L","weight":1},{"day":64,"shift":"L","weight":1},{"day":74,"shift":"D","weight":2},{"day":75,"shift":"D","weight":2},{"day":76,"shift":"D","weight":2},{"day":77,"shift":"D","weight":2}],"offRequests":[{"day":35,"shift":"L","weight":1},{"day":42,"shift":"D","weight":1},{"day":57,"shift":"D","weight":2}]},{"id":"O","maxShifts":[84,84,0],"minTotalMinutes":24960,"maxTotalMinutes":25920,"minConsecutiveShifts":2,"maxConsecutiveShifts":5,"minConsecutiveDaysOff":2,"maxWeekends":6,"daysOff":[5,25,49,50,51,52,53,54],"onRequests":[{"day":15,"shift":"D","weight":1},{"day":16,"shift":"D","weight":1},{"day":17,"shift":"D","weight":1},{"day":18,"shift":"D","weight":1},{"day":19,"shift":"D","weight":1},{"day":30,"shift":"E","weight":3},{"day":31,"shift":"E","weight":3},{"day":40,"shift":"E","weight":1},{"day":41,"shift":"E","weight":1},{"day":42,"shift":"E","weight":1},{"day":43,"shift":"E","weight":1},{"day":58,"shift":"D","weight":3},{"day":59,"shift":"D","weight":3},{"day":60,"shift":"D","weight":3},{"day":68,"shift":"E","weight":2},{"day":69,"shift":"E","weight":2},{"day":76,"shift":"E","weight":2},{"day":77,"shift":"E","weight":2},{"day":78,"shift":"E","weight":2},{"day":79,"shift":"E","weight":2},{"day":80,"shift":"E","weight":2}],"offRequests":null},{"id":"P","maxShifts":[84,84,43],"minTotalMinutes":24960,"maxTotalMinutes":25920,"minConsecutiveShifts":2,"maxConsecutiveShifts":5,"minConsecutiveDaysOff":2,"maxWeekends":6,"daysOff":[32,57,58,59,70,71,72,73],"onRequests":[{"day":11,"shift":"D","weight":2},{"day":12,"shift":"D","weight":2},{"day":17,"shift":"D","weight":2},{"day":18,"shift":"D","weight":2},{"day":19,"shift":"D","weight":2},{"day":45,"shift":"D","weight":1},{"day":46,"shift":"D","weight":1},{"day":47,"shift":"D","weight":1},{"day":54,"shift":"D","weight":1},{"day":55,"shift":"D","weight":1},{"day":62,"shift":"L","weight":3},{"day":63,"shift":"L","weight":3},{"day":78,"shift":"E","weight":3},{"day":79,"shift":"E","weight":3},{"day":80,"shift":"E","weight":3},{"day":81,"shift":"E","weight":3}],"offRequests":[{"day":3,"shift":"E","weight":1},{"day":4,"shift":"E","weight":1},{"day":26,"shift":"D","weight":2},{"day":27,"shift":"D","weight":2},{"day":28,"shift":"D","weight":2},{"day":29,"shift":"D","weight":2}]},{"id":"Q","maxShifts":[84,0,43],"minTotalMinutes":24960,"maxTotalMinutes":25920,"minConsecutiveShifts":2,"maxConsecutiveShifts":5,"minConsecutiveDaysOff":2,"maxWeekends":6,"daysOff":[53,54,55,56,57,66,78,79],"onRequests":[{"day":11,"shift":"L","weight":2},{"day":12,"shift":"L","weight":2},{"day":19,"shift":"E","weight":1},{"day":20,"shift":"E","weight":1},{"day":21,"shift":"E","weight":1},{"day":22,"shift":"E","weight":1},{"day":30,"shift":"E","weight":1},{"day":31,"shift":"E","weight":1},{"day":32,"shift":"E","weight":1},{"day":38,"shift":"L","weight":2},{"day":39,"shift":"L","weight":2},{"day":40,"shift":"L","weight":2},{"day":41,"shift":"L","weight":2},{"day":59,"shift":"L","weight":3},{"day":60,"shift":"L","weight":3},{"day":68,"shift":"E","weight":3},{"day":69,"shift":"E","weight":3},{"day":70,"shift":"E","weight":3},{"day":71,"shift":"E","weight":3}],"offRequests":null},{"id":"R","maxShifts":[84,84,43],"minTotalMinutes":24960,"maxTotalMinutes":25920,"minConsecutiveShifts":2,"maxConsecutiveShifts":5,"minConsecutiveDaysOff":2,"maxWeekends":6,"daysOff":[26,27,28,29,30,31,32,33],"onRequests":[{"day":3,"shift":"L","weight":1},{"day":4,"shift":"L","weight":1},{"day":5,"shift":"L","weight":1},{"day":6,"shift":"L","weight":1},{"day":7,"shift":"L","weight":1},{"day":12,"shift":"D","weight":1},{"day":46,"shift":"D","weight":1},{"day":47,"shift":"D","weight":1},{"day":48,"shift":"D","weight":1},{"day":49,"shift":"D","weight":1},{"day":58,"shift":"E","weight":2},{"day":59,"shift":"E","weight":2},{"day":60,"shift":"E","weight":2},{"day":61,"shift":"E","weight":2},{"day":74,"shift":"E","weight":1},{"day":75,"shift":"E","weight":1},{"day":76,"shift":"E","weight":1},{"day":77,"shift":"E","weight":1},{"day":78,"shift":"E","weight":1}],"offRequests":null},{"id":"S","maxShifts":[0,84,0],"minTotalMinutes":23340,"maxTotalMinutes":24300,"minConsecutiveShifts":2,"maxConsecutiveShifts":4,"minConsecutiveDaysOff":2,"maxWeekends":6,"daysOff":[31,32,33,34,35,36,37,38],"onRequests":[{"day":15,"shift":"D","weight":2},{"day":16,"shift":"D","weight":2},{"day":40,"shift":"D","weight":1},{"day":45,"shift":"D","weight":2},{"day":64,"shift":"D","weight":3},{"day":65,"shift":"D","weight":3},{"day":66,"shift":"D","weight":3},{"day":67,"shift":"D","weight":3},{"day":74,"shift":"D","weight":3},{"day":75,"shift":"D","weight":3},{"day":76,"shift":"D","weight":3},{"day":77,"shift":"D","weight":3},{"day":78,"shift":"D","weight":3}],"offRequests":null},{"id":"T","maxShifts":[84,84,0],"minTotalMinutes":23340,"maxTotalMinutes":24300,"minConsecutiveShifts":2,"maxConsecutiveShifts":4,"minConsecutiveDaysOff":2,"maxWeekends":6,"daysOff":[32,39,40,41,52,53,54,55],"onRequests":[{"day":5,"shift":"D","weight":3},{"day":11,"shift":"E","weight":1},{"day":15,"shift":"D","weight":3},{"day":16,"shift":"D","weight":3},{"day":17,"shift":"D","weight":3},{"day":27,"shift":"D","weight":1},{"day":75,"shift":"D","weight":2},{"day":76,"shift":"D","weight":2},{"day":77,"shift":"D","weight":2}],"offRequests":[{"day":0,"shift":"E","weight":1},{"day":1,"shift":"E","weight":1},{"day":35,"shift":"E","weight":2},{"day":36,"shift":"E","weight":2},{"day":68,"shift":"E","weight":2},{"day":69,"shift":"E","weight":2},{"day":70,"shift":"E","weight":2},{"day":71,"shift":"E","weight":2}]},{"id":"U","maxShifts":[84,84,40],"minTotalMinutes":23340,"maxTotalMinutes":24300,"minConsecutiveShifts":2,"maxConsecutiveShifts":4,"minConsecutiveDaysOff":2,"maxWeekends":6,"daysOff":[9,10,11,12,13,48,49,50],"onRequests":[{"day":38,"shift":"D","weight":3},{"day":44,"shift":"E","weight":2},{"day":45,"shift":"E","weight":2},{"day":46,"shift":"E","weight":2},{"day":47,"shift":"E","weight":2},{"day":58,"shift":"E","weight":1},{"day":63,"shift":"D","weight":2},{"day":68,"shift":"D","weight":3},{"day":69,"shift":"D","weight":3},{"day":70,"shift":"D","weight":3}],"offRequests":[{"day":3,"shift":"D","weight":2},{"day":4,"shift":"D","weight":2},{"day":5,"shift":"D","weight":2},{"day":6,"shift":"D","weight":2},{"day":7,"shift":"D","weight":2},{"day":31,"shift":"L","weight":1},{"day":75,"shift":"D","weight":2},{"day":76,"shift":"D","weight":2},{"day":77,"shift":"D","weight":2},{"day":78,"shift":"D","weight":2},{"day":79,"shift":"D","weight":2}]},{"id":"V","maxShifts":[0,84,40],"minTotalMinutes":23340,"maxTotalMinutes":24300,"minConsecutiveShifts":2,"maxConsecutiveShifts":4,"minConsecutiveDaysOff":2,"maxWeekends":6,"daysOff":[16,46,47,48,49,50,51,52],"onRequests":[{"day":7,"shift":"L","weight":2},{"day":8,"shift":"L","weight":2},{"day":19,"shift":"D","weight":3},{"day":20,"shift":"D","weight":3},{"day":21,"shift":"D","weight":3},{"day":27,"shift":"D","weight":1},{"day":28,"shift":"D","weight":1},{"day":29,"shift":"D","weight":1},{"day":30,"shift":"D","weight":1},{"day":31,"shift":"D","weight":1},{"day":38,"shift":"L","weight":1},{"day":42,"shift":"L","weight":3},{"day":57,"shift":"D","weight":2},{"day":58,"shift":"D","weight":2},{"day":59,"shift":"D","weight":2},{"day":79,"shift":"D","weight":1},{"day":80,"shift":"D","weight":1}],"offRequests":[{"day":73,"shift":"L","weight":2},{"day":74,"shift":"L","weight":2}]}],"covers":[[{"requirement":5,"weightIfUnder":100,"weightIfOver":1},{"requirement":4,"weightIfUnder":100,"weightIfOver":1},{"requirement":6,"weightIfUnder":100,"weightIfOver":1}],[{"requirement":5,"weightIfUnder":100,"weightIfOver":1},{"requirement":3,"weightIfUnder":100,"weightIfOver":1},{"requirement":7,"weightIfUnder":100,"weightIfOver":1}],[{"requirement":5,"weightIfUnder":100,"weightIfOver":1},{"requirement":3,"weightIfUnder":100,"weightIfOver":1},{"requirement":5,"weightIfUnder":100,"weightIfOver":1}],[{"requirement":6,"weightIfUnder":100,"weightIfOver":1},{"requirement":3,"weightIfUnder":100,"weightIfOver":1},{"requirement":7,"weightIfUnder":100,"weightIfOver":1}],[{"requirement":7,"weightIfUnder":100,"weightIfOver":1},{"requirement":3,"weightIfUnder":100,"weightIfOver":1},{"requirement":5,"weightIfUnder":100,"weightIfOver":1}],[{"requirement":5,"weightIfUnder":100,"weightIfOver":1},{"requirement":3,"weightIfUnder":100,"weightIfOver":1},{"requirement":3,"weightIfUnder":100,"weightIfOver":1}],[{"requirement":5,"weightIfUnder":100,"weightIfOver":1},{"requirement":3,"weightIfUnder":100,"weightIfOver":1},{"requirement":7,"weightIfUnder":100,"weightIfOver":1}],[{"requirement":5,"weightIfUnder":100,"weightIfOver":1},{"requirement":4,"weightIfUnder":100,"weightIfOver":1},{"requirement":5,"weightIfUnder":100,"weightIfOver":1}],[{"requirement":5,"weightIfUnder":100,"weightIfOver":1},{"requirement":3,"weightIfUnder":100,"weightIfOver":1},{"requirement":4,"weightIfUnder":100,"weightIfOver":1}],[{"requirement":6,"weightIfUnder":100,"weightIfOver":1},{"requirement":3,"weightIfUnder":100,"weightIfOver":1},{"requirement":6,"weightIfUnder":100,"weightIfOver":1}],[{"requirement":7,"weightIfUnder":100,"weightIfOver":1},{"requirement":4,"weightIfUnder":100,"weightIfOver":1},{"requirement":5,"weightIfUnder":100,"weightIfOver":1}],[{"requirement":7,"weightIfUnder":100,"weightIfOver":1},{"requirement":4,"weightIfUnder":100,"weightIfOver":1},{"requirement":6,"weightIfUnder":100,"weightIfOver":1}],[{"requirement":4,"weightIfUnder":100,"weightIfOver":1},{"requirement":2,"weightIfUnder":100,"weightIfOver":1},{"requirement":5,"weightIfUnder":100,"weightIfOver":1}],[{"requirement":3,"weightIfUnder":100,"weightIfOver":1},{"requirement":3,"weightIfUnder":100,"weightIfOver":1},{"requirement":6,"weightIfUnder":100,"weightIfOver":1}],[{"requirement":5,"weightIfUnder":100,"weightIfOver":1},{"requirement":3,"weightIfUnder":100,"weightIfOver":1},{"requirement":5,"weightIfUnder":100,"weightIfOver":1}],[{"requirement":5,"weightIfUnder":100,"weightIfOver":1},{"requirement":2,"weightIfUnder":100,"weightIfOver":1},{"requirement":5,"weightIfUnder":100,"weightIfOver":1}],[{"requirement":5,"weightIfUnder":100,"weightIfOver":1},{"requirement":3,"weightIfUnder":100,"weightIfOver":1},{"requirement":6,"weightIfUnder":100,"weightIfOver":1}],[{"requirement":4,"weightIfUnder":100,"weightIfOver":1},{"requirement":2,"weightIfUnder":100,"weightIfOver":1},{"requirement":4,"weightIfUnder":100,"weightIfOver":1}],[{"requirement":3,"weightIfUnder":100,"weightIfOver":1},{"requirement":2,"weightIfUnder":100,"weightIfOver":1},{"requirement":7,"weightIfUnder":100,"weightIfOver":1}],[{"requirement":5,"weightIfUnder":100,"weightIfOver":1},{"requirement":4,"weightIfUnder":100,"weightIfOver":1},{"requirement":5,"weightIfUnder":100,"weightIfOver":1}],[{"requirement":3,"weightIfUnder":100,"weightIfOver":1},{"requirement":3,"weightIfUnder":100,"weightIfOver":1},{"requirement":6,"weightIfUnder":100,"weightIfOver":1}],[{"requirement":5,"weightIfUnder":100,"weightIfOver":1},{"requirement":2,"weightIfUnder":100,"weightIfOver":1},{"requirement":5,"weightIfUnder":100,"weightIfOver":1}],[{"requirement":3,"weightIfUnder":100,"weightIfOver":1},{"requirement":3,"weightIfUnder":100,"weightIfOver":1},{"requirement":7,"weightIfUnder":100,"weightIfOver":1}],[{"requirement":4,"weightIfUnder":100,"weightIfOver":1},{"requirement":3,"weightIfUnder":100,"weightIfOver":1},{"requirement":6,"weightIfUnder":100,"weightIfOver":1}],[{"requirement":7,"weightIfUnder":100,"weightIfOver":1},{"requirement":5,"weightIfUnder":100,"weightIfOver":1},{"requirement":5,"weightIfUnder":100,"weightIfOver":1}],[{"requirement":5,"weightIfUnder":100,"weightIfOver":1},{"requirement":3,"weightIfUnder":100,"weightIfOver":1},{"requirement":6,"weightIfUnder":100,"weightIfOver":1}],[{"requirement":4,"weightIfUnder":100,"weightIfOver":1},{"requirement":5,"weightIfUnder":100,"weightIfOver":1},{"requirement":5,"weightIfUnder":100,"weightIfOver":1}],[{"requirement":3,"weightIfUnder":100,"weightIfOver":1},{"requirement":3,"weightIfUnder":100,"weightIfOver":1},{"requirement":4,"weightIfUnder":100,"weightIfOver":1}],[{"requirement":6,"weightIfUnder":100,"weightIfOver":1},{"requirement":4,"weightIfUnder":100,"weightIfOver":1},{"requirement":7,"weightIfUnder":100,"weightIfOver":1}],[{"requirement":5,"weightIfUnder":100,"weightIfOver":1},{"requirement":3,"weightIfUnder":100,"weightIfOver":1},{"requirement":5,"weightIfUnder":100,"weightIfOver":1}],[{"requirement":5,"weightIfUnder":100,"weightIfOver":1},{"requirement":3,"weightIfUnder":100,"weightIfOver":1},{"requirement":5,"weightIfUnder":100,"weightIfOver":1}],[{"requirement":6,"weightIfUnder":100,"weightIfOver":1},{"requirement":4,"weightIfUnder":100,"weightIfOver":1},{"requirement":5,"weightIfUnder":100,"weightIfOver":1}],[{"requirement":5,"weightIfUnder":100,"weightIfOver":1},{"requirement":3,"weightIfUnder":100,"weightIfOver":1},{"requirement":4,"weightIfUnder":100,"weightIfOver":1}],[{"requirement":5,"weightIfUnder":100,"weightIfOver":1},{"requirement":3,"weightIfUnder":100,"weightIfOver":1},{"requirement":5,"weightIfUnder":100,"weightIfOver":1}],[{"requirement":7,"weightIfUnder":100,"weightIfOver":1},{"requirement":3,"weightIfUnder":100,"weightIfOver":1},{"requirement":5,"weightIfUnder":100,"weightIfOver":1}],[{"requirement":6,"weightIfUnder":100,"weightIfOver":1},{"requirement":4,"weightIfUnder":100,"weightIfOver":1},{"requirement":5,"weightIfUnder":100,"weightIfOver":1}],[{"requirement":6,"weightIfUnder":100,"weightIfOver":1},{"requirement":3,"weightIfUnder":100,"weightIfOver":1},{"requirement":5,"weightIfUnder":100,"weightIfOver":1}],[{"requirement":7,"weightIfUnder":100,"weightIfOver":1},{"requirement":4,"weightIfUnder":100,"weightIfOver":1},{"requirement":5,"weightIfUnder":100,"weightIfOver":1}],[{"requirement":5,"weightIfUnder":100,"weightIfOver":1},{"requirement":4,"weightIfUnder":100,"weightIfOver":1},{"requirement":5,"weightIfUnder":100,"weightIfOver":1}],[{"requirement":4,"weightIfUnder":100,"weightIfOver":1},{"requirement":4,"weightIfUnder":100,"weightIfOver":1},{"requirement":6,"weightIfUnder":100,"weightIfOver":1}],[{"requirement":4,"weightIfUnder":100,"weightIfOver":1},{"requirement":4,"weightIfUnder":100,"weightIfOver":1},{"requirement":6,"weightIfUnder":100,"weightIfOver":1}],[{"requirement":5,"weightIfUnder":100,"weightIfOver":1},{"requirement":3,"weightIfUnder":100,"weightIfOver":1},{"requirement":3,"weightIfUnder":100,"weightIfOver":1}],[{"requirement":7,"weightIfUnder":100,"weightIfOver":1},{"requirement":5,"weightIfUnder":100,"weightIfOver":1},{"requirement":6,"weightIfUnder":100,"weightIfOver":1}],[{"requirement":5,"weightIfUnder":100,"weightIfOver":1},{"requirement":5,"weightIfUnder":100,"weightIfOver":1},{"requirement":5,"weightIfUnder":100,"weightIfOver":1}],[{"requirement":6,"weightIfUnder":100,"weightIfOver":1},{"requirement":3,"weightIfUnder":100,"weightIfOver":1},{"requirement":5,"weightIfUnder":100,"weightIfOver":1}],[{"requirement":5,"weightIfUnder":100,"weightIfOver":1},{"requirement":3,"weightIfUnder":100,"weightIfOver":1},{"requirement":5,"weightIfUnder":100,"weightIfOver":1}],[{"requirement":6,"weightIfUnder":100,"weightIfOver":1},{"requirement":3,"weightIfUnder":100,"weightIfOver":1},{"requirement":5,"weightIfUnder":100,"weightIfOver":1}],[{"requirement":5,"weightIfUnder":100,"weightIfOver":1},{"requirement":2,"weightIfUnder":100,"weightIfOver":1},{"requirement":4,"weightIfUnder":100,"weightIfOver":1}],[{"requirement":4,"weightIfUnder":100,"weightIfOver":1},{"requirement":3,"weightIfUnder":100,"weightIfOver":1},{"requirement":5,"weightIfUnder":100,"weightIfOver":1}],[{"requirement":5,"weightIfUnder":100,"weightIfOver":1},{"requirement":3,"weightIfUnder":100,"weightIfOver":1},{"requirement":5,"weightIfUnder":100,"weightIfOver":1}],[{"requirement":6,"weightIfUnder":100,"weightIfOver":1},{"requirement":4,"weightIfUnder":100,"weightIfOver":1},{"requirement":5,"weightIfUnder":100,"weightIfOver":1}],[{"requirement":5,"weightIfUnder":100,"weightIfOver":1},{"requirement":3,"weightIfUnder":100,"weightIfOver":1},{"requirement":4,"weightIfUnder":100,"weightIfOver":1}],[{"requirement":5,"weightIfUnder":100,"weightIfOver":1},{"requirement":3,"weightIfUnder":100,"weightIfOver":1},{"requirement":7,"weightIfUnder":100,"weightIfOver":1}],[{"requirement":6,"weightIfUnder":100,"weightIfOver":1},{"requirement":2,"weightIfUnder":100,"weightIfOver":1},{"requirement":5,"weightIfUnder":100,"weightIfOver":1}],[{"requirement":5,"weightIfUnder":100,"weightIfOver":1},{"requirement":3,"weightIfUnder":100,"weightIfOver":1},{"requirement":5,"weightIfUnder":100,"weightIfOver":1}],[{"requirement":5,"weightIfUnder":100,"weightIfOver":1},{"requirement":3,"weightIfUnder":100,"weightIfOver":1},{"requirement":6,"weightIfUnder":100,"weightIfOver":1}],[{"requirement":7,"weightIfUnder":100,"weightIfOver":1},{"requirement":2,"weightIfUnder":100,"weightIfOver":1},{"requirement":5,"weightIfUnder":100,"weightIfOver":1}],[{"requirement":7,"weightIfUnder":100,"weightIfOver":1},{"requirement":3,"weightIfUnder":100,"weightIfOver":1},{"requirement":4,"weightIfUnder":100,"weightIfOver":1}],[{"requirement":6,"weightIfUnder":100,"weightIfOver":1},{"requirement":2,"weightIfUnder":100,"weightIfOver":1},{"requirement":6,"weightIfUnder":100,"weightIfOver":1}],[{"requirement":7,"weightIfUnder":100,"weightIfOver":1},{"requirement":1,"weightIfUnder":100,"weightIfOver":1},{"requirement":7,"weightIfUnder":100,"weightIfOver":1}],[{"requirement":5,"weightIfUnder":100,"weightIfOver":1},{"requirement":2,"weightIfUnder":100,"weightIfOver":1},{"requirement":5,"weightIfUnder":100,"weightIfOver":1}],[{"requirement":5,"weightIfUnder":100,"weightIfOver":1},{"requirement":1,"weightIfUnder":100,"weightIfOver":1},{"requirement":7,"weightIfUnder":100,"weightIfOver":1}],[{"requirement":5,"weightIfUnder":100,"weightIfOver":1},{"requirement":1,"weightIfUnder":100,"weightIfOver":1},{"requirement":4,"weightIfUnder":100,"weightIfOver":1}],[{"requirement":5,"weightIfUnder":100,"weightIfOver":1},{"requirement":1,"weightIfUnder":100,"weightIfOver":1},{"requirement":5,"weightIfUnder":100,"weightIfOver":1}],[{"requirement":5,"weightIfUnder":100,"weightIfOver":1},{"requirement":2,"weightIfUnder":100,"weightIfOver":1},{"requirement":5,"weightIfUnder":100,"weightIfOver":1}],[{"requirement":6,"weightIfUnder":100,"weightIfOver":1},{"requirement":2,"weightIfUnder":100,"weightIfOver":1},{"requirement":5,"weightIfUnder":100,"weightIfOver":1}],[{"requirement":6,"weightIfUnder":100,"weightIfOver":1},{"requirement":4,"weightIfUnder":100,"weightIfOver":1},{"requirement":3,"weightIfUnder":100,"weightIfOver":1}],[{"requirement":4,"weightIfUnder":100,"weightIfOver":1},{"requirement":1,"weightIfUnder":100,"weightIfOver":1},{"requirement":4,"weightIfUnder":100,"weightIfOver":1}],[{"requirement":6,"weightIfUnder":100,"weightIfOver":1},{"requirement":3,"weightIfUnder":100,"weightIfOver":1},{"requirement":4,"weightIfUnder":100,"weightIfOver":1}],[{"requirement":5,"weightIfUnder":100,"weightIfOver":1},{"requirement":4,"weightIfUnder":100,"weightIfOver":1},{"requirement":4,"weightIfUnder":100,"weightIfOver":1}],[{"requirement":7,"weightIfUnder":100,"weightIfOver":1},{"requirement":2,"weightIfUnder":100,"weightIfOver":1},{"requirement":4,"weightIfUnder":100,"weightIfOver":1}],[{"requirement":3,"weightIfUnder":100,"weightIfOver":1},{"requirement":1,"weightIfUnder":100,"weightIfOver":1},{"requirement":4,"weightIfUnder":100,"weightIfOver":1}],[{"requirement":5,"weightIfUnder":100,"weightIfOver":1},{"requirement":3,"weightIfUnder":100,"weightIfOver":1},{"requirement":7,"weightIfUnder":100,"weightIfOver":1}],[{"requirement":5,"weightIfUnder":100,"weightIfOver":1},{"requirement":3,"weightIfUnder":100,"weightIfOver":1},{"requirement":5,"weightIfUnder":100,"weightIfOver":1}],[{"requirement":5,"weightIfUnder":100,"weightIfOver":1},{"requirement":3,"weightIfUnder":100,"weightIfOver":1},{"requirement":4,"weightIfUnder":100,"weightIfOver":1}],[{"requirement":5,"weightIfUnder":100,"weightIfOver":1},{"requirement":3,"weightIfUnder":100,"weightIfOver":1},{"requirement":5,"weightIfUnder":100,"weightIfOver":1}],[{"requirement":5,"weightIfUnder":100,"weightIfOver":1},{"requirement":3,"weightIfUnder":100,"weightIfOver":1},{"requirement":5,"weightIfUnder":100,"weightIfOver":1}],[{"requirement":5,"weightIfUnder":100,"weightIfOver":1},{"requirement":3,"weightIfUnder":100,"weightIfOver":1},{"requirement":6,"weightIfUnder":100,"weightIfOver":1}],[{"requirement":4,"weightIfUnder":100,"weightIfOver":1},{"requirement":1,"weightIfUnder":100,"weightIfOver":1},{"requirement":5,"weightIfUnder":100,"weightIfOver":1}],[{"requirement":4,"weightIfUnder":100,"weightIfOver":1},{"requirement":3,"weightIfUnder":100,"weightIfOver":1},{"requirement":5,"weightIfUnder":100,"weightIfOver":1}],[{"requirement":5,"weightIfUnder":100,"weightIfOver":1},{"requirement":2,"weightIfUnder":100,"weightIfOver":1},{"requirement":5,"weightIfUnder":100,"weightIfOver":1}],[{"requirement":5,"weightIfUnder":100,"weightIfOver":1},{"requirement":2,"weightIfUnder":100,"weightIfOver":1},{"requirement":5,"weightIfUnder":100,"weightIfOver":1}],[{"requirement":6,"weightIfUnder":100,"weightIfOver":1},{"requirement":3,"weightIfUnder":100,"weightIfOver":1},{"requirement":5,"weightIfUnder":100,"weightIfOver":1}],[{"requirement":4,"weightIfUnder":100,"weightIfOver":1},{"requirement":3,"weightIfUnder":100,"weightIfOver":1},{"requirement":7,"weightIfUnder":100,"weightIfOver":1}]]}