{"nDays":56,"shifts":[{"id":"E","length":480,"forbiddenFollowingShifts":null},{"id":"D","length":480,"forbiddenFollowingShifts":["E"]},{"id":"L","length":480,"forbiddenFollowingShifts":["E","D"]}],"staffs":[{"id":"A","maxShifts":[56,56,56],"minTotalMinutes":16380,"maxTotalMinutes":16860,"minConsecutiveShifts":2,"maxConsecutiveShifts":5,"minConsecutiveDaysOff":2,"maxWeekends":4,"daysOff":[32,33,34,35,52,53],"onRequests":[{"day":20,"shift":"D","weight":3},{"day":21,"shift":"D","weight":3},{"day":22,"shift":"D","weight":3},{"day":23,"shift":"D","weight":3},{"day":24,"shift":"D","weight":3},{"day":51,"shift":"D","weight":2}],"offRequests":[{"day":1,"shift":"D","weight":2},{"day":2,"shift":"D","weight":2},{"day":12,"shift":"L","weight":1},{"day":40,"shift":"L","weight":1},{"day":41,"shift":"L","weight":1},{"day":42,"shift":"L","weight":1},{"day":43,"shift":"L","weight":1},{"day":47,"shift":"E","weight":1}]},{"id":"B","maxShifts":[56,56,56],"minTotalMinutes":16380,"maxTotalMinutes":16860,"minConsecutiveShifts":2,"maxConsecutiveShifts":5,"minConsecutiveDaysOff":2,"maxWeekends":4,"daysOff":[2,3,4,5,6,49],"onRequests":[{"day":1,"shift":"D","weight":3},{"day":7,"shift":"E","weight":1},{"day":8,"shift":"E","weight":1},{"day":16,"shift":"L","weight":3},{"day":17,"shift":"L","weight":3},{"day":18,"shift":"L","weight":3},{"day":22,"shift":"L","weight":2},{"day":26,"shift":"L","weight":1},{"day":27,"shift":"L","weight":1},{"day":28,"shift":"L","weight":1},{"day":29,"shift":"L","weight":1},{"day":30,"shift":"L","weight":1},{"day":36,"shift":"E","weight":1},{"day":37,"shift":"E","weight":1},{"day":38,"shift":"E","weight":1},{"day":39,"shift":"E","weight":1},{"day":44,"shift":"L","weight":2},{"day":45,"shift":"L","weight":2},{"day":46,"shift":"L","weight":2},{"day":47,"shift":"L","weight":2}],"offRequests":null},{"id":"C","maxShifts":[56,0,56],"minTotalMinutes":16380,"maxTotalMinutes":16860,"minConsecutiveShifts":2,"maxConsecutiveShifts":5,"minConsecutiveDaysOff":2,"maxWeekends":4,"daysOff":[23,24,25,26,27,33],"onRequests":[{"day":13,"shift":"E","weight":2},{"day":14,"shift":"E","weight":2},{"day":15,"shift":"E","weight":2},{"day":16,"shift":"E","weight":2},{"day":35,"shift":"E","weight":3},{"day":36,"shift":"E","weight":3},{"day":43,"shift":"E","weight":2},{"day":47,"shift":"L","weight":2},{"day":48,"shift":"L","weight":2},{"day":49,"shift":"L","weight":2},{"day":50,"shift":"L","weight":2}],"offRequests":[{"day":21,"shift":"E","weight":1},{"day":22,"shift":"E","weight":1}]},{"id":"D","maxShifts":[56,56,0],"minTotalMinutes":16380,"maxTotalMinutes":16860,"minConsecutiveShifts":2,"maxConsecutiveShifts":5,"minConsecutiveDaysOff":2,"maxWeekends":4,"daysOff":[15,16,17,18,19,20],"onRequests":[{"day":1,"shift":"E","weight":2},{"day":2,"shift":"E","weight":2},{"day":3,"shift":"E","weight":2},{"day":11,"shift":"D","weight":3},{"day":12,"shift":"D","weight":3},{"day":39,"shift":"D","weight":1},{"day":40,"shift":"D","weight":1},{"day":41,"shift":"D","weight":1},{"day":45,"shift":"D","weight":3},{"day":46,"shift":"D","weight":3},{"day":47,"shift":"D","weight":3},{"day":48,"shift":"D","weight":3}],"offRequests":[{"day":30,"shift":"E","weight":2},{"day":31,"shift":"E","weight":2},{"day":32,"shift":"E","weight":2}]},{"id":"E","maxShifts":[0,56,56],"minTotalMinutes":16380,"maxTotalMinutes":16860,"minConsecutiveShifts":2,"maxConsecutiveShifts":5,"minConsecutiveDaysOff":2,"maxWeekends":4,"daysOff":[6,7,8,9,10,11],"onRequests":[{"day":15,"shift":"L","weight":1},{"day":16,"shift":"L","weight":1},{"day":17,"shift":"L","weight":1},{"day":18,"shift":"L","weight":1},{"day":26,"shift":"D","weight":3},{"day":27,"shift":"D","weight":3},{"day":28,"shift":"D","weight":3}],"offRequests":[{"day":32,"shift":"L","weight":2},{"day":33,"shift":"L","weight":2},{"day":34,"shift":"L","weight":2},{"day":35,"shift":"L","weight":2},{"day":42,"shift":"L","weight":3},{"day":43,"shift":"L","weight":3},{"day":44,"shift":"L","weight":3},{"day":45,"shift":"L","weight":3},{"day":46,"shift":"L","weight":3},{"day":52,"shift":"D","weight":1},{"day":53,"shift":"D","weight":1}]},{"id":"F","maxShifts":[56,56,56],"minTotalMinutes":16380,"maxTotalMinutes":16860,"minConsecutiveShifts":2,"maxConsecutiveShifts":5,"minConsecutiveDaysOff":2,"maxWeekends":4,"daysOff":[37,38,39,40,41,42],"onRequests":[{"day":23,"shift":"E","weight":1},{"day":24,"shift":"E","weight":1},{"day":51,"shift":"E","weight":2},{"day":52,"shift":"E","weight":2}],"offRequests":[{"day":0,"shift":"E","weight":3},{"day":1,"shift":"E","weight":3},{"day":2,"shift":"E","weight":3},{"day":3,"shift":"E","weight":3},{"day":4,"shift":"E","weight":3},{"day":8,"shift":"L","weight":3},{"day":9,"shift":"L","weight":3},{"day":10,"shift":"L","weight":3},{"day":11,"shift":"L","weight":3},{"day":32,"shift":"L","weight":3}]},{"id":"G","maxShifts":[0,0,56],"minTotalMinutes":16380,"maxTotalMinutes":16860,"minConsecutiveShifts":2,"maxConsecutiveShifts":5,"minConsecutiveDaysOff":2,"maxWeekends":4,"daysOff":[32,33,34,35,54,55],"onRequests":[{"day":1,"shift":"L","weight":3},{"day":2,"shift":"L","weight":3},{"day":3,"shift":"L","weight":3},{"day":4,"shift":"L","weight":3},{"day":5,"shift":"L","weight":3},{"day":24,"shift":"L","weight":1},{"day":25,"shift":"L","weight":1},{"day":44,"shift":"L","weight":1},{"day":52,"shift":"L","weight":2},{"day":53,"shift":"L","weight":2}],"offRequests":null},{"id":"H","maxShifts":[56,56,56],"minTotalMinutes":16380,"maxTotalMinutes":16860,"minConsecutiveShifts":2,"maxConsecutiveShifts":5,"minConsecutiveDaysOff":2,"maxWeekends":4,"daysOff":[15,16,17,23,24,25],"onRequests":[{"day":8,"shift":"L","weight":3},{"day":9,"shift":"L","weight":3},{"day":19,"shift":"L","weight":1},{"day":20,"shift":"L","weight":1},{"day":21,"shift":"L","weight":1},{"day":22,"shift":"L","weight":1},{"day":31,"shift":"E","weight":1},{"day":32,"shift":"E","weight":1},{"day":37,"shift":"E","weight":1},{"day":42,"shift":"L","weight":2}],"offRequests":[{"day":50,"shift":"E","weight":3},{"day":51,"shift":"E","weight":3},{"day":52,"shift":"E","weight":3},{"day":53,"shift":"E","weight":3},{"day":54,"shift":"E","weight":3}]},{"id":"I","maxShifts":[0,56,0],"minTotalMinutes":16380,"maxTotalMinutes":16860,"minConsecutiveShifts":2,"maxConsecutiveShifts":5,"minConsecutiveDaysOff":2,"maxWeekends":4,"daysOff":[17,18,19,20,21,22],"onRequests":[{"day":37,"shift":"D","weight":1}],"offRequests":[{"day":24,"shift":"D","weight":1},{"day":25,"shift":"D","weight":1},{"day":26,"shift":"D","weight":1}]},{"id":"J","maxShifts":[0,56,56],"minTotalMinutes":16380,"maxTotalMinutes":16860,"minConsecutiveShifts":2,"maxConsecutiveShifts":5,"minConsecutiveDaysOff":2,"maxWeekends":4,"daysOff":[34,35,36,37,38,39],"onRequests":[{"day":45,"shift":"L","weight":2},{"day":46,"shift":"L","weight":2},{"day":47,"shift":"L","weight":2},{"day":48,"shift":"L","weight":2},{"day":53,"shift":"L","weight":1}],"offRequests":[{"day":21,"shift":"L","weight":2},{"day":22,"shift":"L","weight":2},{"day":23,"shift":"L","weight":2},{"day":24,"shift":"L","weight":2},{"day":25,"shift":"L","weight":2}]},{"id":"K","maxShifts":[56,56,56],"minTotalMinutes":16380,"maxTotalMinutes":16860,"minConsecutiveShifts":2,"maxConsecutiveShifts":5,"minConsecutiveDaysOff":2,"maxWeekends":4,"daysOff":[23,24,25,26,27,28],"onRequests":[{"day":0,"shift":"E","weight":2},{"day":35,"shift":"E","weight":2},{"day":36,"shift":"E","weight":2}],"offRequests":[{"day":46,"shift":"E","weight":2},{"day":47,"shift":"E","weight":2},{"day":48,"shift":"E","weight":2},{"day":49,"shift":"E","weight":2}]},{"id":"L","maxShifts":[0,56,0],"minTotalMinutes":16380,"maxTotalMinutes":16860,"minConsecutiveShifts":2,"maxConsecutiveShifts":5,"minConsecutiveDaysOff":2,"maxWeekends":4,"daysOff":[15,16,17,23,26,37],"onRequests":[{"day":3,"shift":"D","weight":3},{"day":4,"shift":"D","weight":3},{"day":5,"shift":"D","weight":3},{"day":6,"shift":"D","weight":3},{"day":7,"shift":"D","weight":3},{"day":18,"shift":"D","weight":3},{"day":19,"shift":"D","weight":3},{"day":20,"shift":"D","weight":3},{"day":27,"shift":"D","weight":1},{"day":28,"shift":"D","weight":1},{"day":47,"shift":"D","weight":2},{"day":48,"shift":"D","weight":2},{"day":49,"shift":"D","weight":2},{"day":50,"shift":"D","weight":2},{"day":51,"shift":"D","weight":2},{"day":55,"shift":"D","weight":1}],"offRequests":null},{"id":"M","maxShifts":[0,0,56],"minTotalMinutes":16380,"maxTotalMinutes":16860,"minConsecutiveShifts":2,"maxConsecutiveShifts":5,"minConsecutiveDaysOff":2,"maxWeekends":4,"daysOff":[46,47,48,49,50,51],"onRequests":[{"day":16,"shift":"L","weight":3},{"day":27,"shift":"L","weight":3},{"day":31,"shift":"L","weight":3},{"day":32,"shift":"L","weight":3},{"day":33,"shift":"L","weight":3},{"day":34,"shift":"L","weight":3},{"day":41,"shift":"L","weight":1},{"day":42,"shift":"L","weight":1},{"day":43,"shift":"L","weight":1},{"day":44,"shift":"L","weight":1},{"day":52,"shift":"L","weight":1},{"day":53,"shift":"L","weight":1}],"offRequests":[{"day":20,"shift":"L","weight":2}]},{"id":"N","maxShifts":[56,56,56],"minTotalMinutes":16380,"maxTotalMinutes":16860,"minConsecutiveShifts":2,"maxConsecutiveShifts":5,"minConsecutiveDaysOff":2,"maxWeekends":4,"daysOff":[27,28,29,41,42,55],"onRequests":[{"day":7,"shift":"L","weight":3},{"day":8,"shift":"L","weight":3},{"day":9,"shift":"L","weight":3}],"offRequests":[{"day":2,"shift":"L","weight":2},{"day":19,"shift":"D","weight":1},{"day":20,"shift":"D","weight":1},{"day":21,"shift":"D","weight":1},{"day":34,"shift":"L","weight":1},{"day":35,"shift":"L","weight":1},{"day":36,"shift":"L","weight":1},{"day":37,"shift":"L","weight":1},{"day":38,"shift":"L","weight":1},{"day":44,"shift":"D","weight":3},{"day":45,"shift":"D","weight":3},{"day":46,"shift":"D","weight":3},{"day":47,"shift":"D","weight":3},{"day":48,"shift":"D","weight":3}]},{"id":"O","maxShifts":[56,56,56],"minTotalMinutes":16380,"maxTotalMinutes":16860,"minConsecutiveShifts":2,"maxConsecutiveShifts":5,"minConsecutiveDaysOff":2,"maxWeekends":4,"daysOff":[13,26,27,28,29,30],"onRequests":[{"day":6,"shift":"L","weight":1},{"day":7,"shift":"L","weight":1},{"day":8,"shift":"L","weight":1},{"day":9,"shift":"L","weight":1},{"day":22,"shift":"L","weight":1},{"day":23,"shift":"L","weight":1},{"day":24,"shift":"L","weight":1},{"day":31,"shift":"D","weight":1},{"day":32,"shift":"D","weight":1},{"day":33,"shift":"D","weight":1},{"day":41,"shift":"E","weight":1},{"day":42,"shift":"E","weight":1},{"day":43,"shift":"E","weight":1},{"day":47,"shift":"L","weight":1}],"offRequests":[{"day":0,"shift":"L","weight":1},{"day":1,"shift":"L","weight":1},{"day":52,"shift":"E","weight":2}]},{"id":"P","maxShifts":[0,56,56],"minTotalMinutes":16380,"maxTotalMinutes":16860,"minConsecutiveShifts":2,"maxConsecutiveShifts":5,"minConsecutiveDaysOff":2,"maxWeekends":4,"daysOff":[31,32,44,49,50,51],"onRequests":[{"day":8,"shift":"D","weight":1},{"day":9,"shift":"D","weight":1},{"day":10,"shift":"D","weight":1},{"day":11,"shift":"D","weight":1},{"day":12,"shift":"D","weight":1},{"day":20,"shift":"L","weight":2},{"day":21,"shift":"L","weight":2},{"day":22,"shift":"L","weight":2},{"day":29,"shift":"L","weight":2},{"day":30,"shift":"L","weight":2},{"day":38,"shift":"L","weight":2},{"day":39,"shift":"L","weight":2},{"day":40,"shift":"L","weight":2}],"offRequests":[{"day":0,"shift":"L","weight":2},{"day":1,"shift":"L","weight":2},{"day":2,"shift":"L","weight":2},{"day":3,"shift":"L","weight":2}]},{"id":"Q","maxShifts":[0,56,0],"minTotalMinutes":16380,"maxTotalMinutes":16860,"minConsecutiveShifts":2,"maxConsecutiveShifts":5,"minConsecutiveDaysOff":2,"maxWeekends":4,"daysOff":[18,19,20,21,22,23],"onRequests":[{"day":24,"shift":"D","weight":1}],"offRequests":[{"day":0,"shift":"D","weight":2},{"day":1,"shift":"D","weight":2},{"day":2,"shift":"D","weight":2},{"day":3,"shift":"D","weight":2},{"day":4,"shift":"D","weight":2},{"day":37,"shift":"D","weight":3},{"day":38,"shift":"D","weight":3},{"day":39,"shift":"D","weight":3},{"day":40,"shift":"D","weight":3},{"day":41,"shift":"D","weight":3}]},{"id":"R","maxShifts":[56,56,56],"minTotalMinutes":16380,"maxTotalMinutes":16860,"minConsecutiveShifts":2,"maxConsecutiveShifts":5,"minConsecutiveDaysOff":2,"maxWeekends":4,"daysOff":[2,10,11,26,27,35],"onRequests":[{"day":13,"shift":"D","weight":1},{"day":14,"shift":"D","weight":1},{"day":21,"shift":"E","weight":1},{"day":22,"shift":"E","weight":1},{"day":30,"shift":"E","weight":3},{"day":31,"shift":"E","weight":3},{"day":32,"shift":"E","weight":3},{"day":33,"shift":"E","weight":3},{"day":34,"shift":"E","weight":3},{"day":38,"shift":"D","weight":3},{"day":39,"shift":"D","weight":3},{"day":40,"shift":"D","weight":3},{"day":41,"shift":"D","weight":3},{"day":42,"shift":"D","weight":3}],"offRequests":[{"day":4,"shift":"E","weight":2},{"day":5,"shift":"E","weight":2}]},{"id":"S","maxShifts":[56,56,56],"minTotalMinutes":16380,"maxTotalMinutes":16860,"minConsecutiveShifts":2,"maxConsecutiveShifts":5,"minConsecutiveDaysOff":2,"maxWeekends":4,"daysOff":[16,17,18,36,37,38],"onRequests":[{"day":30,"shift":"L","weight":3},{"day":31,"shift":"L","weight":3},{"day":44,"shift":"E","weight":1},{"day":45,"shift":"E","weight":1},{"day":46,"shift":"E","weight":1}],"offRequests":[{"day":2,"shift":"D","weight":1},{"day":3,"shift":"D","weight":1},{"day":4,"shift":"D","weight":1},{"day":12,"shift":"L","weight":3},{"day":24,"shift":"E","weight":1},{"day":51,"shift":"E","weight":3},{"day":52,"shift":"E","weight":3},{"day":53,"shift":"E","weight":3},{"day":54,"shift":"E","weight":3},{"day":55,"shift":"E","weight":3}]},{"id":"T","maxShifts":[56,56,56],"minTotalMinutes":16380,"maxTotalMinutes":16860,"minConsecutiveShifts":2,"maxConsecutiveShifts":5,"minConsecutiveDaysOff":2,"maxWeekends":4,"daysOff":[11,17,18,19,28,48],"onRequests":[{"day":13,"shift":"E","weight":2},{"day":25,"shift":"L","weight":2},{"day":26,"shift":"L","weight":2},{"day":33,"shift":"D","weight":1},{"day":34,"shift":"D","weight":1},{"day":39,"shift":"E","weight":1},{"day":40,"shift":"E","weight":1},{"day":52,"shift":"D","weight":2},{"day":53,"shift":"D","weight":2},{"day":54,"shift":"D","weight":2}],"offRequests":[{"day":2,"shift":"L","weight":2},{"day":3,"shift":"L","weight":2},{"day":4,"shift":"L","weight":2},{"day":5,"shift":"L","weight":2},{"day":6,"shift":"L","weight":2},{"day":45,"shift":"L","weight":3},{"day":46,"shift":"L","weight":3},{"day":47,"shift":"L","weight":3}]}],"covers":[[{"requirement":5,"weightIfUnder":100,"weightIfOver":1},{"requirement":5,"weightIfUnder":100,"weightIfOver":1},{"requirement":5,"weightIfUnder":100,"weightIfOver":1}],[{"requirement":4,"weightIfUnder":100,"weightIfOver":1},{"requirement":7,"weightIfUnder":100,"weightIfOver":1},{"requirement":4,"weightIfUnder":100,"weightIfOver":1}],[{"requirement":4,"weightIfUnder":100,"weightIfOver":1},{"requirement":5,"weightIfUnder":100,"weightIfOver":1},{"requirement":3,"weightIfUnder":100,"weightIfOver":1}],[{"requirement":6,"weightIfUnder":100,"weightIfOver":1},{"requirement":5,"weightIfUnder":100,"weightIfOver":1},{"requirement":2,"weightIfUnder":100,"weightIfOver":1}],[{"requirement":3,"weightIfUnder":100,"weightIfOver":1},{"requirement":4,"weightIfUnder":100,"weightIfOver":1},{"requirement":2,"weightIfUnder":100,"weightIfOver":1}],[{"requirement":4,"weightIfUnder":100,"weightIfOver":1},{"requirement":4,"weightIfUnder":100,"weightIfOver":1},{"requirement":4,"weightIfUnder":100,"weightIfOver":1}],[{"requirement":2,"weightIfUnder":100,"weightIfOver":1},{"requirement":5,"weightIfUnder":100,"weightIfOver":1},{"requirement":5,"weightIfUnder":100,"weightIfOver":1}],[{"requirement":5,"weightIfUnder":100,"weightIfOver":1},{"requirement":5,"weightIfUnder":100,"weightIfOver":1},{"requirement":4,"weightIfUnder":100,"weightIfOver":1}],[{"requirement":4,"weightIfUnder":100,"weightIfOver":1},{"requirement":5,"weightIfUnder":100,"weightIfOver":1},{"requirement":2,"weightIfUnder":100,"weightIfOver":1}],[{"requirement":4,"weightIfUnder":100,"weightIfOver":1},{"requirement":4,"weightIfUnder":100,"weightIfOver":1},{"requirement":4,"weightIfUnder":100,"weightIfOver":1}],[{"requirement":4,"weightIfUnder":100,"weightIfOver":1},{"requirement":4,"weightIfUnder":100,"weightIfOver":1},{"requirement":5,"weightIfUnder":100,"weightIfOver":1}],[{"requirement":6,"weightIfUnder":100,"weightIfOver":1},{"requirement":5,"weightIfUnder":100,"weightIfOver":1},{"requirement":4,"weightIfUnder":100,"weightIfOver":1}],[{"requirement":4,"weightIfUnder":100,"weightIfOver":1},{"requirement":7,"weightIfUnder":100,"weightIfOver":1},{"requirement":4,"weightIfUnder":100,"weightIfOver":1}],[{"requirement":3,"weightIfUnder":100,"weightIfOver":1},{"requirement":5,"weightIfUnder":100,"weightIfOver":1},{"requirement":4,"weightIfUnder":100,"weightIfOver":1}],[{"requirement":3,"weightIfUnder":100,"weightIfOver":1},{"requirement":6,"weightIfUnder":100,"weightIfOver":1},{"requirement":3,"weightIfUnder":100,"weightIfOver":1}],[{"requirement":4,"weightIfUnder":100,"weightIfOver":1},{"requirement":5,"weightIfUnder":100,"weightIfOver":1},{"requirement":3,"weightIfUnder":100,"weightIfOver":1}],[{"requirement":3,"weightIfUnder":100,"weightIfOver":1},{"requirement":6,"weightIfUnder":100,"weightIfOver":1},{"requirement":3,"weightIfUnder":100,"weightIfOver":1}],[{"requirement":3,"weightIfUnder":100,"weightIfOver":1},{"requirement":5,"weightIfUnder":100,"weightIfOver":1},{"requirement":3,"weightIfUnder":100,"weightIfOver":1}],[{"requirement":4,"weightIfUnder":100,"weightIfOver":1},{"requirement":4,"weightIfUnder":100,"weightIfOver":1},{"requirement":3,"weightIfUnder":100,"weightIfOver":1}],[{"requirement":2,"weightIfUnder":100,"weightIfOver":1},{"requirement":6,"weightIfUnder":100,"weightIfOver":1},{"requirement":4,"weightIfUnder":100,"weightIfOver":1}],[{"requirement":4,"weightIfUnder":100,"weightIfOver":1},{"requirement":5,"weightIfUnder":100,"weightIfOver":1},{"requirement":3,"weightIfUnder":100,"weightIfOver":1}],[{"requirement":3,"weightIfUnder":100,"weightIfOver":1},{"requirement":5,"weightIfUnder":100,"weightIfOver":1},{"requirement":5,"weightIfUnder":100,"weightIfOver":1}],[{"requirement":2,"weightIfUnder":100,"weightIfOver":1},{"requirement":4,"weightIfUnder":100,"weightIfOver":1},{"requirement":3,"weightIfUnder":100,"weightIfOver":1}],[{"requirement":4,"weightIfUnder":100,"weightIfOver":1},{"requirement":4,"weightIfUnder":100,"weightIfOver":1},{"requirement":3,"weightIfUnder":100,"weightIfOver":1}],[{"requirement":4,"weightIfUnder":100,"weightIfOver":1},{"requirement":5,"weightIfUnder":100,"weightIfOver":1},{"requirement":3,"weightIfUnder":100,"weightIfOver":1}],[{"requirement":3,"weightIfUnder":100,"weightIfOver":1},{"requirement":3,"weightIfUnder":100,"weightIfOver":1},{"requirement":3,"weightIfUnder":100,"weightIfOver":1}],[{"requirement":4,"weightIfUnder":100,"weightIfOver":1},{"requirement":5,"weightIfUnder":100,"weightIfOver":1},{"requirement":4,"weightIfUnder":100,"weightIfOver":1}],[{"requirement":4,"weightIfUnder":100,"weightIfOver":1},{"requirement":5,"weightIfUnder":100,"weightIfOver":1},{"requirement":4,"weightIfUnder":100,"weightIfOver":1}],[{"requirement":3,"weightIfUnder":100,"weightIfOver":1},{"requirement":4,"weightIfUnder":100,"weightIfOver":1},{"requirement":3,"weightIfUnder":100,"weightIfOver":1}],[{"requirement":4,"weightIfUnder":100,"weightIfOver":1},{"requirement":5,"weightIfUnder":100,"weightIfOver":1},{"requirement":4,"weightIfUnder":100,"weightIfOver":1}],[{"requirement":3,"weightIfUnder":100,"weightIfOver":1},{"requirement":5,"weightIfUnder":100,"weightIfOver":1},{"requirement":4,"weightIfUnder":100,"weightIfOver":1}],[{"requirement":3,"weightIfUnder":100,"weightIfOver":1},{"requirement":7,"weightIfUnder":100,"weightIfOver":1},{"requirement":2,"weightIfUnder":100,"weightIfOver":1}],[{"requirement":3,"weightIfUnder":100,"weightIfOver":1},{"requirement":5,"weightIfUnder":100,"weightIfOver":1},{"requirement":3,"weightIfUnder":100,"weightIfOver":1}],[{"requirement":3,"weightIfUnder":100,"weightIfOver":1},{"requirement":5,"weightIfUnder":100,"weightIfOver":1},{"requirement":4,"weightIfUnder":100,"weightIfOver":1}],[{"requirement":2,"weightIfUnder":100,"weightIfOver":1},{"requirement":5,"weightIfUnder":100,"weightIfOver":1},{"requirement":3,"weightIfUnder":100,"weightIfOver":1}],[{"requirement":4,"weightIfUnder":100,"weightIfOver":1},{"requirement":3,"weightIfUnder":100,"weightIfOver":1},{"requirement":4,"weightIfUnder":100,"weightIfOver":1}],[{"requirement":4,"weightIfUnder":100,"weightIfOver":1},{"requirement":5,"weightIfUnder":100,"weightIfOver":1},{"requirement":4,"weightIfUnder":100,"weightIfOver":1}],[{"requirement":5,"weightIfUnder":100,"weightIfOver":1},{"requirement":6,"weightIfUnder":100,"weightIfOver":1},{"requirement":3,"weightIfUnder":100,"weightIfOver":1}],[{"requirement":4,"weightIfUnder":100,"weightIfOver":1},{"requirement":5,"weightIfUnder":100,"weightIfOver":1},{"requirement":4,"weightIfUnder":100,"weightIfOver":1}],[{"requirement":3,"weightIfUnder":100,"weightIfOver":1},{"requirement":5,"weightIfUnder":100,"weightIfOver":1},{"requirement":4,"weightIfUnder":100,"weightIfOver":1}],[{"requirement":2,"weightIfUnder":100,"weightIfOver":1},{"requirement":5,"weightIfUnder":100,"weightIfOver":1},{"requirement":3,"weightIfUnder":100,"weightIfOver":1}],[{"requirement":3,"weightIfUnder":100,"weightIfOver":1},{"requirement":5,"weightIfUnder":100,"weightIfOver":1},{"requirement":3,"weightIfUnder":100,"weightIfOver":1}],[{"requirement":3,"weightIfUnder":100,"weightIfOver":1},{"requirement":6,"weightIfUnder":100,"weightIfOver":1},{"requirement":2,"weightIfUnder":100,"weightIfOver":1}],[{"requirement":3,"weightIfUnder":100,"weightIfOver":1},{"requirement":4,"weightIfUnder":100,"weightIfOver":1},{"requirement":2,"weightIfUnder":100,"weightIfOver":1}],[{"requirement":5,"weightIfUnder":100,"weightIfOver":1},{"requirement":5,"weightIfUnder":100,"weightIfOver":1},{"requirement":4,"weightIfUnder":100,"weightIfOver":1}],[{"requirement":2,"weightIfUnder":100,"weightIfOver":1},{"requirement":4,"weightIfUnder":100,"weightIfOver":1},{"requirement":2,"weightIfUnder":100,"weightIfOver":1}],[{"requirement":4,"weightIfUnder":100,"weightIfOver":1},{"requirement":5,"weightIfUnder":100,"weightIfOver":1},{"requirement":3,"weightIfUnder":100,"weightIfOver":1}],[{"requirement":2,"weightIfUnder":100,"weightIfOver":1},{"requirement":5,"weightIfUnder":100,"weightIfOver":1},{"requirement":4,"weightIfUnder":100,"weightIfOver":1}],[{"requirement":4,"weightIfUnder":100,"weightIfOver":1},{"requirement":5,"weightIfUnder":100,"weightIfOver":1},{"requirement":3,"weightIfUnder":100,"weightIfOver":1}],[{"requirement":4,"weightIfUnder":100,"weightIfOver":1},{"requirement":5,"weightIfUnder":100,"weightIfOver":1},{"requirement":6,"weightIfUnder":100,"weightIfOver":1}],[{"requirement":3,"weightIfUnder":100,"weightIfOver":1},{"requirement":3,"weightIfUnder":100,"weightIfOver":1},{"requirement":5,"weightIfUnder":100,"weightIfOver":1}],[{"requirement":4,"weightIfUnder":100,"weightIfOver":1},{"requirement":4,"weightIfUnder":100,"weightIfOver":1},{"requirement":4,"weightIfUnder":100,"weightIfOver":1}],[{"requirement":3,"weightIfUnder":100,"weightIfOver":1},{"requirement":4,"weightIfUnder":100,"weightIfOver":1},{"requirement":3,"weightIfUnder":100,"weightIfOver":1}],[{"requirement":5,"weightIfUnder":100,"weightIfOver":1},{"requirement":5,"weightIfUnder":100,"weightIfOver":1},{"requirement":6,"weightIfUnder":100,"weightIfOver":1}],[{"requirement":3,"weightIfUnder":100,"weightIfOver":1},{"requirement":2,"weightIfUnder":100,"weightIfOver":1},{"requirement":3,"weightIfUnder":100,"weightIfOver":1}],[{"requirement":5,"weightIfUnder":100,"weightIfOver":1},{"requirement":5,"weightIfUnder":100,"weightIfOver":1},{"requirement":6,"weightIfUnder":100,"weightIfOver":1}]]}