{"nDays":28,"shifts":[{"id":"E","length":480,"forbiddenFollowingShifts":null},{"id":"L","length":480,"forbiddenFollowingShifts":["E"]}],"staffs":[{"id":"A","maxShifts":[28,0],"minTotalMinutes":7560,"maxTotalMinutes":8640,"minConsecutiveShifts":2,"maxConsecutiveShifts":5,"minConsecutiveDaysOff":2,"maxWeekends":2,"daysOff":[17,22],"onRequests":[{"day":2,"shift":"E","weight":3},{"day":3,"shift":"E","weight":3},{"day":4,"shift":"E","weight":3},{"day":5,"shift":"E","weight":3}],"offRequests":[{"day":10,"shift":"E","weight":2},{"day":19,"shift":"E","weight":1}]},{"id":"B","maxShifts":[28,0],"minTotalMinutes":7560,"maxTotalMinutes":8640,"minConsecutiveShifts":2,"maxConsecutiveShifts":5,"minConsecutiveDaysOff":2,"maxWeekends":2,"daysOff":[9,23],"onRequests":null,"offRequests":[{"day":3,"shift":"E","weight":2},{"day":4,"shift":"E","weight":2},{"day":5,"shift":"E","weight":2},{"day":11,"shift":"E","weight":2},{"day":12,"shift":"E","weight":2}]},{"id":"C","maxShifts":[28,14],"minTotalMinutes":7560,"maxTotalMinutes":8640,"minConsecutiveShifts":2,"maxConsecutiveShifts":5,"minConsecutiveDaysOff":2,"maxWeekends":2,"daysOff":[5,6],"onRequests":[{"day":2,"shift":"E","weight":3},{"day":9,"shift":"L","weight":3},{"day":10,"shift":"L","weight":3}],"offRequests":[{"day":14,"shift":"L","weight":2},{"day":25,"shift":"L","weight":1},{"day":26,"shift":"L","weight":1},{"day":27,"shift":"L","weight":1}]},{"id":"D","maxShifts":[28,14],"minTotalMinutes":7560,"maxTotalMinutes":8640,"minConsecutiveShifts":2,"maxConsecutiveShifts":5,"minConsecutiveDaysOff":2,"maxWeekends":2,"daysOff":[9,13],"onRequests":[{"day":1,"shift":"L","weight":2},{"day":2,"shift":"L","weight":2},{"day":3,"shift":"L","weight":2},{"day":4,"shift":"L","weight":2},{"day":5,"shift":"L","weight":2},{"day":10,"shift":"E","weight":3},{"day":14,"shift":"E","weight":2},{"day":15,"shift":"E","weight":2},{"day":16,"shift":"E","weight":2},{"day":20,"shift":"L","weight":2},{"day":21,"shift":"L","weight":2},{"day":22,"shift":"L","weight":2}],"offRequests":null},{"id":"E","maxShifts":[28,0],"minTotalMinutes":7560,"maxTotalMinutes":8640,"minConsecutiveShifts":2,"maxConsecutiveShifts":5,"minConsecutiveDaysOff":2,"maxWeekends":2,"daysOff":[22,23],"onRequests":[{"day":2,"shift":"E","weight":3},{"day":3,"shift":"E","weight":3},{"day":4,"shift":"E","weight":3},{"day":5,"shift":"E","weight":3},{"day":6,"shift":"E","weight":3},{"day":12,"shift":"E","weight":3},{"day":13,"shift":"E","weight":3},{"day":14,"shift":"E","weight":3},{"day":15,"shift":"E","weight":3},{"day":16,"shift":"E","weight":3}],"offRequests":null},{"id":"F","maxShifts":[28,14],"minTotalMinutes":7560,"maxTotalMinutes":8640,"minConsecutiveShifts":2,"maxConsecutiveShifts":5,"minConsecutiveDaysOff":2,"maxWeekends":2,"daysOff":[11,12],"onRequests":[{"day":8,"shift":"L","weight":2}],"offRequests":[{"day":20,"shift":"E","weight":1},{"day":21,"shift":"E","weight":1},{"day":22,"shift":"E","weight":1}]},{"id":"G","maxShifts":[28,14],"minTotalMinutes":7560,"maxTotalMinutes":8640,"minConsecutiveShifts":2,"maxConsecutiveShifts":5,"minConsecutiveDaysOff":2,"maxWeekends":2,"daysOff":[8,19],"onRequests":[{"day":20,"shift":"L","weight":1}],"offRequests":[{"day":3,"shift":"E","weight":1},{"day":4,"shift":"E","weight":1},{"day":5,"shift":"E","weight":1}]},{"id":"H","maxShifts":[28,14],"minTotalMinutes":7560,"maxTotalMinutes":8640,"minConsecutiveShifts":2,"maxConsecutiveShifts":5,"minConsecutiveDaysOff":2,"maxWeekends":2,"daysOff":[6,10],"onRequests":[{"day":12,"shift":"L","weight":2},{"day":19,"shift":"L","weight":3},{"day":20,"shift":"L","weight":3},{"day":21,"shift":"L","weight":3},{"day":22,"shift":"L","weight":3},{"day":23,"shift":"L","weight":3}],"offRequests":[{"day":1,"shift":"L","weight":2},{"day":2,"shift":"L","weight":2},{"day":3,"shift":"L","weight":2},{"day":4,"shift":"L","weight":2},{"day":5,"shift":"L","weight":2}]},{"id":"I","maxShifts":[28,14],"minTotalMinutes":7560,"maxTotalMinutes":8640,"minConsecutiveShifts":2,"maxConsecutiveShifts":5,"minConsecutiveDaysOff":2,"maxWeekends":2,"daysOff":[18,19],"onRequests":[{"day":6,"shift":"E","weight":3},{"day":12,"shift":"L","weight":1},{"day":13,"shift":"L","weight":1},{"day":14,"shift":"L","weight":1},{"day":15,"shift":"L","weight":1}],"offRequests":null},{"id":"J","maxShifts":[28,14],"minTotalMinutes":7560,"maxTotalMinutes":8640,"minConsecutiveShifts":2,"maxConsecutiveShifts":5,"minConsecutiveDaysOff":2,"maxWeekends":2,"daysOff":[15,16],"onRequests":[{"day":1,"shift":"E","weight":1},{"day":2,"shift":"E","weight":1},{"day":3,"shift":"E","weight":1},{"day":4,"shift":"E","weight":1},{"day":10,"shift":"L","weight":2}],"offRequests":[{"day":20,"shift":"E","weight":1}]},{"id":"K","maxShifts":[28,0],"minTotalMinutes":7560,"maxTotalMinutes":8640,"minConsecutiveShifts":2,"maxConsecutiveShifts":6,"minConsecutiveDaysOff":3,"maxWeekends":3,"daysOff":[5,6],"onRequests":[{"day":22,"shift":"E","weight":3},{"day":23,"shift":"E","weight":3},{"day":24,"shift":"E","weight":3},{"day":25,"shift":"E","weight":3}],"offRequests":null},{"id":"L","maxShifts":[28,0],"minTotalMinutes":7560,"maxTotalMinutes":8640,"minConsecutiveShifts":2,"maxConsecutiveShifts":6,"minConsecutiveDaysOff":3,"maxWeekends":3,"daysOff":[25,26],"onRequests":[{"day":7,"shift":"E","weight":2},{"day":8,"shift":"E","weight":2},{"day":9,"shift":"E","weight":2},{"day":10,"shift":"E","weight":2}],"offRequests":null},{"id":"M","maxShifts":[28,14],"minTotalMinutes":7560,"maxTotalMinutes":8640,"minConsecutiveShifts":2,"maxConsecutiveShifts":6,"minConsecutiveDaysOff":3,"maxWeekends":3,"daysOff":[1,7],"onRequests":[{"day":9,"shift":"E","weight":1},{"day":10,"shift":"E","weight":1},{"day":11,"shift":"E","weight":1},{"day":12,"shift":"E","weight":1},{"day":13,"shift":"E","weight":1},{"day":21,"shift":"E","weight":1},{"day":22,"shift":"E","weight":1},{"day":23,"shift":"E","weight":1}],"offRequests":null},{"id":"N","maxShifts":[28,0],"minTotalMinutes":7560,"maxTotalMinutes":8640,"minConsecutiveShifts":2,"maxConsecutiveShifts":6,"minConsecutiveDaysOff":3,"maxWeekends":3,"daysOff":[16,26],"onRequests":[{"day":2,"shift":"E","weight":3},{"day":3,"shift":"E","weight":3},{"day":11,"shift":"E","weight":1},{"day":18,"shift":"E","weight":2}],"offRequests":null},{"id":"O","maxShifts":[28,14],"minTotalMinutes":7560,"maxTotalMinutes":8640,"minConsecutiveShifts":2,"maxConsecutiveShifts":6,"minConsecutiveDaysOff":3,"maxWeekends":3,"daysOff":[2,3],"onRequests":[{"day":4,"shift":"E","weight":3},{"day":15,"shift":"L","weight":3},{"day":16,"shift":"L","weight":3},{"day":17,"shift":"L","weight":3},{"day":18,"shift":"L","weight":3}],"offRequests":[{"day":25,"shift":"L","weight":1}]},{"id":"P","maxShifts":[28,14],"minTotalMinutes":7560,"maxTotalMinutes":8640,"minConsecutiveShifts":2,"maxConsecutiveShifts":6,"minConsecutiveDaysOff":3,"maxWeekends":3,"daysOff":[16,17],"onRequests":[{"day":2,"shift":"E","weight":1},{"day":3,"shift":"E","weight":1},{"day":4,"shift":"E","weight":1},{"day":5,"shift":"E","weight":1},{"day":12,"shift":"E","weight":3},{"day":13,"shift":"E","weight":3},{"day":14,"shift":"E","weight":3}],"offRequests":[{"day":22,"shift":"L","weight":3},{"day":23,"shift":"L","weight":3},{"day":24,"shift":"L","weight":3}]}],"covers":[[{"requirement":5,"weightIfUnder":100,"weightIfOver":1},{"requirement":4,"weightIfUnder":100,"weightIfOver":1}],[{"requirement":7,"weightIfUnder":100,"weightIfOver":1},{"requirement":4,"weightIfUnder":100,"weightIfOver":1}],[{"requirement":5,"weightIfUnder":100,"weightIfOver":1},{"requirement":6,"weightIfUnder":100,"weightIfOver":1}],[{"requirement":6,"weightIfUnder":100,"weightIfOver":1},{"requirement":4,"weightIfUnder":100,"weightIfOver":1}],[{"requirement":7,"weightIfUnder":100,"weightIfOver":1},{"requirement":3,"weightIfUnder":100,"weightIfOver":1}],[{"requirement":6,"weightIfUnder":100,"weightIfOver":1},{"requirement":3,"weightIfUnder":100,"weightIfOver":1}],[{"requirement":6,"weightIfUnder":100,"weightIfOver":1},{"requirement":4,"weightIfUnder":100,"weightIfOver":1}],[{"requirement":6,"weightIfUnder":100,"weightIfOver":1},{"requirement":4,"weightIfUnder":100,"weightIfOver":1}],[{"requirement":6,"weightIfUnder":100,"weightIfOver":1},{"requirement":4,"weightIfUnder":100,"weightIfOver":1}],[{"requirement":6,"weightIfUnder":100,"weightIfOver":1},{"requirement":6,"weightIfUnder":100,"weightIfOver":1}],[{"requirement":5,"weightIfUnder":100,"weightIfOver":1},{"requirement":4,"weightIfUnder":100,"weightIfOver":1}],[{"requirement":6,"weightIfUnder":100,"weightIfOver":1},{"requirement":4,"weightIfUnder":100,"weightIfOver":1}],[{"requirement":6,"weightIfUnder":100,"weightIfOver":1},{"requirement":4,"weightIfUnder":100,"weightIfOver":1}],[{"requirement":6,"weightIfUnder":100,"weightIfOver":1},{"requirement":4,"weightIfUnder":100,"weightIfOver":1}],[{"requirement":7,"weightIfUnder":100,"weightIfOver":1},{"requirement":3,"weightIfUnder":100,"weightIfOver":1}],[{"requirement":8,"weightIfUnder":100,"weightIfOver":1},{"requirement":4,"weightIfUnder":100,"weightIfOver":1}],[{"requirement":6,"weightIfUnder":100,"weightIfOver":1},{"requirement":5,"weightIfUnder":100,"weightIfOver":1}],[{"requirement":7,"weightIfUnder":100,"weightIfOver":1},{"requirement":4,"weightIfUnder":100,"weightIfOver":1}],[{"requirement":7,"weightIfUnder":100,"weightIfOver":1},{"requirement":4,"weightIfUnder":100,"weightIfOver":1}],[{"requirement":6,"weightIfUnder":100,"weightIfOver":1},{"requirement":4,"weightIfUnder":100,"weightIfOver":1}],[{"requirement":6,"weightIfUnder":100,"weightIfOver":1},{"requirement":4,"weightIfUnder":100,"weightIfOver":1}],[{"requirement":6,"weightIfUnder":100,"weightIfOver":1},{"requirement":4,"weightIfUnder":100,"weightIfOver":1}],[{"requirement":5,"weightIfUnder":100,"weightIfOver":1},{"requirement":4,"weightIfUnder":100,"weightIfOver":1}],[{"requirement":6,"weightIfUnder":100,"weightIfOver":1},{"requirement":5,"weightIfUnder":100,"weightIfOver":1}],[{"requirement":6,"weightIfUnder":100,"weightIfOver":1},{"requirement":4,"weightIfUnder":100,"weightIfOver":1}],[{"requirement":4,"weightIfUnder":100,"weightIfOver":1},{"requirement":4,"weightIfUnder":100,"weightIfOver":1}],[{"requirement":6,"weightIfUnder":100,"weightIfOver":1},{"requirement":6,"weightIfUnder":100,"weightIfOver":1}],[{"requirement":7,"weightIfUnder":100,"weightIfOver":1},{"requirement":5,"weightIfUnder":100,"weightIfOver":1}]]}