{"nDays":14,"shifts":[{"id":"E","length":480,"forbiddenFollowingShifts":null},{"id":"D","length":480,"forbiddenFollowingShifts":["E"]},{"id":"L","length":480,"forbiddenFollowingShifts":["E","D"]}],"staffs":[{"id":"A","maxShifts":[14,14,0],"minTotalMinutes":3360,"maxTotalMinutes":4320,"minConsecutiveShifts":2,"maxConsecutiveShifts":5,"minConsecutiveDaysOff":2,"maxWeekends":1,"daysOff":[0],"onRequests":null,"offRequests":[{"day":9,"shift":"E","weight":2},{"day":10,"shift":"E","weight":2},{"day":11,"shift":"E","weight":2},{"day":12,"shift":"E","weight":2},{"day":13,"shift":"E","weight":2}]},{"id":"B","maxShifts":[14,14,5],"minTotalMinutes":3360,"maxTotalMinutes":4320,"minConsecutiveShifts":2,"maxConsecutiveShifts":5,"minConsecutiveDaysOff":2,"maxWeekends":1,"daysOff":[6],"onRequests":[{"day":0,"shift":"D","weight":1},{"day":1,"shift":"D","weight":1},{"day":2,"shift":"D","weight":1},{"day":3,"shift":"D","weight":1},{"day":4,"shift":"D","weight":1}],"offRequests":null},{"id":"C","maxShifts":[14,14,5],"minTotalMinutes":3360,"maxTotalMinutes":4320,"minConsecutiveShifts":2,"maxConsecutiveShifts":5,"minConsecutiveDaysOff":2,"maxWeekends":1,"daysOff":[1],"onRequests":null,"offRequests":[{"day":2,"shift":"L","weight":3}]},{"id":"D","maxShifts":[14,0,5],"minTotalMinutes":3360,"maxTotalMinutes":4320,"minConsecutiveShifts":2,"maxConsecutiveShifts":5,"minConsecutiveDaysOff":2,"maxWeekends":1,"daysOff":[0],"onRequests":[{"day":7,"shift":"E","weight":2},{"day":8,"shift":"E","weight":2},{"day":12,"shift":"E","weight":2},{"day":13,"shift":"E","weight":2}],"offRequests":null},{"id":"E","maxShifts":[14,0,0],"minTotalMinutes":3360,"maxTotalMinutes":4320,"minConsecutiveShifts":2,"maxConsecutiveShifts":5,"minConsecutiveDaysOff":2,"maxWeekends":1,"daysOff":[3],"onRequests":null,"offRequests":null},{"id":"F","maxShifts":[14,14,0],"minTotalMinutes":3360,"maxTotalMinutes":4320,"minConsecutiveShifts":2,"maxConsecutiveShifts":5,"minConsecutiveDaysOff":2,"maxWeekends":1,"daysOff":[0],"onRequests":[{"day":8,"shift":"E","weight":2},{"day":12,"shift":"D","weight":3},{"day":13,"shift":"D","weight":3}],"offRequests":null},{"id":"G","maxShifts":[14,14,5],"minTotalMinutes":3360,"maxTotalMinutes":4320,"minConsecutiveShifts":2,"maxConsecutiveShifts":5,"minConsecutiveDaysOff":2,"maxWeekends":1,"daysOff":[4],"onRequests":[{"day":10,"shift":"L","weight":2},{"day":11,"shift":"L","weight":2}],"offRequests":null},{"id":"H","maxShifts":[14,14,5],"minTotalMinutes":3360,"maxTotalMinutes":4320,"minConsecutiveShifts":2,"maxConsecutiveShifts":5,"minConsecutiveDaysOff":2,"maxWeekends":1,"daysOff":[12],"onRequests":[{"day":2,"shift":"E","weight":1},{"day":3,"shift":"E","weight":1}],"offRequests":[{"day":7,"shift":"E","weight":2},{"day":8,"shift":"E","weight":2},{"day":9,"shift":"E","weight":2},{"day":10,"shift":"E","weight":2}]},{"id":"I","maxShifts":[14,14,5],"minTotalMinutes":3360,"maxTotalMinutes":4320,"minConsecutiveShifts":2,"maxConsecutiveShifts":5,"minConsecutiveDaysOff":2,"maxWeekends":1,"daysOff":[6],"onRequests":[{"day":0,"shift":"D","weight":2},{"day":1,"shift":"D","weight":2},{"day":2,"shift":"D","weight":2}],"offRequests":null},{"id":"J","maxShifts":[14,14,0],"minTotalMinutes":3360,"maxTotalMinutes":4320,"minConsecutiveShifts":2,"maxConsecutiveShifts":5,"minConsecutiveDaysOff":2,"maxWeekends":1,"daysOff":[2],"onRequests":[{"day":8,"shift":"D","weight":2},{"day":9,"shift":"D","weight":2}],"offRequests":null},{"id":"K","maxShifts":[14,14,0],"minTotalMinutes":3360,"maxTotalMinutes":4320,"minConsecutiveShifts":2,"maxConsecutiveShifts":6,"minConsecutiveDaysOff":3,"maxWeekends":1,"daysOff":[4],"onRequests":[{"day":6,"shift":"D","weight":3},{"day":7,"shift":"D","weight":3},{"day":8,"shift":"D","weight":3},{"day":9,"shift":"D","weight":3},{"day":10,"shift":"D","weight":3}],"offRequests":null},{"id":"L","maxShifts":[0,14,5],"minTotalMinutes":3360,"maxTotalMinutes":4320,"minConsecutiveShifts":2,"maxConsecutiveShifts":6,"minConsecutiveDaysOff":3,"maxWeekends":1,"daysOff":[4],"onRequests":[{"day":8,"shift":"L","weight":2}],"offRequests":null},{"id":"M","maxShifts":[14,14,5],"minTotalMinutes":3360,"maxTotalMinutes":4320,"minConsecutiveShifts":2,"maxConsecutiveShifts":6,"minConsecutiveDaysOff":3,"maxWeekends":1,"daysOff":[1],"onRequests":null,"offRequests":[{"day":3,"shift":"E","weight":2},{"day":4,"shift":"E","weight":2},{"day":5,"shift":"E","weight":2},{"day":6,"shift":"E","weight":2},{"day":7,"shift":"E","weight":2}]},{"id":"N","maxShifts":[0,14,5],"minTotalMinutes":3360,"maxTotalMinutes":4320,"minConsecutiveShifts":2,"maxConsecutiveShifts":6,"minConsecutiveDaysOff":3,"maxWeekends":1,"daysOff":[8],"onRequests":[{"day":3,"shift":"L","weight":1},{"day":4,"shift":"L","weight":1},{"day":5,"shift":"L","weight":1},{"day":6,"shift":"L","weight":1}],"offRequests":null},{"id":"O","maxShifts":[0,14,5],"minTotalMinutes":3360,"maxTotalMinutes":4320,"minConsecutiveShifts":2,"maxConsecutiveShifts":6,"minConsecutiveDaysOff":3,"maxWeekends":1,"daysOff":[3],"onRequests":[{"day":5,"shift":"D","weight":1},{"day":6,"shift":"D","weight":1},{"day":7,"shift":"D","weight":1}],"offRequests":[{"day":13,"shift":"D","weight":3}]},{"id":"P","maxShifts":[14,14,2],"minTotalMinutes":1200,"maxTotalMinutes":2160,"minConsecutiveShifts":1,"maxConsecutiveShifts":5,"minConsecutiveDaysOff":2,"maxWeekends":1,"daysOff":[2],"onRequests":null,"offRequests":[{"day":5,"shift":"L","weight":3},{"day":6,"shift":"L","weight":3},{"day":7,"shift":"L","weight":3},{"day":8,"shift":"L","weight":3}]},{"id":"Q","maxShifts":[0,14,2],"minTotalMinutes":1200,"maxTotalMinutes":2160,"minConsecutiveShifts":1,"maxConsecutiveShifts":5,"minConsecutiveDaysOff":2,"maxWeekends":1,"daysOff":[6],"onRequests":null,"offRequests":[{"day":1,"shift":"D","weight":3},{"day":2,"shift":"D","weight":3},{"day":3,"shift":"D","weight":3},{"day":4,"shift":"D","weight":3},{"day":5,"shift":"D","weight":3}]},{"id":"R","maxShifts":[14,14,0],"minTotalMinutes":1200,"maxTotalMinutes":2160,"minConsecutiveShifts":1,"maxConsecutiveShifts":5,"minConsecutiveDaysOff":2,"maxWeekends":1,"daysOff":[1],"onRequests":null,"offRequests":null},{"id":"S","maxShifts":[14,0,2],"minTotalMinutes":1200,"maxTotalMinutes":2160,"minConsecutiveShifts":1,"maxConsecutiveShifts":5,"minConsecutiveDaysOff":2,"maxWeekends":1,"daysOff":[8],"onRequests":[{"day":1,"shift":"E","weight":3},{"day":6,"shift":"E","weight":2},{"day":7,"shift":"E","weight":2}],"offRequests":null},{"id":"T","maxShifts":[14,14,0],"minTotalMinutes":1200,"maxTotalMinutes":2160,"minConsecutiveShifts":1,"maxConsecutiveShifts":5,"minConsecutiveDaysOff":2,"maxWeekends":1,"daysOff":[11],"onRequests":[{"day":3,"shift":"E","weight":3},{"day":4,"shift":"E","weight":3}],"offRequests":null}],"covers":[[{"requirement":2,"weightIfUnder":100,"weightIfOver":1},{"requirement":3,"weightIfUnder":100,"weightIfOver":1},{"requirement":3,"weightIfUnder":100,"weightIfOver":1}],[{"requirement":3,"weightIfUnder":100,"weightIfOver":1},{"requirement":4,"weightIfUnder":100,"weightIfOver":1},{"requirement":3,"weightIfUnder":100,"weightIfOver":1}],[{"requirement":3,"weightIfUnder":100,"weightIfOver":1},{"requirement":5,"weightIfUnder":100,"weightIfOver":1},{"requirement":3,"weightIfUnder":100,"weightIfOver":1}],[{"requirement":4,"weightIfUnder":100,"weightIfOver":1},{"requirement":5,"weightIfUnder":100,"weightIfOver":1},{"requirement":2,"weightIfUnder":100,"weightIfOver":1}],[{"requirement":2,"weightIfUnder":100,"weightIfOver":1},{"requirement":5,"weightIfUnder":100,"weightIfOver":1},{"requirement":4,"weightIfUnder":100,"weightIfOver":1}],[{"requirement":4,"weightIfUnder":100,"weightIfOver":1},{"requirement":6,"weightIfUnder":100,"weightIfOver":1},{"requirement":2,"weightIfUnder":100,"weightIfOver":1}],[{"requirement":6,"weightIfUnder":100,"weightIfOver":1},{"requirement":5,"weightIfUnder":100,"weightIfOver":1},{"requirement":3,"weightIfUnder":100,"weightIfOver":1}],[{"requirement":4,"weightIfUnder":100,"weightIfOver":1},{"requirement":6,"weightIfUnder":100,"weightIfOver":1},{"requirement":3,"weightIfUnder":100,"weightIfOver":1}],[{"requirement":3,"weightIfUnder":100,"weightIfOver":1},{"requirement":4,"weightIfUnder":100,"weightIfOver":1},{"requirement":2,"weightIfUnder":100,"weightIfOver":1}],[{"requirement":4,"weightIfUnder":100,"weightIfOver":1},{"requirement":5,"weightIfUnder":100,"weightIfOver":1},{"requirement":4,"weightIfUnder":100,"weightIfOver":1}],[{"requirement":2,"weightIfUnder":100,"weightIfOver":1},{"requirement":5,"weightIfUnder":100,"weightIfOver":1},{"requirement":2,"weightIfUnder":100,"weightIfOver":1}],[{"requirement":2,"weightIfUnder":100,"weightIfOver":1},{"requirement":3,"weightIfUnder":100,"weightIfOver":1},{"requirement":4,"weightIfUnder":100,"weightIfOver":1}],[{"requirement":2,"weightIfUnder":100,"weightIfOver":1},{"requirement":6,"weightIfUnder":100,"weightIfOver":1},{"requirement":5,"weightIfUnder":100,"weightIfOver":1}],[{"requirement":3,"weightIfUnder":100,"weightIfOver":1},{"requirement":5,"weightIfUnder":100,"weightIfOver":1},{"requirement":3,"weightIfUnder":100,"weightIfOver":1}]]}