{"nDays":28,"shifts":[{"id":"E","length":480,"forbiddenFollowingShifts":null},{"id":"D","length":480,"forbiddenFollowingShifts":["E"]},{"id":"L","length":480,"forbiddenFollowingShifts":["E","D"]},{"id":"N","length":600,"forbiddenFollowingShifts":["E","D","L"]}],"staffs":[{"id":"A","maxShifts":[28,28,28,5],"minTotalMinutes":7080,"maxTotalMinutes":8160,"minConsecutiveShifts":2,"maxConsecutiveShifts":5,"minConsecutiveDaysOff":2,"maxWeekends":2,"daysOff":[15,18],"onRequests":[{"day":8,"shift":"L","weight":3},{"day":9,"shift":"L","weight":3},{"day":10,"shift":"L","weight":3}],"offRequests":[{"day":20,"shift":"D","weight":2},{"day":21,"shift":"D","weight":2},{"day":22,"shift":"D","weight":2}]},{"id":"B","maxShifts":[28,28,28,0],"minTotalMinutes":7080,"maxTotalMinutes":8160,"minConsecutiveShifts":2,"maxConsecutiveShifts":5,"minConsecutiveDaysOff":2,"maxWeekends":2,"daysOff":[9,10],"onRequests":[{"day":0,"shift":"D","weight":1},{"day":1,"shift":"D","weight":1}],"offRequests":[{"day":16,"shift":"E","weight":2},{"day":17,"shift":"E","weight":2},{"day":18,"shift":"E","weight":2},{"day":19,"shift":"E","weight":2}]},{"id":"C","maxShifts":[28,28,28,0],"minTotalMinutes":7080,"maxTotalMinutes":8160,"minConsecutiveShifts":2,"maxConsecutiveShifts":5,"minConsecutiveDaysOff":2,"maxWeekends":2,"daysOff":[24,25],"onRequests":[{"day":22,"shift":"D","weight":1}],"offRequests":[{"day":7,"shift":"E","weight":2},{"day":8,"shift":"E","weight":2},{"day":9,"shift":"E","weight":2},{"day":10,"shift":"E","weight":2}]},{"id":"D","maxShifts":[0,28,28,5],"minTotalMinutes":7080,"maxTotalMinutes":8160,"minConsecutiveShifts":2,"maxConsecutiveShifts":5,"minConsecutiveDaysOff":2,"maxWeekends":2,"daysOff":[13,14],"onRequests":[{"day":1,"shift":"L","weight":2},{"day":17,"shift":"L","weight":1},{"day":18,"shift":"L","weight":1}],"offRequests":[{"day":6,"shift":"D","weight":2},{"day":7,"shift":"D","weight":2},{"day":8,"shift":"D","weight":2}]},{"id":"E","maxShifts":[28,28,0,0],"minTotalMinutes":7080,"maxTotalMinutes":8160,"minConsecutiveShifts":2,"maxConsecutiveShifts":5,"minConsecutiveDaysOff":2,"maxWeekends":2,"daysOff":[17,23],"onRequests":[{"day":1,"shift":"D","weight":3},{"day":2,"shift":"D","weight":3},{"day":21,"shift":"E","weight":3},{"day":22,"shift":"E","weight":3}],"offRequests":[{"day":10,"shift":"D","weight":3},{"day":14,"shift":"E","weight":3},{"day":26,"shift":"D","weight":1}]},{"id":"F","maxShifts":[28,28,0,5],"minTotalMinutes":7080,"maxTotalMinutes":8160,"minConsecutiveShifts":2,"maxConsecutiveShifts":5,"minConsecutiveDaysOff":2,"maxWeekends":2,"daysOff":[14,15],"onRequests":[{"day":8,"shift":"E","weight":3},{"day":9,"shift":"E","weight":3},{"day":10,"shift":"E","weight":3},{"day":16,"shift":"E","weight":3},{"day":17,"shift":"E","weight":3},{"day":18,"shift":"E","weight":3},{"day":19,"shift":"E","weight":3}],"offRequests":null},{"id":"G","maxShifts":[28,28,0,0],"minTotalMinutes":7080,"maxTotalMinutes":8160,"minConsecutiveShifts":2,"maxConsecutiveShifts":5,"minConsecutiveDaysOff":2,"maxWeekends":2,"daysOff":[2,3],"onRequests":null,"offRequests":[{"day":19,"shift":"E","weight":1}]},{"id":"H","maxShifts":[28,28,28,5],"minTotalMinutes":7080,"maxTotalMinutes":8160,"minConsecutiveShifts":2,"maxConsecutiveShifts":5,"minConsecutiveDaysOff":2,"maxWeekends":2,"daysOff":[18,19],"onRequests":[{"day":20,"shift":"L","weight":3},{"day":21,"shift":"L","weight":3}],"offRequests":[{"day":1,"shift":"D","weight":3},{"day":2,"shift":"D","weight":3},{"day":3,"shift":"D","weight":3},{"day":4,"shift":"D","weight":3},{"day":12,"shift":"E","weight":2},{"day":13,"shift":"E","weight":2},{"day":14,"shift":"E","weight":2}]},{"id":"I","maxShifts":[28,28,28,5],"minTotalMinutes":7080,"maxTotalMinutes":8160,"minConsecutiveShifts":2,"maxConsecutiveShifts":5,"minConsecutiveDaysOff":2,"maxWeekends":2,"daysOff":[8,18],"onRequests":[{"day":16,"shift":"L","weight":1}],"offRequests":[{"day":9,"shift":"N","weight":1},{"day":10,"shift":"N","weight":1}]},{"id":"J","maxShifts":[28,28,28,5],"minTotalMinutes":7080,"maxTotalMinutes":8160,"minConsecutiveShifts":2,"maxConsecutiveShifts":5,"minConsecutiveDaysOff":2,"maxWeekends":2,"daysOff":[3,22],"onRequests":[{"day":2,"shift":"N","weight":1},{"day":9,"shift":"L","weight":3},{"day":10,"shift":"L","weight":3},{"day":11,"shift":"L","weight":3},{"day":12,"shift":"L","weight":3},{"day":16,"shift":"L","weight":2},{"day":17,"shift":"L","weight":2},{"day":18,"shift":"L","weight":2},{"day":19,"shift":"L","weight":2},{"day":26,"shift":"E","weight":1},{"day":27,"shift":"E","weight":1}],"offRequests":null},{"id":"K","maxShifts":[28,0,28,4],"minTotalMinutes":5400,"maxTotalMinutes":6480,"minConsecutiveShifts":2,"maxConsecutiveShifts":4,"minConsecutiveDaysOff":3,"maxWeekends":2,"daysOff":[1,25],"onRequests":null,"offRequests":[{"day":3,"shift":"E","weight":3},{"day":4,"shift":"E","weight":3},{"day":11,"shift":"E","weight":1},{"day":12,"shift":"E","weight":1},{"day":13,"shift":"E","weight":1},{"day":14,"shift":"E","weight":1},{"day":15,"shift":"E","weight":1}]},{"id":"L","maxShifts":[28,0,28,4],"minTotalMinutes":5400,"maxTotalMinutes":6480,"minConsecutiveShifts":2,"maxConsecutiveShifts":4,"minConsecutiveDaysOff":3,"maxWeekends":2,"daysOff":[6,7],"onRequests":[{"day":17,"shift":"L","weight":1},{"day":18,"shift":"L","weight":1},{"day":19,"shift":"L","weight":1}],"offRequests":[{"day":8,"shift":"N","weight":1},{"day":9,"shift":"N","weight":1},{"day":10,"shift":"N","weight":1}]},{"id":"M","maxShifts":[0,28,28,4],"minTotalMinutes":5400,"maxTotalMinutes":6480,"minConsecutiveShifts":2,"maxConsecutiveShifts":4,"minConsecutiveDaysOff":3,"maxWeekends":2,"daysOff":[21,22],"onRequests":[{"day":0,"shift":"L","weight":3},{"day":1,"shift":"L","weight":3},{"day":5,"shift":"L","weight":1},{"day":6,"shift":"L","weight":1},{"day":10,"shift":"L","weight":1},{"day":16,"shift":"D","weight":1},{"day":17,"shift":"D","weight":1},{"day":18,"shift":"D","weight":1},{"day":19,"shift":"D","weight":1},{"day":20,"shift":"D","weight":1},{"day":26,"shift":"N","weight":3},{"day":27,"shift":"N","weight":3}],"offRequests":null},{"id":"N","maxShifts":[28,28,28,4],"minTotalMinutes":5400,"maxTotalMinutes":6480,"minConsecutiveShifts":2,"maxConsecutiveShifts":4,"minConsecutiveDaysOff":3,"maxWeekends":2,"daysOff":[22,25],"onRequests":null,"offRequests":[{"day":3,"shift":"D","weight":3},{"day":4,"shift":"D","weight":3},{"day":11,"shift":"E","weight":1}]},{"id":"O","maxShifts":[28,28,28,4],"minTotalMinutes":5400,"maxTotalMinutes":6480,"minConsecutiveShifts":2,"maxConsecutiveShifts":4,"minConsecutiveDaysOff":3,"maxWeekends":2,"daysOff":[11,12],"onRequests":[{"day":22,"shift":"N","weight":2},{"day":23,"shift":"N","weight":2},{"day":24,"shift":"N","weight":2}],"offRequests":[{"day":14,"shift":"E","weight":1},{"day":15,"shift":"E","weight":1},{"day":16,"shift":"E","weight":1}]},{"id":"P","maxShifts":[28,28,0,4],"minTotalMinutes":5400,"maxTotalMinutes":6480,"minConsecutiveShifts":2,"maxConsecutiveShifts":4,"minConsecutiveDaysOff":3,"maxWeekends":2,"daysOff":[7,12],"onRequests":null,"offRequests":null},{"id":"Q","maxShifts":[0,28,28,0],"minTotalMinutes":4080,"maxTotalMinutes":5160,"minConsecutiveShifts":1,"maxConsecutiveShifts":5,"minConsecutiveDaysOff":2,"maxWeekends":3,"daysOff":[24,25],"onRequests":null,"offRequests":[{"day":14,"shift":"L","weight":3},{"day":15,"shift":"L","weight":3},{"day":16,"shift":"L","weight":3}]},{"id":"R","maxShifts":[28,28,28,3],"minTotalMinutes":4080,"maxTotalMinutes":5160,"minConsecutiveShifts":1,"maxConsecutiveShifts":5,"minConsecutiveDaysOff":2,"maxWeekends":3,"daysOff":[14,15],"onRequests":[{"day":3,"shift":"N","weight":3},{"day":4,"shift":"N","weight":3},{"day":5,"shift":"N","weight":3},{"day":6,"shift":"N","weight":3},{"day":7,"shift":"N","weight":3},{"day":13,"shift":"N","weight":1},{"day":21,"shift":"L","weight":2},{"day":22,"shift":"L","weight":2},{"day":23,"shift":"L","weight":2},{"day":24,"shift":"L","weight":2},{"day":25,"shift":"L","weight":2}],"offRequests":null},{"id":"S","maxShifts":[28,28,0,3],"minTotalMinutes":4080,"maxTotalMinutes":5160,"minConsecutiveShifts":1,"maxConsecutiveShifts":5,"minConsecutiveDaysOff":2,"maxWeekends":3,"daysOff":[3,4],"onRequests":null,"offRequests":null},{"id":"T","maxShifts":[0,28,28,3],"minTotalMinutes":4080,"maxTotalMinutes":5160,"minConsecutiveShifts":1,"maxConsecutiveShifts":5,"minConsecutiveDaysOff":2,"maxWeekends":3,"daysOff":[25,26],"onRequests":[{"day":6,"shift":"N","weight":2},{"day":7,"shift":"N","weight":2},{"day":8,"shift":"N","weight":2},{"day":9,"shift":"N","weight":2},{"day":22,"shift":"N","weight":3},{"day":23,"shift":"N","weight":3},{"day":24,"shift":"N","weight":3}],"offRequests":[{"day":14,"shift":"D","weight":2}]},{"id":"U","maxShifts":[28,28,28,3],"minTotalMinutes":4080,"maxTotalMinutes":5160,"minConsecutiveShifts":1,"maxConsecutiveShifts":5,"minConsecutiveDaysOff":2,"maxWeekends":3,"daysOff":[3,14],"onRequests":[{"day":17,"shift":"E","weight":3},{"day":18,"shift":"E","weight":3},{"day":19,"shift":"E","weight":3},{"day":20,"shift":"E","weight":3}],"offRequests":[{"day":9,"shift":"N","weight":1},{"day":10,"shift":"N","weight":1},{"day":11,"shift":"N","weight":1}]},{"id":"V","maxShifts":[28,28,0,3],"minTotalMinutes":4080,"maxTotalMinutes":5160,"minConsecutiveShifts":1,"maxConsecutiveShifts":5,"minConsecutiveDaysOff":2,"maxWeekends":3,"daysOff":[22,23],"onRequests":[{"day":3,"shift":"D","weight":3},{"day":7,"shift":"D","weight":1}],"offRequests":[{"day":14,"shift":"D","weight":3},{"day":15,"shift":"D","weight":3},{"day":16,"shift":"D","weight":3},{"day":17,"shift":"D","weight":3}]},{"id":"W","maxShifts":[0,0,28,0],"minTotalMinutes":4080,"maxTotalMinutes":5160,"minConsecutiveShifts":1,"maxConsecutiveShifts":5,"minConsecutiveDaysOff":2,"maxWeekends":3,"daysOff":[0,14],"onRequests":[{"day":1,"shift":"L","weight":3},{"day":2,"shift":"L","weight":3},{"day":3,"shift":"L","weight":3},{"day":19,"shift":"L","weight":2},{"day":20,"shift":"L","weight":2}],"offRequests":[{"day":24,"shift":"L","weight":2},{"day":25,"shift":"L","weight":2}]},{"id":"X","maxShifts":[28,28,28,3],"minTotalMinutes":4080,"maxTotalMinutes":5160,"minConsecutiveShifts":1,"maxConsecutiveShifts":5,"minConsecutiveDaysOff":2,"maxWeekends":3,"daysOff":[16,21],"onRequests":[{"day":5,"shift":"L","weight":1},{"day":6,"shift":"L","weight":1},{"day":7,"shift":"L","weight":1},{"day":8,"shift":"L","weight":1},{"day":9,"shift":"L","weight":1}],"offRequests":null},{"id":"Y","maxShifts":[28,28,28,3],"minTotalMinutes":4080,"maxTotalMinutes":5160,"minConsecutiveShifts":1,"maxConsecutiveShifts":5,"minConsecutiveDaysOff":2,"maxWeekends":3,"daysOff":[11,12],"onRequests":[{"day":15,"shift":"L","weight":1},{"day":22,"shift":"D","weight":1},{"day":23,"shift":"D","weight":1},{"day":24,"shift":"D","weight":1}],"offRequests":[{"day":3,"shift":"L","weight":1},{"day":4,"shift":"L","weight":1},{"day":5,"shift":"L","weight":1}]},{"id":"Z","maxShifts":[28,28,0,0],"minTotalMinutes":4080,"maxTotalMinutes":5160,"minConsecutiveShifts":1,"maxConsecutiveShifts":5,"minConsecutiveDaysOff":2,"maxWeekends":3,"daysOff":[7,8],"onRequests":[{"day":1,"shift":"D","weight":3},{"day":2,"shift":"D","weight":3},{"day":3,"shift":"D","weight":3},{"day":4,"shift":"D","weight":3},{"day":10,"shift":"E","weight":1},{"day":11,"shift":"E","weight":1},{"day":25,"shift":"D","weight":3},{"day":26,"shift":"D","weight":3},{"day":27,"shift":"D","weight":3}],"offRequests":[{"day":17,"shift":"E","weight":2},{"day":18,"shift":"E","weight":2},{"day":19,"shift":"E","weight":2}]},{"id":"AA","maxShifts":[0,0,28,2],"minTotalMinutes":2340,"maxTotalMinutes":3420,"minConsecutiveShifts":1,"maxConsecutiveShifts":5,"minConsecutiveDaysOff":1,"maxWeekends":3,"daysOff":[5,6],"onRequests":[{"day":7,"shift":"N","weight":2},{"day":8,"shift":"N","weight":2},{"day":9,"shift":"N","weight":2},{"day":10,"shift":"N","weight":2}],"offRequests":[{"day":18,"shift":"N","weight":3}]},{"id":"AB","maxShifts":[0,28,0,2],"minTotalMinutes":2340,"maxTotalMinutes":3420,"minConsecutiveShifts":1,"maxConsecutiveShifts":5,"minConsecutiveDaysOff":1,"maxWeekends":3,"daysOff":[0,2],"onRequests":[{"day":22,"shift":"N","weight":3},{"day":23,"shift":"N","weight":3},{"day":24,"shift":"N","weight":3},{"day":25,"shift":"N","weight":3},{"day":26,"shift":"N","weight":3}],"offRequests":null},{"id":"AC","maxShifts":[0,28,28,2],"minTotalMinutes":2340,"maxTotalMinutes":3420,"minConsecutiveShifts":1,"maxConsecutiveShifts":5,"minConsecutiveDaysOff":1,"maxWeekends":3,"daysOff":[7,15],"onRequests":[{"day":0,"shift":"D","weight":2},{"day":1,"shift":"D","weight":2},{"day":6,"shift":"N","weight":2},{"day":24,"shift":"N","weight":1},{"day":25,"shift":"N","weight":1},{"day":26,"shift":"N","weight":1}],"offRequests":[{"day":16,"shift":"N","weight":1},{"day":17,"shift":"N","weight":1},{"day":18,"shift":"N","weight":1},{"day":19,"shift":"N","weight":1},{"day":20,"shift":"N","weight":1}]},{"id":"AD","maxShifts":[28,28,0,2],"minTotalMinutes":2340,"maxTotalMinutes":3420,"minConsecutiveShifts":1,"maxConsecutiveShifts":5,"minConsecutiveDaysOff":1,"maxWeekends":3,"daysOff":[24,25],"onRequests":[{"day":6,"shift":"E","weight":1},{"day":7,"shift":"E","weight":1},{"day":8,"shift":"E","weight":1}],"offRequests":null},{"id":"AE","maxShifts":[28,28,28,2],"minTotalMinutes":2340,"maxTotalMinutes":3420,"minConsecutiveShifts":1,"maxConsecutiveShifts":5,"minConsecutiveDaysOff":1,"maxWeekends":3,"daysOff":[13,14],"onRequests":null,"offRequests":[{"day":0,"shift":"L","weight":1},{"day":1,"shift":"L","weight":1},{"day":2,"shift":"L","weight":1},{"day":3,"shift":"L","weight":1},{"day":15,"shift":"L","weight":3},{"day":16,"shift":"L","weight":3},{"day":17,"shift":"L","weight":3},{"day":18,"shift":"L","weight":3},{"day":19,"shift":"L","weight":3},{"day":25,"shift":"L","weight":3},{"day":26,"shift":"L","weight":3},{"day":27,"shift":"L","weight":3}]},{"id":"AF","maxShifts":[28,28,28,2],"minTotalMinutes":2340,"maxTotalMinutes":3420,"minConsecutiveShifts":1,"maxConsecutiveShifts":5,"minConsecutiveDaysOff":1,"maxWeekends":3,"daysOff":[1,2],"onRequests":[{"day":12,"shift":"E","weight":1},{"day":13,"shift":"E","weight":1},{"day":14,"shift":"E","weight":1},{"day":22,"shift":"L","weight":3}],"offRequests":null},{"id":"AG","maxShifts":[28,28,28,0],"minTotalMinutes":2340,"maxTotalMinutes":3420,"minConsecutiveShifts":1,"maxConsecutiveShifts":5,"minConsecutiveDaysOff":1,"maxWeekends":3,"daysOff":[1,2],"onRequests":[{"day":20,"shift":"E","weight":3},{"day":21,"shift":"E","weight":3},{"day":22,"shift":"E","weight":3}],"offRequests":[{"day":3,"shift":"L","weight":2},{"day":4,"shift":"L","weight":2},{"day":5,"shift":"L","weight":2}]},{"id":"AH","maxShifts":[28,28,28,2],"minTotalMinutes":2340,"maxTotalMinutes":3420,"minConsecutiveShifts":1,"maxConsecutiveShifts":5,"minConsecutiveDaysOff":1,"maxWeekends":3,"daysOff":[5,6],"onRequests":[{"day":0,"shift":"E","weight":1},{"day":1,"shift":"E","weight":1},{"day":2,"shift":"E","weight":1}],"offRequests":[{"day":13,"shift":"L","weight":2},{"day":14,"shift":"L","weight":2},{"day":15,"shift":"L","weight":2},{"day":16,"shift":"L","weight":2},{"day":24,"shift":"D","weight":1}]},{"id":"AI","maxShifts":[0,28,28,0],"minTotalMinutes":2340,"maxTotalMinutes":3420,"minConsecutiveShifts":1,"maxConsecutiveShifts":5,"minConsecutiveDaysOff":1,"maxWeekends":3,"daysOff":[13,14],"onRequests":[{"day":3,"shift":"D","weight":2},{"day":10,"shift":"D","weight":2},{"day":11,"shift":"D","weight":2},{"day":12,"shift":"D","weight":2},{"day":21,"shift":"D","weight":3},{"day":22,"shift":"D","weight":3}],"offRequests":null},{"id":"AJ","maxShifts":[28,0,28,2],"minTotalMinutes":2340,"maxTotalMinutes":3420,"minConsecutiveShifts":1,"maxConsecutiveShifts":5,"minConsecutiveDaysOff":1,"maxWeekends":3,"daysOff":[0,10],"onRequests":[{"day":6,"shift":"L","weight":1},{"day":7,"shift":"L","weight":1},{"day":14,"shift":"L","weight":1},{"day":15,"shift":"L","weight":1},{"day":16,"shift":"L","weight":1},{"day":17,"shift":"L","weight":1},{"day":18,"shift":"L","weight":1},{"day":22,"shift":"L","weight":3},{"day":23,"shift":"L","weight":3},{"day":24,"shift":"L","weight":3},{"day":25,"shift":"L","weight":3}],"offRequests":null}],"covers":[[{"requirement":2,"weightIfUnder":100,"weightIfOver":1},{"requirement":5,"weightIfUnder":100,"weightIfOver":1},{"requirement":6,"weightIfUnder":100,"weightIfOver":1},{"requirement":2,"weightIfUnder":100,"weightIfOver":1}],[{"requirement":3,"weightIfUnder":100,"weightIfOver":1},{"requirement":6,"weightIfUnder":100,"weightIfOver":1},{"requirement":4,"weightIfUnder":100,"weightIfOver":1},{"requirement":2,"weightIfUnder":100,"weightIfOver":1}],[{"requirement":4,"weightIfUnder":100,"weightIfOver":1},{"requirement":4,"weightIfUnder":100,"weightIfOver":1},{"requirement":5,"weightIfUnder":100,"weightIfOver":1},{"requirement":1,"weightIfUnder":100,"weightIfOver":1}],[{"requirement":5,"weightIfUnder":100,"weightIfOver":1},{"requirement":5,"weightIfUnder":100,"weightIfOver":1},{"requirement":5,"weightIfUnder":100,"weightIfOver":1},{"requirement":1,"weightIfUnder":100,"weightIfOver":1}],[{"requirement":3,"weightIfUnder":100,"weightIfOver":1},{"requirement":3,"weightIfUnder":100,"weightIfOver":1},{"requirement":4,"weightIfUnder":100,"weightIfOver":1},{"requirement":2,"weightIfUnder":100,"weightIfOver":1}],[{"requirement":4,"weightIfUnder":100,"weightIfOver":1},{"requirement":2,"weightIfUnder":100,"weightIfOver":1},{"requirement":5,"weightIfUnder":100,"weightIfOver":1},{"requirement":2,"weightIfUnder":100,"weightIfOver":1}],[{"requirement":3,"weightIfUnder":100,"weightIfOver":1},{"requirement":4,"weightIfUnder":100,"weightIfOver":1},{"requirement":4,"weightIfUnder":100,"weightIfOver":1},{"requirement":1,"weightIfUnder":100,"weightIfOver":1}],[{"requirement":3,"weightIfUnder":100,"weightIfOver":1},{"requirement":4,"weightIfUnder":100,"weightIfOver":1},{"requirement":4,"weightIfUnder":100,"weightIfOver":1},{"requirement":3,"weightIfUnder":100,"weightIfOver":1}],[{"requirement":3,"weightIfUnder":100,"weightIfOver":1},{"requirement":4,"weightIfUnder":100,"weightIfOver":1},{"requirement":3,"weightIfUnder":100,"weightIfOver":1},{"requirement":3,"weightIfUnder":100,"weightIfOver":1}],[{"requirement":4,"weightIfUnder":100,"weightIfOver":1},{"requirement":4,"weightIfUnder":100,"weightIfOver":1},{"requirement":4,"weightIfUnder":100,"weightIfOver":1},{"requirement":3,"weightIfUnder":100,"weightIfOver":1}],[{"requirement":4,"weightIfUnder":100,"weightIfOver":1},{"requirement":2,"weightIfUnder":100,"weightIfOver":1},{"requirement":2,"weightIfUnder":100,"weightIfOver":1},{"requirement":4,"weightIfUnder":100,"weightIfOver":1}],[{"requirement":4,"weightIfUnder":100,"weightIfOver":1},{"requirement":6,"weightIfUnder":100,"weightIfOver":1},{"requirement":5,"weightIfUnder":100,"weightIfOver":1},{"requirement":2,"weightIfUnder":100,"weightIfOver":1}],[{"requirement":5,"weightIfUnder":100,"weightIfOver":1},{"requirement":2,"weightIfUnder":100,"weightIfOver":1},{"requirement":4,"weightIfUnder":100,"weightIfOver":1},{"requirement":4,"weightIfUnder":100,"weightIfOver":1}],[{"requirement":4,"weightIfUnder":100,"weightIfOver":1},{"requirement":3,"weightIfUnder":100,"weightIfOver":1},{"requirement":4,"weightIfUnder":100,"weightIfOver":1},{"requirement":3,"weightIfUnder":100,"weightIfOver":1}],[{"requirement":4,"weightIfUnder":100,"weightIfOver":1},{"requirement":2,"weightIfUnder":100,"weightIfOver":1},{"requirement":3,"weightIfUnder":100,"weightIfOver":1},{"requirement":3,"weightIfUnder":100,"weightIfOver":1}],[{"requirement":4,"weightIfUnder":100,"weightIfOver":1},{"requirement":3,"weightIfUnder":100,"weightIfOver":1},{"requirement":4,"weightIfUnder":100,"weightIfOver":1},{"requirement":3,"weightIfUnder":100,"weightIfOver":1}],[{"requirement":2,"weightIfUnder":100,"weightIfOver":1},{"requirement":3,"weightIfUnder":100,"weightIfOver":1},{"requirement":4,"weightIfUnder":100,"weightIfOver":1},{"requirement":3,"weightIfUnder":100,"weightIfOver":1}],[{"requirement":3,"weightIfUnder":100,"weightIfOver":1},{"requirement":3,"weightIfUnder":100,"weightIfOver":1},{"requirement":5,"weightIfUnder":100,"weightIfOver":1},{"requirement":2,"weightIfUnder":100,"weightIfOver":1}],[{"requirement":3,"weightIfUnder":100,"weightIfOver":1},{"requirement":4,"weightIfUnder":100,"weightIfOver":1},{"requirement":5,"weightIfUnder":100,"weightIfOver":1},{"requirement":3,"weightIfUnder":100,"weightIfOver":1}],[{"requirement":2,"weightIfUnder":100,"weightIfOver":1},{"requirement":4,"weightIfUnder":100,"weightIfOver":1},{"requirement":4,"weightIfUnder":100,"weightIfOver":1},{"requirement":2,"weightIfUnder":100,"weightIfOver":1}],[{"requirement":5,"weightIfUnder":100,"weightIfOver":1},{"requirement":4,"weightIfUnder":100,"weightIfOver":1},{"requirement":3,"weightIfUnder":100,"weightIfOver":1},{"requirement":3,"weightIfUnder":100,"weightIfOver":1}],[{"requirement":6,"weightIfUnder":100,"weightIfOver":1},{"requirement":5,"weightIfUnder":100,"weightIfOver":1},{"requirement":6,"weightIfUnder":100,"weightIfOver":1},{"requirement":3,"weightIfUnder":100,"weightIfOver":1}],[{"requirement":4,"weightIfUnder":100,"weightIfOver":1},{"requirement":3,"weightIfUnder":100,"weightIfOver":1},{"requirement":4,"weightIfUnder":100,"weightIfOver":1},{"requirement":2,"weightIfUnder":100,"weightIfOver":1}],[{"requirement":4,"weightIfUnder":100,"weightIfOver":1},{"requirement":5,"weightIfUnder":100,"weightIfOver":1},{"requirement":5,"weightIfUnder":100,"weightIfOver":1},{"requirement":2,"weightIfUnder":100,"weightIfOver":1}],[{"requirement":5,"weightIfUnder":100,"weightIfOver":1},{"requirement":5,"weightIfUnder":100,"weightIfOver":1},{"requirement":5,"weightIfUnder":100,"weightIfOver":1},{"requirement":2,"weightIfUnder":100,"weightIfOver":1}],[{"requirement":5,"weightIfUnder":100,"weightIfOver":1},{"requirement":4,"weightIfUnder":100,"weightIfOver":1},{"requirement":5,"weightIfUnder":100,"weightIfOver":1},{"requirement":3,"weightIfUnder":100,"weightIfOver":1}],[{"requirement":3,"weightIfUnder":100,"weightIfOver":1},{"requirement":6,"weightIfUnder":100,"weightIfOver":1},{"requirement":3,"weightIfUnder":100,"weightIfOver":1},{"requirement":5,"weightIfUnder":100,"weightIfOver":1}],[{"requirement":4,"weightIfUnder":100,"weightIfOver":1},{"requirement":7,"weightIfUnder":100,"weightIfOver":1},{"requirement":6,"weightIfUnder":100,"weightIfOver":1},{"requirement":3,"weightIfUnder":100,"weightIfOver":1}]]}