{"nDays":42,"shifts":[{"id":"E","length":480,"forbiddenFollowingShifts":null},{"id":"D","length":480,"forbiddenFollowingShifts":null},{"id":"L","length":480,"forbiddenFollowingShifts":["E","D"]},{"id":"N","length":600,"forbiddenFollowingShifts":["E","D","L"]}],"staffs":[{"id":"A","maxShifts":[21,42,21,5],"minTotalMinutes":12000,"maxTotalMinutes":12960,"minConsecutiveShifts":2,"maxConsecutiveShifts":5,"minConsecutiveDaysOff":2,"maxWeekends":3,"daysOff":[14,15,16,17],"onRequests":[{"day":0,"shift":"D","weight":3},{"day":19,"shift":"E","weight":2},{"day":20,"shift":"E","weight":2},{"day":21,"shift":"E","weight":2},{"day":22,"shift":"E","weight":2},{"day":36,"shift":"L","weight":3},{"day":37,"shift":"L","weight":3},{"day":38,"shift":"L","weight":3},{"day":39,"shift":"L","weight":3}],"offRequests":[{"day":8,"shift":"L","weight":3},{"day":9,"shift":"L","weight":3},{"day":10,"shift":"L","weight":3},{"day":11,"shift":"L","weight":3}]},{"id":"B","maxShifts":[0,42,0,5],"minTotalMinutes":12000,"maxTotalMinutes":12960,"minConsecutiveShifts":2,"maxConsecutiveShifts":5,"minConsecutiveDaysOff":2,"maxWeekends":3,"daysOff":[19,20,39,40],"onRequests":[{"day":9,"shift":"N","weight":2},{"day":10,"shift":"N","weight":2},{"day":11,"shift":"N","weight":2},{"day":23,"shift":"D","weight":2},{"day":24,"shift":"D","weight":2},{"day":25,"shift":"D","weight":2},{"day":26,"shift":"D","weight":2},{"day":30,"shift":"D","weight":2},{"day":31,"shift":"D","weight":2},{"day":32,"shift":"D","weight":2},{"day":33,"shift":"D","weight":2}],"offRequests":[{"day":0,"shift":"D","weight":2},{"day":1,"shift":"D","weight":2},{"day":2,"shift":"D","weight":2},{"day":3,"shift":"D","weight":2},{"day":4,"shift":"D","weight":2}]},{"id":"C","maxShifts":[21,42,21,5],"minTotalMinutes":12000,"maxTotalMinutes":12960,"minConsecutiveShifts":2,"maxConsecutiveShifts":5,"minConsecutiveDaysOff":2,"maxWeekends":3,"daysOff":[11,16,17,40],"onRequests":[{"day":3,"shift":"N","weight":3},{"day":4,"shift":"N","weight":3},{"day":18,"shift":"E","weight":1},{"day":19,"shift":"E","weight":1},{"day":37,"shift":"N","weight":3}],"offRequests":[{"day":26,"shift":"L","weight":1},{"day":27,"shift":"L","weight":1},{"day":28,"shift":"L","weight":1},{"day":29,"shift":"L","weight":1},{"day":30,"shift":"L","weight":1}]},{"id":"D","maxShifts":[0,42,21,0],"minTotalMinutes":12000,"maxTotalMinutes":12960,"minConsecutiveShifts":2,"maxConsecutiveShifts":5,"minConsecutiveDaysOff":2,"maxWeekends":3,"daysOff":[18,19,20,21],"onRequests":[{"day":12,"shift":"L","weight":2},{"day":13,"shift":"L","weight":2}],"offRequests":[{"day":3,"shift":"D","weight":2},{"day":4,"shift":"D","weight":2},{"day":5,"shift":"D","weight":2},{"day":6,"shift":"D","weight":2},{"day":29,"shift":"L","weight":1},{"day":36,"shift":"D","weight":1},{"day":37,"shift":"D","weight":1},{"day":38,"shift":"D","weight":1}]},{"id":"E","maxShifts":[21,42,21,5],"minTotalMinutes":12000,"maxTotalMinutes":12960,"minConsecutiveShifts":2,"maxConsecutiveShifts":5,"minConsecutiveDaysOff":2,"maxWeekends":3,"daysOff":[17,18,19,20],"onRequests":[{"day":0,"shift":"L","weight":1},{"day":1,"shift":"L","weight":1},{"day":5,"shift":"D","weight":2},{"day":6,"shift":"D","weight":2},{"day":12,"shift":"L","weight":1},{"day":13,"shift":"L","weight":1},{"day":14,"shift":"L","weight":1},{"day":15,"shift":"L","weight":1},{"day":16,"shift":"L","weight":1},{"day":21,"shift":"L","weight":3},{"day":22,"shift":"L","weight":3},{"day":23,"shift":"L","weight":3},{"day":24,"shift":"L","weight":3},{"day":25,"shift":"L","weight":3}],"offRequests":[{"day":32,"shift":"N","weight":2},{"day":33,"shift":"N","weight":2},{"day":34,"shift":"N","weight":2}]},{"id":"F","maxShifts":[0,42,21,0],"minTotalMinutes":12000,"maxTotalMinutes":12960,"minConsecutiveShifts":2,"maxConsecutiveShifts":5,"minConsecutiveDaysOff":2,"maxWeekends":3,"daysOff":[13,24,25,26],"onRequests":[{"day":0,"shift":"D","weight":3},{"day":1,"shift":"D","weight":3},{"day":2,"shift":"D","weight":3},{"day":3,"shift":"D","weight":3},{"day":15,"shift":"L","weight":3},{"day":16,"shift":"L","weight":3},{"day":17,"shift":"L","weight":3},{"day":18,"shift":"L","weight":3},{"day":27,"shift":"L","weight":3},{"day":28,"shift":"L","weight":3},{"day":29,"shift":"L","weight":3}],"offRequests":null},{"id":"G","maxShifts":[0,42,21,5],"minTotalMinutes":12000,"maxTotalMinutes":12960,"minConsecutiveShifts":2,"maxConsecutiveShifts":5,"minConsecutiveDaysOff":2,"maxWeekends":3,"daysOff":[10,11,39,40],"onRequests":[{"day":1,"shift":"N","weight":3},{"day":32,"shift":"N","weight":3}],"offRequests":[{"day":19,"shift":"D","weight":3}]},{"id":"H","maxShifts":[21,42,21,5],"minTotalMinutes":12000,"maxTotalMinutes":12960,"minConsecutiveShifts":2,"maxConsecutiveShifts":5,"minConsecutiveDaysOff":2,"maxWeekends":3,"daysOff":[35,36,37,38],"onRequests":[{"day":3,"shift":"E","weight":2},{"day":4,"shift":"E","weight":2},{"day":8,"shift":"E","weight":1},{"day":9,"shift":"E","weight":1},{"day":10,"shift":"E","weight":1},{"day":11,"shift":"E","weight":1},{"day":23,"shift":"N","weight":2},{"day":24,"shift":"N","weight":2},{"day":25,"shift":"N","weight":2}],"offRequests":null},{"id":"I","maxShifts":[21,42,0,5],"minTotalMinutes":12000,"maxTotalMinutes":12960,"minConsecutiveShifts":2,"maxConsecutiveShifts":5,"minConsecutiveDaysOff":2,"maxWeekends":3,"daysOff":[26,27,28,31],"onRequests":[{"day":5,"shift":"N","weight":2}],"offRequests":[{"day":0,"shift":"E","weight":1},{"day":1,"shift":"E","weight":1},{"day":16,"shift":"N","weight":1},{"day":17,"shift":"N","weight":1},{"day":18,"shift":"N","weight":1},{"day":32,"shift":"N","weight":2},{"day":33,"shift":"N","weight":2},{"day":34,"shift":"N","weight":2},{"day":35,"shift":"N","weight":2}]},{"id":"J","maxShifts":[21,42,21,5],"minTotalMinutes":12000,"maxTotalMinutes":12960,"minConsecutiveShifts":2,"maxConsecutiveShifts":5,"minConsecutiveDaysOff":2,"maxWeekends":3,"daysOff":[1,2,31,32],"onRequests":[{"day":13,"shift":"N","weight":1},{"day":14,"shift":"N","weight":1},{"day":15,"shift":"N","weight":1},{"day":22,"shift":"E","weight":1},{"day":23,"shift":"E","weight":1},{"day":27,"shift":"D","weight":1},{"day":28,"shift":"D","weight":1},{"day":29,"shift":"D","weight":1},{"day":30,"shift":"D","weight":1},{"day":34,"shift":"N","weight":2},{"day":35,"shift":"N","weight":2},{"day":36,"shift":"N","weight":2},{"day":37,"shift":"N","weight":2},{"day":38,"shift":"N","weight":2}],"offRequests":null},{"id":"K","maxShifts":[21,42,21,0],"minTotalMinutes":12000,"maxTotalMinutes":12960,"minConsecutiveShifts":2,"maxConsecutiveShifts":5,"minConsecutiveDaysOff":2,"maxWeekends":3,"daysOff":[3,4,5,6],"onRequests":[{"day":13,"shift":"L","weight":2},{"day":14,"shift":"L","weight":2},{"day":15,"shift":"L","weight":2},{"day":16,"shift":"L","weight":2},{"day":17,"shift":"L","weight":2},{"day":21,"shift":"L","weight":2},{"day":26,"shift":"E","weight":2},{"day":27,"shift":"E","weight":2},{"day":28,"shift":"E","weight":2},{"day":29,"shift":"E","weight":2},{"day":38,"shift":"D","weight":1}],"offRequests":[{"day":0,"shift":"E","weight":2}]},{"id":"L","maxShifts":[21,42,21,5],"minTotalMinutes":12000,"maxTotalMinutes":12960,"minConsecutiveShifts":2,"maxConsecutiveShifts":5,"minConsecutiveDaysOff":2,"maxWeekends":3,"daysOff":[1,7,25,26],"onRequests":[{"day":2,"shift":"E","weight":3},{"day":3,"shift":"E","weight":3},{"day":4,"shift":"E","weight":3},{"day":5,"shift":"E","weight":3},{"day":6,"shift":"E","weight":3}],"offRequests":[{"day":10,"shift":"E","weight":2}]},{"id":"M","maxShifts":[0,42,0,0],"minTotalMinutes":12000,"maxTotalMinutes":12960,"minConsecutiveShifts":2,"maxConsecutiveShifts":5,"minConsecutiveDaysOff":2,"maxWeekends":3,"daysOff":[23,24,25,26],"onRequests":[{"day":5,"shift":"D","weight":3},{"day":6,"shift":"D","weight":3},{"day":28,"shift":"D","weight":3},{"day":29,"shift":"D","weight":3},{"day":30,"shift":"D","weight":3},{"day":31,"shift":"D","weight":3}],"offRequests":[{"day":10,"shift":"D","weight":3},{"day":14,"shift":"D","weight":1}]},{"id":"N","maxShifts":[21,42,0,5],"minTotalMinutes":12000,"maxTotalMinutes":12960,"minConsecutiveShifts":2,"maxConsecutiveShifts":5,"minConsecutiveDaysOff":2,"maxWeekends":3,"daysOff":[2,3,12,13],"onRequests":[{"day":5,"shift":"E","weight":3},{"day":6,"shift":"E","weight":3},{"day":7,"shift":"E","weight":3},{"day":34,"shift":"N","weight":2},{"day":35,"shift":"N","weight":2}],"offRequests":[{"day":20,"shift":"N","weight":2},{"day":21,"shift":"N","weight":2},{"day":22,"shift":"N","weight":2},{"day":29,"shift":"D","weight":2}]},{"id":"O","maxShifts":[0,42,21,0],"minTotalMinutes":12000,"maxTotalMinutes":12960,"minConsecutiveShifts":2,"maxConsecutiveShifts":5,"minConsecutiveDaysOff":2,"maxWeekends":3,"daysOff":[14,15,16,17],"onRequests":[{"day":11,"shift":"L","weight":1},{"day":29,"shift":"L","weight":3},{"day":30,"shift":"L","weight":3},{"day":31,"shift":"L","weight":3},{"day":32,"shift":"L","weight":3},{"day":33,"shift":"L","weight":3}],"offRequests":[{"day":3,"shift":"L","weight":1}]},{"id":"P","maxShifts":[0,42,0,5],"minTotalMinutes":12000,"maxTotalMinutes":12960,"minConsecutiveShifts":2,"maxConsecutiveShifts":5,"minConsecutiveDaysOff":2,"maxWeekends":3,"daysOff":[20,33,34,35],"onRequests":[{"day":2,"shift":"N","weight":3},{"day":3,"shift":"N","weight":3},{"day":8,"shift":"D","weight":3},{"day":9,"shift":"D","weight":3},{"day":10,"shift":"D","weight":3},{"day":11,"shift":"D","weight":3},{"day":12,"shift":"D","weight":3},{"day":37,"shift":"D","weight":2}],"offRequests":[{"day":24,"shift":"N","weight":3},{"day":25,"shift":"N","weight":3},{"day":26,"shift":"N","weight":3},{"day":27,"shift":"N","weight":3},{"day":28,"shift":"N","weight":3}]},{"id":"Q","maxShifts":[0,42,21,0],"minTotalMinutes":12000,"maxTotalMinutes":12960,"minConsecutiveShifts":2,"maxConsecutiveShifts":5,"minConsecutiveDaysOff":2,"maxWeekends":3,"daysOff":[27,28,31,32],"onRequests":[{"day":2,"shift":"L","weight":1},{"day":7,"shift":"L","weight":1},{"day":8,"shift":"L","weight":1},{"day":9,"shift":"L","weight":1},{"day":10,"shift":"L","weight":1},{"day":11,"shift":"L","weight":1}],"offRequests":[{"day":16,"shift":"L","weight":3},{"day":17,"shift":"L","weight":3},{"day":18,"shift":"L","weight":3},{"day":19,"shift":"L","weight":3}]},{"id":"R","maxShifts":[21,42,0,5],"minTotalMinutes":12000,"maxTotalMinutes":12960,"minConsecutiveShifts":2,"maxConsecutiveShifts":5,"minConsecutiveDaysOff":2,"maxWeekends":3,"daysOff":[29,30,31,32],"onRequests":[{"day":2,"shift":"E","weight":1},{"day":8,"shift":"E","weight":2},{"day":9,"shift":"E","weight":2},{"day":10,"shift":"E","weight":2},{"day":11,"shift":"E","weight":2},{"day":12,"shift":"E","weight":2},{"day":21,"shift":"D","weight":2},{"day":22,"shift":"D","weight":2},{"day":23,"shift":"D","weight":2},{"day":24,"shift":"D","weight":2},{"day":37,"shift":"N","weight":1},{"day":38,"shift":"N","weight":1}],"offRequests":null},{"id":"S","maxShifts":[21,42,21,5],"minTotalMinutes":12000,"maxTotalMinutes":12960,"minConsecutiveShifts":2,"maxConsecutiveShifts":5,"minConsecutiveDaysOff":2,"maxWeekends":3,"daysOff":[19,24,25,26],"onRequests":[{"day":4,"shift":"N","weight":2},{"day":5,"shift":"N","weight":2},{"day":6,"shift":"N","weight":2},{"day":14,"shift":"E","weight":3},{"day":15,"shift":"E","weight":3},{"day":29,"shift":"N","weight":3},{"day":30,"shift":"N","weight":3},{"day":31,"shift":"N","weight":3},{"day":32,"shift":"N","weight":3},{"day":33,"shift":"N","weight":3}],"offRequests":[{"day":38,"shift":"D","weight":1}]},{"id":"T","maxShifts":[0,42,21,0],"minTotalMinutes":12000,"maxTotalMinutes":12960,"minConsecutiveShifts":2,"maxConsecutiveShifts":5,"minConsecutiveDaysOff":2,"maxWeekends":3,"daysOff":[28,31,32,33],"onRequests":[{"day":1,"shift":"D","weight":2},{"day":2,"shift":"D","weight":2},{"day":3,"shift":"D","weight":2},{"day":4,"shift":"D","weight":2},{"day":5,"shift":"D","weight":2},{"day":10,"shift":"D","weight":1},{"day":11,"shift":"D","weight":1},{"day":12,"shift":"D","weight":1},{"day":17,"shift":"L","weight":1},{"day":18,"shift":"L","weight":1},{"day":19,"shift":"L","weight":1},{"day":20,"shift":"L","weight":1},{"day":21,"shift":"L","weight":1},{"day":29,"shift":"D","weight":1},{"day":34,"shift":"L","weight":2},{"day":38,"shift":"L","weight":2},{"day":39,"shift":"L","weight":2},{"day":40,"shift":"L","weight":2},{"day":41,"shift":"L","weight":2}],"offRequests":null},{"id":"U","maxShifts":[21,42,21,0],"minTotalMinutes":12000,"maxTotalMinutes":12960,"minConsecutiveShifts":2,"maxConsecutiveShifts":6,"minConsecutiveDaysOff":3,"maxWeekends":3,"daysOff":[0,1,2,37],"onRequests":[{"day":4,"shift":"D","weight":2},{"day":5,"shift":"D","weight":2},{"day":6,"shift":"D","weight":2},{"day":7,"shift":"D","weight":2},{"day":15,"shift":"L","weight":2},{"day":16,"shift":"L","weight":2},{"day":17,"shift":"L","weight":2},{"day":18,"shift":"L","weight":2},{"day":32,"shift":"L","weight":1},{"day":33,"shift":"L","weight":1},{"day":34,"shift":"L","weight":1},{"day":35,"shift":"L","weight":1},{"day":36,"shift":"L","weight":1}],"offRequests":[{"day":24,"shift":"D","weight":1},{"day":25,"shift":"D","weight":1}]},{"id":"V","maxShifts":[21,42,21,0],"minTotalMinutes":12000,"maxTotalMinutes":12960,"minConsecutiveShifts":2,"maxConsecutiveShifts":6,"minConsecutiveDaysOff":3,"maxWeekends":3,"daysOff":[7,30,34,35],"onRequests":[{"day":1,"shift":"L","weight":1},{"day":2,"shift":"L","weight":1},{"day":19,"shift":"E","weight":2},{"day":20,"shift":"E","weight":2},{"day":21,"shift":"E","weight":2}],"offRequests":null},{"id":"W","maxShifts":[0,42,21,5],"minTotalMinutes":12000,"maxTotalMinutes":12960,"minConsecutiveShifts":2,"maxConsecutiveShifts":6,"minConsecutiveDaysOff":3,"maxWeekends":3,"daysOff":[7,8,9,10],"onRequests":[{"day":0,"shift":"L","weight":2},{"day":1,"shift":"L","weight":2},{"day":2,"shift":"L","weight":2},{"day":3,"shift":"L","weight":2},{"day":4,"shift":"L","weight":2},{"day":13,"shift":"D","weight":1},{"day":30,"shift":"L","weight":2},{"day":31,"shift":"L","weight":2},{"day":32,"shift":"L","weight":2},{"day":33,"shift":"L","weight":2},{"day":34,"shift":"L","weight":2}],"offRequests":[{"day":19,"shift":"D","weight":2},{"day":20,"shift":"D","weight":2},{"day":21,"shift":"D","weight":2},{"day":22,"shift":"D","weight":2},{"day":23,"shift":"D","weight":2}]},{"id":"X","maxShifts":[21,42,0,5],"minTotalMinutes":12000,"maxTotalMinutes":12960,"minConsecutiveShifts":2,"maxConsecutiveShifts":6,"minConsecutiveDaysOff":3,"maxWeekends":3,"daysOff":[1,30,31,32],"onRequests":[{"day":0,"shift":"N","weight":3},{"day":7,"shift":"N","weight":3},{"day":8,"shift":"N","weight":3},{"day":9,"shift":"N","weight":3},{"day":10,"shift":"N","weight":3}],"offRequests":[{"day":15,"shift":"D","weight":1},{"day":16,"shift":"D","weight":1},{"day":17,"shift":"D","weight":1},{"day":25,"shift":"D","weight":1}]},{"id":"Y","maxShifts":[21,42,0,0],"minTotalMinutes":12000,"maxTotalMinutes":12960,"minConsecutiveShifts":2,"maxConsecutiveShifts":6,"minConsecutiveDaysOff":3,"maxWeekends":3,"daysOff":[0,10,11,12],"onRequests":[{"day":1,"shift":"E","weight":3},{"day":2,"shift":"E","weight":3}],"offRequests":[{"day":33,"shift":"E","weight":3},{"day":34,"shift":"E","weight":3},{"day":35,"shift":"E","weight":3},{"day":36,"shift":"E","weight":3}]},{"id":"Z","maxShifts":[21,42,0,5],"minTotalMinutes":12000,"maxTotalMinutes":12960,"minConsecutiveShifts":2,"maxConsecutiveShifts":6,"minConsecutiveDaysOff":3,"maxWeekends":3,"daysOff":[11,36,37,38],"onRequests":[{"day":1,"shift":"E","weight":1},{"day":2,"shift":"E","weight":1},{"day":3,"shift":"E","weight":1},{"day":4,"shift":"E","weight":1},{"day":13,"shift":"D","weight":1},{"day":14,"shift":"D","weight":1}],"offRequests":[{"day":27,"shift":"D","weight":3},{"day":28,"shift":"D","weight":3},{"day":29,"shift":"D","weight":3},{"day":30,"shift":"D","weight":3},{"day":31,"shift":"D","weight":3}]},{"id":"AA","maxShifts":[0,42,21,5],"minTotalMinutes":12000,"maxTotalMinutes":12960,"minConsecutiveShifts":2,"maxConsecutiveShifts":6,"minConsecutiveDaysOff":3,"maxWeekends":3,"daysOff":[26,39,40,41],"onRequests":[{"day":2,"shift":"L","weight":2},{"day":3,"shift":"L","weight":2},{"day":4,"shift":"L","weight":2},{"day":5,"shift":"L","weight":2},{"day":9,"shift":"L","weight":2},{"day":10,"shift":"L","weight":2},{"day":11,"shift":"L","weight":2},{"day":12,"shift":"L","weight":2},{"day":19,"shift":"N","weight":2},{"day":20,"shift":"N","weight":2},{"day":21,"shift":"N","weight":2},{"day":22,"shift":"N","weight":2},{"day":30,"shift":"L","weight":2},{"day":31,"shift":"L","weight":2},{"day":32,"shift":"L","weight":2},{"day":33,"shift":"L","weight":2},{"day":34,"shift":"L","weight":2}],"offRequests":null},{"id":"AB","maxShifts":[10,42,0,0],"minTotalMinutes":5520,"maxTotalMinutes":6480,"minConsecutiveShifts":1,"maxConsecutiveShifts":5,"minConsecutiveDaysOff":2,"maxWeekends":3,"daysOff":[14,24,25,32],"onRequests":[{"day":17,"shift":"E","weight":1},{"day":18,"shift":"E","weight":1},{"day":19,"shift":"E","weight":1},{"day":20,"shift":"E","weight":1},{"day":26,"shift":"E","weight":3},{"day":27,"shift":"E","weight":3},{"day":28,"shift":"E","weight":3},{"day":29,"shift":"E","weight":3}],"offRequests":[{"day":0,"shift":"D","weight":3},{"day":1,"shift":"D","weight":3},{"day":2,"shift":"D","weight":3},{"day":10,"shift":"E","weight":2}]},{"id":"AC","maxShifts":[10,42,10,2],"minTotalMinutes":5520,"maxTotalMinutes":6480,"minConsecutiveShifts":1,"maxConsecutiveShifts":5,"minConsecutiveDaysOff":2,"maxWeekends":3,"daysOff":[34,35,36,37],"onRequests":[{"day":2,"shift":"N","weight":1},{"day":3,"shift":"N","weight":1},{"day":30,"shift":"D","weight":2},{"day":31,"shift":"D","weight":2},{"day":32,"shift":"D","weight":2}],"offRequests":[{"day":11,"shift":"E","weight":2},{"day":12,"shift":"E","weight":2},{"day":13,"shift":"E","weight":2},{"day":14,"shift":"E","weight":2},{"day":15,"shift":"E","weight":2}]},{"id":"AD","maxShifts":[10,42,10,2],"minTotalMinutes":5520,"maxTotalMinutes":6480,"minConsecutiveShifts":1,"maxConsecutiveShifts":5,"minConsecutiveDaysOff":2,"maxWeekends":3,"daysOff":[17,18,19,20],"onRequests":[{"day":2,"shift":"E","weight":1},{"day":22,"shift":"N","weight":1},{"day":23,"shift":"N","weight":1},{"day":24,"shift":"N","weight":1},{"day":25,"shift":"N","weight":1},{"day":26,"shift":"N","weight":1},{"day":32,"shift":"D","weight":3},{"day":33,"shift":"D","weight":3}],"offRequests":[{"day":9,"shift":"L","weight":1},{"day":10,"shift":"L","weight":1},{"day":11,"shift":"L","weight":1},{"day":12,"shift":"L","weight":1},{"day":13,"shift":"L","weight":1}]},{"id":"AE","maxShifts":[10,42,10,2],"minTotalMinutes":5520,"maxTotalMinutes":6480,"minConsecutiveShifts":1,"maxConsecutiveShifts":5,"minConsecutiveDaysOff":2,"maxWeekends":3,"daysOff":[6,8,21,25],"onRequests":[{"day":9,"shift":"D","weight":2},{"day":10,"shift":"D","weight":2},{"day":11,"shift":"D","weight":2},{"day":12,"shift":"D","weight":2},{"day":13,"shift":"D","weight":2},{"day":36,"shift":"E","weight":3},{"day":37,"shift":"E","weight":3},{"day":38,"shift":"E","weight":3},{"day":39,"shift":"E","weight":3},{"day":40,"shift":"E","weight":3}],"offRequests":[{"day":18,"shift":"D","weight":2},{"day":19,"shift":"D","weight":2}]},{"id":"AF","maxShifts":[10,42,0,0],"minTotalMinutes":5520,"maxTotalMinutes":6480,"minConsecutiveShifts":1,"maxConsecutiveShifts":5,"minConsecutiveDaysOff":2,"maxWeekends":3,"daysOff":[7,8,9,10],"onRequests":[{"day":17,"shift":"E","weight":3},{"day":18,"shift":"E","weight":3},{"day":19,"shift":"E","weight":3},{"day":20,"shift":"E","weight":3},{"day":26,"shift":"D","weight":1},{"day":27,"shift":"D","weight":1},{"day":31,"shift":"E","weight":1},{"day":32,"shift":"E","weight":1},{"day":33,"shift":"E","weight":1},{"day":39,"shift":"E","weight":3}],"offRequests":[{"day":2,"shift":"D","weight":2},{"day":3,"shift":"D","weight":2},{"day":4,"shift":"D","weight":2}]}],"covers":[[{"requirement":6,"weightIfUnder":100,"weightIfOver":1},{"requirement":5,"weightIfUnder":100,"weightIfOver":1},{"requirement":6,"weightIfUnder":100,"weightIfOver":1},{"requirement":3,"weightIfUnder":100,"weightIfOver":1}],[{"requirement":6,"weightIfUnder":100,"weightIfOver":1},{"requirement":4,"weightIfUnder":100,"weightIfOver":1},{"requirement":5,"weightIfUnder":100,"weightIfOver":1},{"requirement":3,"weightIfUnder":100,"weightIfOver":1}],[{"requirement":5,"weightIfUnder":100,"weightIfOver":1},{"requirement":7,"weightIfUnder":100,"weightIfOver":1},{"requirement":3,"weightIfUnder":100,"weightIfOver":1},{"requirement":3,"weightIfUnder":100,"weightIfOver":1}],[{"requirement":6,"weightIfUnder":100,"weightIfOver":1},{"requirement":6,"weightIfUnder":100,"weightIfOver":1},{"requirement":5,"weightIfUnder":100,"weightIfOver":1},{"requirement":5,"weightIfUnder":100,"weightIfOver":1}],[{"requirement":6,"weightIfUnder":100,"weightIfOver":1},{"requirement":6,"weightIfUnder":100,"weightIfOver":1},{"requirement":5,"weightIfUnder":100,"weightIfOver":1},{"requirement":2,"weightIfUnder":100,"weightIfOver":1}],[{"requirement":5,"weightIfUnder":100,"weightIfOver":1},{"requirement":5,"weightIfUnder":100,"weightIfOver":1},{"requirement":5,"weightIfUnder":100,"weightIfOver":1},{"requirement":3,"weightIfUnder":100,"weightIfOver":1}],[{"requirement":3,"weightIfUnder":100,"weightIfOver":1},{"requirement":5,"weightIfUnder":100,"weightIfOver":1},{"requirement":4,"weightIfUnder":100,"weightIfOver":1},{"requirement":4,"weightIfUnder":100,"weightIfOver":1}],[{"requirement":4,"weightIfUnder":100,"weightIfOver":1},{"requirement":5,"weightIfUnder":100,"weightIfOver":1},{"requirement":3,"weightIfUnder":100,"weightIfOver":1},{"requirement":3,"weightIfUnder":100,"weightIfOver":1}],[{"requirement":5,"weightIfUnder":100,"weightIfOver":1},{"requirement":5,"weightIfUnder":100,"weightIfOver":1},{"requirement":5,"weightIfUnder":100,"weightIfOver":1},{"requirement":2,"weightIfUnder":100,"weightIfOver":1}],[{"requirement":5,"weightIfUnder":100,"weightIfOver":1},{"requirement":5,"weightIfUnder":100,"weightIfOver":1},{"requirement":5,"weightIfUnder":100,"weightIfOver":1},{"requirement":3,"weightIfUnder":100,"weightIfOver":1}],[{"requirement":6,"weightIfUnder":100,"weightIfOver":1},{"requirement":5,"weightIfUnder":100,"weightIfOver":1},{"requirement":6,"weightIfUnder":100,"weightIfOver":1},{"requirement":3,"weightIfUnder":100,"weightIfOver":1}],[{"requirement":7,"weightIfUnder":100,"weightIfOver":1},{"requirement":4,"weightIfUnder":100,"weightIfOver":1},{"requirement":4,"weightIfUnder":100,"weightIfOver":1},{"requirement":3,"weightIfUnder":100,"weightIfOver":1}],[{"requirement":4,"weightIfUnder":100,"weightIfOver":1},{"requirement":6,"weightIfUnder":100,"weightIfOver":1},{"requirement":5,"weightIfUnder":100,"weightIfOver":1},{"requirement":4,"weightIfUnder":100,"weightIfOver":1}],[{"requirement":5,"weightIfUnder":100,"weightIfOver":1},{"requirement":5,"weightIfUnder":100,"weightIfOver":1},{"requirement":6,"weightIfUnder":100,"weightIfOver":1},{"requirement":3,"weightIfUnder":100,"weightIfOver":1}],[{"requirement":4,"weightIfUnder":100,"weightIfOver":1},{"requirement":7,"weightIfUnder":100,"weightIfOver":1},{"requirement":7,"weightIfUnder":100,"weightIfOver":1},{"requirement":3,"weightIfUnder":100,"weightIfOver":1}],[{"requirement":5,"weightIfUnder":100,"weightIfOver":1},{"requirement":6,"weightIfUnder":100,"weightIfOver":1},{"requirement":3,"weightIfUnder":100,"weightIfOver":1},{"requirement":3,"weightIfUnder":100,"weightIfOver":1}],[{"requirement":5,"weightIfUnder":100,"weightIfOver":1},{"requirement":5,"weightIfUnder":100,"weightIfOver":1},{"requirement":7,"weightIfUnder":100,"weightIfOver":1},{"requirement":4,"weightIfUnder":100,"weightIfOver":1}],[{"requirement":4,"weightIfUnder":100,"weightIfOver":1},{"requirement":5,"weightIfUnder":100,"weightIfOver":1},{"requirement":6,"weightIfUnder":100,"weightIfOver":1},{"requirement":2,"weightIfUnder":100,"weightIfOver":1}],[{"requirement":4,"weightIfUnder":100,"weightIfOver":1},{"requirement":5,"weightIfUnder":100,"weightIfOver":1},{"requirement":4,"weightIfUnder":100,"weightIfOver":1},{"requirement":2,"weightIfUnder":100,"weightIfOver":1}],[{"requirement":5,"weightIfUnder":100,"weightIfOver":1},{"requirement":5,"weightIfUnder":100,"weightIfOver":1},{"requirement":5,"weightIfUnder":100,"weightIfOver":1},{"requirement":2,"weightIfUnder":100,"weightIfOver":1}],[{"requirement":4,"weightIfUnder":100,"weightIfOver":1},{"requirement":5,"weightIfUnder":100,"weightIfOver":1},{"requirement":6,"weightIfUnder":100,"weightIfOver":1},{"requirement":2,"weightIfUnder":100,"weightIfOver":1}],[{"requirement":6,"weightIfUnder":100,"weightIfOver":1},{"requirement":4,"weightIfUnder":100,"weightIfOver":1},{"requirement":5,"weightIfUnder":100,"weightIfOver":1},{"requirement":2,"weightIfUnder":100,"weightIfOver":1}],[{"requirement":3,"weightIfUnder":100,"weightIfOver":1},{"requirement":5,"weightIfUnder":100,"weightIfOver":1},{"requirement":4,"weightIfUnder":100,"weightIfOver":1},{"requirement":1,"weightIfUnder":100,"weightIfOver":1}],[{"requirement":6,"weightIfUnder":100,"weightIfOver":1},{"requirement":6,"weightIfUnder":100,"weightIfOver":1},{"requirement":5,"weightIfUnder":100,"weightIfOver":1},{"requirement":3,"weightIfUnder":100,"weightIfOver":1}],[{"requirement":3,"weightIfUnder":100,"weightIfOver":1},{"requirement":5,"weightIfUnder":100,"weightIfOver":1},{"requirement":4,"weightIfUnder":100,"weightIfOver":1},{"requirement":1,"weightIfUnder":100,"weightIfOver":1}],[{"requirement":2,"weightIfUnder":100,"weightIfOver":1},{"requirement":6,"weightIfUnder":100,"weightIfOver":1},{"requirement":2,"weightIfUnder":100,"weightIfOver":1},{"requirement":1,"weightIfUnder":100,"weightIfOver":1}],[{"requirement":7,"weightIfUnder":100,"weightIfOver":1},{"requirement":3,"weightIfUnder":100,"weightIfOver":1},{"requirement":5,"weightIfUnder":100,"weightIfOver":1},{"requirement":1,"weightIfUnder":100,"weightIfOver":1}],[{"requirement":4,"weightIfUnder":100,"weightIfOver":1},{"requirement":5,"weightIfUnder":100,"weightIfOver":1},{"requirement":5,"weightIfUnder":100,"weightIfOver":1},{"requirement":2,"weightIfUnder":100,"weightIfOver":1}],[{"requirement":5,"weightIfUnder":100,"weightIfOver":1},{"requirement":4,"weightIfUnder":100,"weightIfOver":1},{"requirement":5,"weightIfUnder":100,"weightIfOver":1},{"requirement":2,"weightIfUnder":100,"weightIfOver":1}],[{"requirement":4,"weightIfUnder":100,"weightIfOver":1},{"requirement":4,"weightIfUnder":100,"weightIfOver":1},{"requirement":4,"weightIfUnder":100,"weightIfOver":1},{"requirement":3,"weightIfUnder":100,"weightIfOver":1}],[{"requirement":3,"weightIfUnder":100,"weightIfOver":1},{"requirement":4,"weightIfUnder":100,"weightIfOver":1},{"requirement":5,"weightIfUnder":100,"weightIfOver":1},{"requirement":1,"weightIfUnder":100,"weightIfOver":1}],[{"requirement":6,"weightIfUnder":100,"weightIfOver":1},{"requirement":3,"weightIfUnder":100,"weightIfOver":1},{"requirement":5,"weightIfUnder":100,"weightIfOver":1},{"requirement":2,"weightIfUnder":100,"weightIfOver":1}],[{"requirement":5,"weightIfUnder":100,"weightIfOver":1},{"requirement":4,"weightIfUnder":100,"weightIfOver":1},{"requirement":4,"weightIfUnder":100,"weightIfOver":1},{"requirement":1,"weightIfUnder":100,"weightIfOver":1}],[{"requirement":2,"weightIfUnder":100,"weightIfOver":1},{"requirement":6,"weightIfUnder":100,"weightIfOver":1},{"requirement":4,"weightIfUnder":100,"weightIfOver":1},{"requirement":2,"weightIfUnder":100,"weightIfOver":1}],[{"requirement":6,"weightIfUnder":100,"weightIfOver":1},{"requirement":4,"weightIfUnder":100,"weightIfOver":1},{"requirement":4,"weightIfUnder":100,"weightIfOver":1},{"requirement":2,"weightIfUnder":100,"weightIfOver":1}],[{"requirement":4,"weightIfUnder":100,"weightIfOver":1},{"requirement":4,"weightIfUnder":100,"weightIfOver":1},{"requirement":4,"weightIfUnder":100,"weightIfOver":1},{"requirement":2,"weightIfUnder":100,"weightIfOver":1}],[{"requirement":5,"weightIfUnder":100,"weightIfOver":1},{"requirement":4,"weightIfUnder":100,"weightIfOver":1},{"requirement":4,"weightIfUnder":100,"weightIfOver":1},{"requirement":2,"weightIfUnder":100,"weightIfOver":1}],[{"requirement":4,"weightIfUnder":100,"weightIfOver":1},{"requirement":5,"weightIfUnder":100,"weightIfOver":1},{"requirement":3,"weightIfUnder":100,"weightIfOver":1},{"requirement":2,"weightIfUnder":100,"weightIfOver":1}],[{"requirement":4,"weightIfUnder":100,"weightIfOver":1},{"requirement":2,"weightIfUnder":100,"weightIfOver":1},{"requirement":4,"weightIfUnder":100,"weightIfOver":1},{"requirement":2,"weightIfUnder":100,"weightIfOver":1}],[{"requirement":5,"weightIfUnder":100,"weightIfOver":1},{"requirement":6,"weightIfUnder":100,"weightIfOver":1},{"requirement":6,"weightIfUnder":100,"weightIfOver":1},{"requirement":3,"weightIfUnder":100,"weightIfOver":1}],[{"requirement":6,"weightIfUnder":100,"weightIfOver":1},{"requirement":4,"weightIfUnder":100,"weightIfOver":1},{"requirement":4,"weightIfUnder":100,"weightIfOver":1},{"requirement":4,"weightIfUnder":100,"weightIfOver":1}],[{"requirement":1,"weightIfUnder":100,"weightIfOver":1},{"requirement":3,"weightIfUnder":100,"weightIfOver":1},{"requirement":1,"weightIfUnder":100,"weightIfOver":1},{"requirement":2,"weightIfUnder":100,"weightIfOver":1}]]}