{"nDays":84,"shifts":[{"id":"E","length":480,"forbiddenFollowingShifts":null},{"id":"d1","length":480,"forbiddenFollowingShifts":["E"]},{"id":"d2","length":480,"forbiddenFollowingShifts":["E"]},{"id":"L","length":480,"forbiddenFollowingShifts":["E","d1","d2"]},{"id":"N","length":600,"forbiddenFollowingShifts":["E","d1","d2","L"]}],"staffs":[{"id":"A","maxShifts":[84,84,0,0,12],"minTotalMinutes":24960,"maxTotalMinutes":25920,"minConsecutiveShifts":2,"maxConsecutiveShifts":5,"minConsecutiveDaysOff":2,"maxWeekends":6,"daysOff":[21,22,23,33,73,74,75,76],"onRequests":[{"day":14,"shift":"N","weight":2},{"day":15,"shift":"N","weight":2},{"day":28,"shift":"d1","weight":3},{"day":29,"shift":"d1","weight":3},{"day":30,"shift":"d1","weight":3},{"day":31,"shift":"d1","weight":3},{"day":45,"shift":"d1","weight":2},{"day":46,"shift":"d1","weight":2},{"day":47,"shift":"d1","weight":2},{"day":48,"shift":"d1","weight":2},{"day":49,"shift":"d1","weight":2}],"offRequests":[{"day":1,"shift":"d1","weight":3},{"day":2,"shift":"d1","weight":3},{"day":3,"shift":"d1","weight":3},{"day":4,"shift":"d1","weight":3},{"day":5,"shift":"d1","weight":3},{"day":36,"shift":"E","weight":1},{"day":37,"shift":"E","weight":1}]},{"id":"B","maxShifts":[84,84,0,0,0],"minTotalMinutes":24960,"maxTotalMinutes":25920,"minConsecutiveShifts":2,"maxConsecutiveShifts":5,"minConsecutiveDaysOff":2,"maxWeekends":6,"daysOff":[12,27,28,34,40,63,64,65],"onRequests":[{"day":3,"shift":"d1","weight":3},{"day":4,"shift":"d1","weight":3},{"day":5,"shift":"d1","weight":3},{"day":6,"shift":"d1","weight":3},{"day":13,"shift":"E","weight":3},{"day":14,"shift":"E","weight":3},{"day":15,"shift":"E","weight":3},{"day":16,"shift":"E","weight":3},{"day":21,"shift":"d1","weight":1},{"day":36,"shift":"E","weight":2},{"day":37,"shift":"E","weight":2},{"day":38,"shift":"E","weight":2},{"day":49,"shift":"E","weight":3},{"day":50,"shift":"E","weight":3},{"day":51,"shift":"E","weight":3}],"offRequests":[{"day":75,"shift":"E","weight":3},{"day":76,"shift":"E","weight":3},{"day":77,"shift":"E","weight":3},{"day":78,"shift":"E","weight":3}]},{"id":"C","maxShifts":[84,84,21,0,0],"minTotalMinutes":24960,"maxTotalMinutes":25920,"minConsecutiveShifts":2,"maxConsecutiveShifts":5,"minConsecutiveDaysOff":2,"maxWeekends":6,"daysOff":[15,16,17,49,50,57,58,67],"onRequests":[{"day":9,"shift":"E","weight":3},{"day":22,"shift":"E","weight":3},{"day":26,"shift":"E","weight":3},{"day":27,"shift":"E","weight":3},{"day":38,"shift":"d2","weight":3},{"day":39,"shift":"d2","weight":3},{"day":40,"shift":"d2","weight":3},{"day":41,"shift":"d2","weight":3}],"offRequests":[{"day":59,"shift":"d1","weight":2},{"day":74,"shift":"d2","weight":2},{"day":75,"shift":"d2","weight":2},{"day":76,"shift":"d2","weight":2},{"day":77,"shift":"d2","weight":2}]},{"id":"D","maxShifts":[84,0,21,84,12],"minTotalMinutes":24960,"maxTotalMinutes":25920,"minConsecutiveShifts":2,"maxConsecutiveShifts":5,"minConsecutiveDaysOff":2,"maxWeekends":6,"daysOff":[10,11,12,13,14,15,35,80],"onRequests":[{"day":2,"shift":"E","weight":2},{"day":24,"shift":"d2","weight":1},{"day":25,"shift":"d2","weight":1},{"day":26,"shift":"d2","weight":1},{"day":36,"shift":"L","weight":1},{"day":68,"shift":"d2","weight":3},{"day":69,"shift":"d2","weight":3},{"day":70,"shift":"d2","weight":3},{"day":71,"shift":"d2","weight":3}],"offRequests":[{"day":8,"shift":"L","weight":2},{"day":17,"shift":"d2","weight":1},{"day":18,"shift":"d2","weight":1},{"day":19,"shift":"d2","weight":1},{"day":42,"shift":"L","weight":1},{"day":43,"shift":"L","weight":1},{"day":44,"shift":"L","weight":1},{"day":45,"shift":"L","weight":1},{"day":49,"shift":"L","weight":1},{"day":50,"shift":"L","weight":1}]},{"id":"E","maxShifts":[84,84,0,0,0],"minTotalMinutes":24960,"maxTotalMinutes":25920,"minConsecutiveShifts":2,"maxConsecutiveShifts":5,"minConsecutiveDaysOff":2,"maxWeekends":6,"daysOff":[31,32,33,34,42,43,44,52],"onRequests":[{"day":3,"shift":"d1","weight":3},{"day":4,"shift":"d1","weight":3},{"day":5,"shift":"d1","weight":3},{"day":9,"shift":"E","weight":2},{"day":10,"shift":"E","weight":2},{"day":16,"shift":"E","weight":2},{"day":17,"shift":"E","weight":2},{"day":18,"shift":"E","weight":2},{"day":25,"shift":"d1","weight":1},{"day":26,"shift":"d1","weight":1},{"day":27,"shift":"d1","weight":1},{"day":28,"shift":"d1","weight":1},{"day":29,"shift":"d1","weight":1},{"day":36,"shift":"d1","weight":1},{"day":37,"shift":"d1","weight":1},{"day":60,"shift":"E","weight":3},{"day":61,"shift":"E","weight":3},{"day":62,"shift":"E","weight":3},{"day":71,"shift":"d1","weight":1},{"day":72,"shift":"d1","weight":1},{"day":73,"shift":"d1","weight":1},{"day":74,"shift":"d1","weight":1},{"day":75,"shift":"d1","weight":1},{"day":79,"shift":"d1","weight":2},{"day":80,"shift":"d1","weight":2},{"day":81,"shift":"d1","weight":2}],"offRequests":[{"day":53,"shift":"E","weight":3}]},{"id":"F","maxShifts":[0,84,0,0,0],"minTotalMinutes":24960,"maxTotalMinutes":25920,"minConsecutiveShifts":2,"maxConsecutiveShifts":5,"minConsecutiveDaysOff":2,"maxWeekends":6,"daysOff":[26,27,28,29,30,31,32,33],"onRequests":[{"day":35,"shift":"d1","weight":3},{"day":36,"shift":"d1","weight":3},{"day":37,"shift":"d1","weight":3},{"day":38,"shift":"d1","weight":3},{"day":39,"shift":"d1","weight":3},{"day":53,"shift":"d1","weight":1},{"day":54,"shift":"d1","weight":1},{"day":55,"shift":"d1","weight":1},{"day":74,"shift":"d1","weight":3},{"day":75,"shift":"d1","weight":3},{"day":76,"shift":"d1","weight":3},{"day":80,"shift":"d1","weight":2},{"day":81,"shift":"d1","weight":2}],"offRequests":[{"day":15,"shift":"d1","weight":1},{"day":20,"shift":"d1","weight":2},{"day":21,"shift":"d1","weight":2},{"day":60,"shift":"d1","weight":2},{"day":61,"shift":"d1","weight":2},{"day":62,"shift":"d1","weight":2},{"day":63,"shift":"d1","weight":2},{"day":68,"shift":"d1","weight":1},{"day":69,"shift":"d1","weight":1},{"day":70,"shift":"d1","weight":1}]},{"id":"G","maxShifts":[84,84,21,84,0],"minTotalMinutes":24960,"maxTotalMinutes":25920,"minConsecutiveShifts":2,"maxConsecutiveShifts":5,"minConsecutiveDaysOff":2,"maxWeekends":6,"daysOff":[46,47,48,49,52,53,54,55],"onRequests":[{"day":39,"shift":"E","weight":1},{"day":40,"shift":"E","weight":1},{"day":41,"shift":"E","weight":1},{"day":42,"shift":"E","weight":1},{"day":43,"shift":"E","weight":1},{"day":69,"shift":"E","weight":2},{"day":70,"shift":"E","weight":2},{"day":71,"shift":"E","weight":2},{"day":72,"shift":"E","weight":2},{"day":73,"shift":"E","weight":2},{"day":79,"shift":"E","weight":3},{"day":80,"shift":"E","weight":3}],"offRequests":[{"day":6,"shift":"E","weight":1},{"day":7,"shift":"E","weight":1},{"day":8,"shift":"E","weight":1},{"day":9,"shift":"E","weight":1},{"day":14,"shift":"d1","weight":3},{"day":15,"shift":"d1","weight":3},{"day":23,"shift":"L","weight":2},{"day":24,"shift":"L","weight":2}]},{"id":"H","maxShifts":[0,84,21,84,12],"minTotalMinutes":24960,"maxTotalMinutes":25920,"minConsecutiveShifts":2,"maxConsecutiveShifts":5,"minConsecutiveDaysOff":2,"maxWeekends":6,"daysOff":[39,40,54,55,56,57,65,79],"onRequests":[{"day":3,"shift":"L","weight":2},{"day":30,"shift":"d2","weight":3},{"day":31,"shift":"d2","weight":3},{"day":82,"shift":"d1","weight":1},{"day":83,"shift":"d1","weight":1}],"offRequests":[{"day":9,"shift":"N","weight":3},{"day":10,"shift":"N","weight":3},{"day":15,"shift":"N","weight":3},{"day":16,"shift":"N","weight":3},{"day":17,"shift":"N","weight":3},{"day":18,"shift":"N","weight":3},{"day":46,"shift":"L","weight":3},{"day":47,"shift":"L","weight":3},{"day":48,"shift":"L","weight":3},{"day":49,"shift":"L","weight":3},{"day":74,"shift":"d1","weight":3}]},{"id":"I","maxShifts":[84,84,21,0,0],"minTotalMinutes":24960,"maxTotalMinutes":25920,"minConsecutiveShifts":2,"maxConsecutiveShifts":5,"minConsecutiveDaysOff":2,"maxWeekends":6,"daysOff":[12,35,39,40,41,42,43,56],"onRequests":[{"day":1,"shift":"E","weight":3},{"day":2,"shift":"E","weight":3},{"day":13,"shift":"d2","weight":2},{"day":14,"shift":"d2","weight":2},{"day":15,"shift":"d2","weight":2},{"day":16,"shift":"d2","weight":2},{"day":17,"shift":"d2","weight":2},{"day":44,"shift":"d1","weight":3},{"day":60,"shift":"E","weight":2},{"day":61,"shift":"E","weight":2},{"day":75,"shift":"d2","weight":3},{"day":76,"shift":"d2","weight":3},{"day":77,"shift":"d2","weight":3},{"day":78,"shift":"d2","weight":3},{"day":79,"shift":"d2","weight":3}],"offRequests":[{"day":21,"shift":"d1","weight":1}]},{"id":"J","maxShifts":[0,84,21,84,12],"minTotalMinutes":24960,"maxTotalMinutes":25920,"minConsecutiveShifts":2,"maxConsecutiveShifts":5,"minConsecutiveDaysOff":2,"maxWeekends":6,"daysOff":[30,31,32,33,58,59,60,61],"onRequests":[{"day":21,"shift":"d2","weight":2},{"day":22,"shift":"d2","weight":2},{"day":23,"shift":"d2","weight":2},{"day":24,"shift":"d2","weight":2},{"day":25,"shift":"d2","weight":2},{"day":34,"shift":"L","weight":3},{"day":35,"shift":"L","weight":3},{"day":42,"shift":"N","weight":3},{"day":43,"shift":"N","weight":3},{"day":44,"shift":"N","weight":3},{"day":45,"shift":"N","weight":3},{"day":46,"shift":"N","weight":3},{"day":63,"shift":"d1","weight":3},{"day":64,"shift":"d1","weight":3},{"day":65,"shift":"d1","weight":3},{"day":66,"shift":"d1","weight":3}],"offRequests":[{"day":0,"shift":"d2","weight":1},{"day":9,"shift":"N","weight":2},{"day":10,"shift":"N","weight":2},{"day":11,"shift":"N","weight":2},{"day":12,"shift":"N","weight":2},{"day":13,"shift":"N","weight":2},{"day":71,"shift":"L","weight":3},{"day":72,"shift":"L","weight":3},{"day":76,"shift":"d1","weight":3},{"day":77,"shift":"d1","weight":3},{"day":78,"shift":"d1","weight":3}]},{"id":"K","maxShifts":[84,0,0,84,12],"minTotalMinutes":24960,"maxTotalMinutes":25920,"minConsecutiveShifts":2,"maxConsecutiveShifts":5,"minConsecutiveDaysOff":2,"maxWeekends":6,"daysOff":[6,7,8,9,73,74,75,76],"onRequests":[{"day":26,"shift":"N","weight":1},{"day":27,"shift":"N","weight":1},{"day":28,"shift":"N","weight":1},{"day":29,"shift":"N","weight":1},{"day":30,"shift":"N","weight":1},{"day":36,"shift":"E","weight":2},{"day":37,"shift":"E","weight":2}],"offRequests":[{"day":11,"shift":"E","weight":3},{"day":12,"shift":"E","weight":3},{"day":13,"shift":"E","weight":3},{"day":14,"shift":"E","weight":3},{"day":15,"shift":"E","weight":3},{"day":44,"shift":"L","weight":2},{"day":45,"shift":"L","weight":2},{"day":52,"shift":"L","weight":1},{"day":53,"shift":"L","weight":1},{"day":54,"shift":"L","weight":1},{"day":55,"shift":"L","weight":1},{"day":67,"shift":"N","weight":2},{"day":68,"shift":"N","weight":2},{"day":69,"shift":"N","weight":2},{"day":70,"shift":"N","weight":2},{"day":71,"shift":"N","weight":2}]},{"id":"L","maxShifts":[84,84,0,84,0],"minTotalMinutes":24960,"maxTotalMinutes":25920,"minConsecutiveShifts":2,"maxConsecutiveShifts":5,"minConsecutiveDaysOff":2,"maxWeekends":6,"daysOff":[7,63,64,65,71,72,73,74],"onRequests":[{"day":8,"shift":"E","weight":2},{"day":9,"shift":"E","weight":2},{"day":10,"shift":"E","weight":2},{"day":11,"shift":"E","weight":2},{"day":12,"shift":"E","weight":2},{"day":24,"shift":"L","weight":1},{"day":25,"shift":"L","weight":1},{"day":36,"shift":"E","weight":3},{"day":37,"shift":"E","weight":3},{"day":54,"shift":"d1","weight":3},{"day":55,"shift":"d1","weight":3},{"day":56,"shift":"d1","weight":3},{"day":57,"shift":"d1","weight":3},{"day":66,"shift":"d1","weight":1},{"day":67,"shift":"d1","weight":1},{"day":68,"shift":"d1","weight":1},{"day":69,"shift":"d1","weight":1},{"day":70,"shift":"d1","weight":1}],"offRequests":[{"day":46,"shift":"d1","weight":1},{"day":47,"shift":"d1","weight":1}]},{"id":"M","maxShifts":[84,0,0,84,12],"minTotalMinutes":24960,"maxTotalMinutes":25920,"minConsecutiveShifts":2,"maxConsecutiveShifts":5,"minConsecutiveDaysOff":2,"maxWeekends":6,"daysOff":[7,8,9,10,11,40,41,42],"onRequests":[{"day":17,"shift":"L","weight":3},{"day":18,"shift":"L","weight":3},{"day":19,"shift":"L","weight":3},{"day":23,"shift":"L","weight":3},{"day":24,"shift":"L","weight":3},{"day":44,"shift":"N","weight":3},{"day":45,"shift":"N","weight":3},{"day":46,"shift":"N","weight":3},{"day":47,"shift":"N","weight":3},{"day":53,"shift":"E","weight":2},{"day":54,"shift":"E","weight":2},{"day":55,"shift":"E","weight":2},{"day":56,"shift":"E","weight":2},{"day":57,"shift":"E","weight":2},{"day":82,"shift":"E","weight":3}],"offRequests":[{"day":62,"shift":"L","weight":2},{"day":63,"shift":"L","weight":2},{"day":64,"shift":"L","weight":2}]},{"id":"N","maxShifts":[84,84,21,0,12],"minTotalMinutes":24960,"maxTotalMinutes":25920,"minConsecutiveShifts":2,"maxConsecutiveShifts":5,"minConsecutiveDaysOff":2,"maxWeekends":6,"daysOff":[24,25,26,27,28,29,66,67],"onRequests":[{"day":2,"shift":"d2","weight":2},{"day":3,"shift":"d2","weight":2},{"day":4,"shift":"d2","weight":2},{"day":31,"shift":"N","weight":2},{"day":32,"shift":"N","weight":2},{"day":75,"shift":"d1","weight":3},{"day":76,"shift":"d1","weight":3},{"day":77,"shift":"d1","weight":3}],"offRequests":[{"day":20,"shift":"N","weight":2},{"day":21,"shift":"N","weight":2},{"day":22,"shift":"N","weight":2},{"day":23,"shift":"N","weight":2},{"day":43,"shift":"d2","weight":3},{"day":44,"shift":"d2","weight":3},{"day":45,"shift":"d2","weight":3},{"day":46,"shift":"d2","weight":3},{"day":47,"shift":"d2","weight":3},{"day":53,"shift":"d1","weight":3},{"day":54,"shift":"d1","weight":3},{"day":55,"shift":"d1","weight":3},{"day":56,"shift":"d1","weight":3},{"day":57,"shift":"d1","weight":3}]},{"id":"O","maxShifts":[84,84,21,84,0],"minTotalMinutes":24960,"maxTotalMinutes":25920,"minConsecutiveShifts":2,"maxConsecutiveShifts":5,"minConsecutiveDaysOff":2,"maxWeekends":6,"daysOff":[1,2,3,4,5,13,14,21],"onRequests":[{"day":28,"shift":"d2","weight":3},{"day":29,"shift":"d2","weight":3},{"day":30,"shift":"d2","weight":3},{"day":35,"shift":"d1","weight":1},{"day":36,"shift":"d1","weight":1},{"day":37,"shift":"d1","weight":1},{"day":38,"shift":"d1","weight":1},{"day":45,"shift":"E","weight":1},{"day":46,"shift":"E","weight":1},{"day":47,"shift":"E","weight":1},{"day":54,"shift":"E","weight":1},{"day":80,"shift":"d1","weight":3}],"offRequests":[{"day":71,"shift":"L","weight":2},{"day":72,"shift":"L","weight":2},{"day":73,"shift":"L","weight":2},{"day":74,"shift":"L","weight":2},{"day":75,"shift":"L","weight":2}]},{"id":"P","maxShifts":[84,84,0,84,0],"minTotalMinutes":24960,"maxTotalMinutes":25920,"minConsecutiveShifts":2,"maxConsecutiveShifts":5,"minConsecutiveDaysOff":2,"maxWeekends":6,"daysOff":[24,25,26,27,28,29,63,64],"onRequests":[{"day":0,"shift":"E","weight":2},{"day":1,"shift":"E","weight":2},{"day":2,"shift":"E","weight":2},{"day":3,"shift":"E","weight":2},{"day":32,"shift":"d1","weight":2},{"day":33,"shift":"d1","weight":2},{"day":34,"shift":"d1","weight":2},{"day":40,"shift":"d1","weight":1},{"day":41,"shift":"d1","weight":1},{"day":42,"shift":"d1","weight":1},{"day":43,"shift":"d1","weight":1},{"day":44,"shift":"d1","weight":1},{"day":50,"shift":"d1","weight":1},{"day":51,"shift":"d1","weight":1},{"day":57,"shift":"d1","weight":3},{"day":58,"shift":"d1","weight":3},{"day":59,"shift":"d1","weight":3},{"day":60,"shift":"d1","weight":3},{"day":61,"shift":"d1","weight":3},{"day":73,"shift":"E","weight":2},{"day":77,"shift":"E","weight":3},{"day":78,"shift":"E","weight":3},{"day":79,"shift":"E","weight":3}],"offRequests":null},{"id":"Q","maxShifts":[84,0,21,84,12],"minTotalMinutes":24960,"maxTotalMinutes":25920,"minConsecutiveShifts":2,"maxConsecutiveShifts":5,"minConsecutiveDaysOff":2,"maxWeekends":6,"daysOff":[22,23,24,32,33,34,35,58],"onRequests":[{"day":2,"shift":"E","weight":1},{"day":3,"shift":"E","weight":1},{"day":4,"shift":"E","weight":1},{"day":5,"shift":"E","weight":1},{"day":28,"shift":"L","weight":2},{"day":29,"shift":"L","weight":2},{"day":51,"shift":"d2","weight":1},{"day":52,"shift":"d2","weight":1},{"day":53,"shift":"d2","weight":1},{"day":54,"shift":"d2","weight":1},{"day":59,"shift":"N","weight":3},{"day":60,"shift":"N","weight":3},{"day":61,"shift":"N","weight":3},{"day":62,"shift":"N","weight":3}],"offRequests":[{"day":17,"shift":"N","weight":1},{"day":18,"shift":"N","weight":1},{"day":37,"shift":"N","weight":3},{"day":41,"shift":"N","weight":1},{"day":42,"shift":"N","weight":1},{"day":43,"shift":"N","weight":1},{"day":67,"shift":"d2","weight":2}]},{"id":"R","maxShifts":[84,0,0,0,12],"minTotalMinutes":24960,"maxTotalMinutes":25920,"minConsecutiveShifts":2,"maxConsecutiveShifts":5,"minConsecutiveDaysOff":2,"maxWeekends":6,"daysOff":[40,49,52,53,54,55,56,57],"onRequests":[{"day":19,"shift":"E","weight":2},{"day":20,"shift":"E","weight":2},{"day":21,"shift":"E","weight":2},{"day":22,"shift":"E","weight":2},{"day":43,"shift":"N","weight":1},{"day":44,"shift":"N","weight":1},{"day":45,"shift":"N","weight":1},{"day":46,"shift":"N","weight":1},{"day":47,"shift":"N","weight":1}],"offRequests":[{"day":3,"shift":"E","weight":1},{"day":4,"shift":"E","weight":1},{"day":5,"shift":"E","weight":1},{"day":6,"shift":"E","weight":1},{"day":7,"shift":"E","weight":1},{"day":35,"shift":"N","weight":2},{"day":36,"shift":"N","weight":2},{"day":37,"shift":"N","weight":2},{"day":38,"shift":"N","weight":2},{"day":70,"shift":"E","weight":2},{"day":71,"shift":"E","weight":2},{"day":72,"shift":"E","weight":2},{"day":79,"shift":"N","weight":2},{"day":80,"shift":"N","weight":2},{"day":81,"shift":"N","weight":2}]},{"id":"S","maxShifts":[84,84,0,84,12],"minTotalMinutes":24960,"maxTotalMinutes":25920,"minConsecutiveShifts":2,"maxConsecutiveShifts":5,"minConsecutiveDaysOff":2,"maxWeekends":6,"daysOff":[0,1,2,3,4,11,12,58],"onRequests":[{"day":16,"shift":"d1","weight":1},{"day":17,"shift":"d1","weight":1},{"day":18,"shift":"d1","weight":1},{"day":32,"shift":"L","weight":3},{"day":33,"shift":"L","weight":3},{"day":34,"shift":"L","weight":3},{"day":35,"shift":"L","weight":3},{"day":36,"shift":"L","weight":3},{"day":66,"shift":"L","weight":1},{"day":67,"shift":"L","weight":1},{"day":68,"shift":"L","weight":1},{"day":69,"shift":"L","weight":1},{"day":70,"shift":"L","weight":1},{"day":77,"shift":"L","weight":1},{"day":78,"shift":"L","weight":1},{"day":79,"shift":"L","weight":1},{"day":80,"shift":"L","weight":1},{"day":81,"shift":"L","weight":1}],"offRequests":[{"day":26,"shift":"L","weight":1},{"day":27,"shift":"L","weight":1},{"day":28,"shift":"L","weight":1},{"day":50,"shift":"E","weight":3},{"day":51,"shift":"E","weight":3}]},{"id":"T","maxShifts":[84,84,0,0,0],"minTotalMinutes":24960,"maxTotalMinutes":25920,"minConsecutiveShifts":2,"maxConsecutiveShifts":5,"minConsecutiveDaysOff":2,"maxWeekends":6,"daysOff":[3,4,5,6,17,18,19,29],"onRequests":[{"day":8,"shift":"d1","weight":2},{"day":9,"shift":"d1","weight":2},{"day":10,"shift":"d1","weight":2},{"day":25,"shift":"d1","weight":2},{"day":26,"shift":"d1","weight":2},{"day":27,"shift":"d1","weight":2},{"day":28,"shift":"d1","weight":2},{"day":32,"shift":"d1","weight":3},{"day":33,"shift":"d1","weight":3},{"day":48,"shift":"d1","weight":2},{"day":49,"shift":"d1","weight":2},{"day":54,"shift":"E","weight":3},{"day":55,"shift":"E","weight":3},{"day":56,"shift":"E","weight":3},{"day":57,"shift":"E","weight":3},{"day":58,"shift":"E","weight":3},{"day":78,"shift":"d1","weight":1},{"day":79,"shift":"d1","weight":1}],"offRequests":[{"day":38,"shift":"E","weight":1},{"day":39,"shift":"E","weight":1},{"day":40,"shift":"E","weight":1},{"day":41,"shift":"E","weight":1},{"day":62,"shift":"d1","weight":2},{"day":63,"shift":"d1","weight":2},{"day":64,"shift":"d1","weight":2},{"day":65,"shift":"d1","weight":2}]},{"id":"U","maxShifts":[84,84,21,0,0],"minTotalMinutes":24960,"maxTotalMinutes":25920,"minConsecutiveShifts":2,"maxConsecutiveShifts":5,"minConsecutiveDaysOff":2,"maxWeekends":6,"daysOff":[19,20,21,41,42,43,73,74],"onRequests":[{"day":2,"shift":"d2","weight":3},{"day":3,"shift":"d2","weight":3},{"day":4,"shift":"d2","weight":3},{"day":5,"shift":"d2","weight":3},{"day":23,"shift":"d2","weight":2},{"day":24,"shift":"d2","weight":2},{"day":25,"shift":"d2","weight":2},{"day":50,"shift":"d1","weight":3},{"day":51,"shift":"d1","weight":3},{"day":52,"shift":"d1","weight":3},{"day":53,"shift":"d1","weight":3},{"day":54,"shift":"d1","weight":3},{"day":66,"shift":"d1","weight":1},{"day":67,"shift":"d1","weight":1},{"day":68,"shift":"d1","weight":1}],"offRequests":[{"day":44,"shift":"d1","weight":1}]},{"id":"V","maxShifts":[0,84,21,0,0],"minTotalMinutes":24960,"maxTotalMinutes":25920,"minConsecutiveShifts":2,"maxConsecutiveShifts":5,"minConsecutiveDaysOff":2,"maxWeekends":6,"daysOff":[16,17,18,19,20,25,26,29],"onRequests":[{"day":9,"shift":"d2","weight":1},{"day":10,"shift":"d2","weight":1},{"day":11,"shift":"d2","weight":1},{"day":12,"shift":"d2","weight":1},{"day":13,"shift":"d2","weight":1},{"day":28,"shift":"d1","weight":1},{"day":51,"shift":"d1","weight":2},{"day":52,"shift":"d1","weight":2},{"day":53,"shift":"d1","weight":2},{"day":72,"shift":"d2","weight":3},{"day":77,"shift":"d2","weight":3}],"offRequests":[{"day":64,"shift":"d1","weight":3},{"day":65,"shift":"d1","weight":3}]},{"id":"W","maxShifts":[84,0,0,84,0],"minTotalMinutes":24960,"maxTotalMinutes":25920,"minConsecutiveShifts":2,"maxConsecutiveShifts":5,"minConsecutiveDaysOff":2,"maxWeekends":6,"daysOff":[22,23,30,31,47,48,80,81],"onRequests":[{"day":1,"shift":"E","weight":2},{"day":2,"shift":"E","weight":2},{"day":3,"shift":"E","weight":2},{"day":27,"shift":"L","weight":3},{"day":28,"shift":"L","weight":3},{"day":29,"shift":"L","weight":3},{"day":35,"shift":"E","weight":2},{"day":40,"shift":"E","weight":2},{"day":41,"shift":"E","weight":2},{"day":42,"shift":"E","weight":2},{"day":54,"shift":"L","weight":2},{"day":55,"shift":"L","weight":2},{"day":56,"shift":"L","weight":2},{"day":57,"shift":"L","weight":2},{"day":61,"shift":"L","weight":3},{"day":82,"shift":"L","weight":3},{"day":83,"shift":"L","weight":3}],"offRequests":[{"day":68,"shift":"E","weight":3},{"day":69,"shift":"E","weight":3},{"day":70,"shift":"E","weight":3},{"day":71,"shift":"E","weight":3},{"day":72,"shift":"E","weight":3}]},{"id":"X","maxShifts":[84,84,21,84,0],"minTotalMinutes":24960,"maxTotalMinutes":25920,"minConsecutiveShifts":2,"maxConsecutiveShifts":5,"minConsecutiveDaysOff":2,"maxWeekends":6,"daysOff":[22,23,24,27,28,51,52,83],"onRequests":[{"day":1,"shift":"L","weight":3},{"day":2,"shift":"L","weight":3},{"day":3,"shift":"L","weight":3},{"day":16,"shift":"E","weight":2},{"day":17,"shift":"E","weight":2},{"day":33,"shift":"d1","weight":1},{"day":34,"shift":"d1","weight":1},{"day":39,"shift":"E","weight":1},{"day":40,"shift":"E","weight":1},{"day":41,"shift":"E","weight":1},{"day":42,"shift":"E","weight":1},{"day":43,"shift":"E","weight":1},{"day":63,"shift":"d1","weight":3},{"day":64,"shift":"d1","weight":3},{"day":65,"shift":"d1","weight":3},{"day":66,"shift":"d1","weight":3},{"day":81,"shift":"d1","weight":2},{"day":82,"shift":"d1","weight":2}],"offRequests":[{"day":26,"shift":"E","weight":2},{"day":73,"shift":"E","weight":3},{"day":74,"shift":"E","weight":3},{"day":75,"shift":"E","weight":3},{"day":76,"shift":"E","weight":3}]},{"id":"Y","maxShifts":[84,84,0,84,12],"minTotalMinutes":24960,"maxTotalMinutes":25920,"minConsecutiveShifts":2,"maxConsecutiveShifts":5,"minConsecutiveDaysOff":2,"maxWeekends":6,"daysOff":[33,34,35,52,55,56,63,64],"onRequests":[{"day":0,"shift":"d1","weight":2},{"day":1,"shift":"d1","weight":2},{"day":7,"shift":"L","weight":3},{"day":8,"shift":"L","weight":3},{"day":9,"shift":"L","weight":3},{"day":10,"shift":"L","weight":3},{"day":11,"shift":"L","weight":3},{"day":27,"shift":"d1","weight":1},{"day":28,"shift":"d1","weight":1},{"day":29,"shift":"d1","weight":1},{"day":30,"shift":"d1","weight":1},{"day":36,"shift":"L","weight":3},{"day":37,"shift":"L","weight":3},{"day":38,"shift":"L","weight":3},{"day":39,"shift":"L","weight":3},{"day":62,"shift":"N","weight":1},{"day":70,"shift":"E","weight":3},{"day":71,"shift":"E","weight":3},{"day":72,"shift":"E","weight":3},{"day":77,"shift":"L","weight":2},{"day":78,"shift":"L","weight":2},{"day":79,"shift":"L","weight":2},{"day":80,"shift":"L","weight":2}],"offRequests":null},{"id":"Z","maxShifts":[0,84,0,84,12],"minTotalMinutes":24960,"maxTotalMinutes":25920,"minConsecutiveShifts":2,"maxConsecutiveShifts":5,"minConsecutiveDaysOff":2,"maxWeekends":6,"daysOff":[16,17,52,53,59,79,80,81],"onRequests":[{"day":7,"shift":"N","weight":1},{"day":8,"shift":"N","weight":1},{"day":9,"shift":"N","weight":1},{"day":10,"shift":"N","weight":1},{"day":11,"shift":"N","weight":1},{"day":39,"shift":"L","weight":2},{"day":43,"shift":"L","weight":1},{"day":44,"shift":"L","weight":1},{"day":45,"shift":"L","weight":1},{"day":46,"shift":"L","weight":1},{"day":72,"shift":"N","weight":1},{"day":73,"shift":"N","weight":1},{"day":74,"shift":"N","weight":1},{"day":75,"shift":"N","weight":1},{"day":76,"shift":"N","weight":1}],"offRequests":[{"day":19,"shift":"N","weight":2},{"day":20,"shift":"N","weight":2},{"day":21,"shift":"N","weight":2},{"day":61,"shift":"d1","weight":2},{"day":62,"shift":"d1","weight":2},{"day":63,"shift":"d1","weight":2},{"day":64,"shift":"d1","weight":2},{"day":65,"shift":"d1","weight":2}]},{"id":"AA","maxShifts":[84,84,21,84,12],"minTotalMinutes":24960,"maxTotalMinutes":25920,"minConsecutiveShifts":2,"maxConsecutiveShifts":5,"minConsecutiveDaysOff":2,"maxWeekends":6,"daysOff":[47,48,72,76,77,78,79,80],"onRequests":[{"day":2,"shift":"E","weight":2},{"day":9,"shift":"E","weight":2},{"day":10,"shift":"E","weight":2},{"day":11,"shift":"E","weight":2},{"day":12,"shift":"E","weight":2},{"day":24,"shift":"E","weight":2},{"day":25,"shift":"E","weight":2},{"day":26,"shift":"E","weight":2},{"day":27,"shift":"E","weight":2},{"day":40,"shift":"E","weight":2},{"day":41,"shift":"E","weight":2},{"day":49,"shift":"d1","weight":2},{"day":50,"shift":"d1","weight":2},{"day":61,"shift":"d1","weight":1},{"day":62,"shift":"d1","weight":1},{"day":63,"shift":"d1","weight":1},{"day":64,"shift":"d1","weight":1},{"day":65,"shift":"d1","weight":1}],"offRequests":null},{"id":"AB","maxShifts":[84,84,21,84,0],"minTotalMinutes":24960,"maxTotalMinutes":25920,"minConsecutiveShifts":2,"maxConsecutiveShifts":5,"minConsecutiveDaysOff":2,"maxWeekends":6,"daysOff":[25,26,27,28,29,30,59,60],"onRequests":[{"day":9,"shift":"L","weight":1},{"day":10,"shift":"L","weight":1},{"day":11,"shift":"L","weight":1},{"day":12,"shift":"L","weight":1},{"day":13,"shift":"L","weight":1},{"day":31,"shift":"d1","weight":2},{"day":32,"shift":"d1","weight":2},{"day":33,"shift":"d1","weight":2},{"day":34,"shift":"d1","weight":2},{"day":35,"shift":"d1","weight":2},{"day":40,"shift":"E","weight":2},{"day":41,"shift":"E","weight":2},{"day":42,"shift":"E","weight":2},{"day":43,"shift":"E","weight":2},{"day":44,"shift":"E","weight":2},{"day":61,"shift":"d2","weight":2},{"day":62,"shift":"d2","weight":2},{"day":63,"shift":"d2","weight":2},{"day":64,"shift":"d2","weight":2},{"day":71,"shift":"d2","weight":2},{"day":72,"shift":"d2","weight":2},{"day":73,"shift":"d2","weight":2},{"day":74,"shift":"d2","weight":2},{"day":78,"shift":"L","weight":1},{"day":79,"shift":"L","weight":1}],"offRequests":[{"day":2,"shift":"L","weight":1},{"day":3,"shift":"L","weight":1},{"day":18,"shift":"L","weight":2}]},{"id":"AC","maxShifts":[84,84,0,84,0],"minTotalMinutes":24960,"maxTotalMinutes":25920,"minConsecutiveShifts":2,"maxConsecutiveShifts":5,"minConsecutiveDaysOff":2,"maxWeekends":6,"daysOff":[21,22,49,50,51,52,78,79],"onRequests":[{"day":12,"shift":"L","weight":3},{"day":13,"shift":"L","weight":3},{"day":14,"shift":"L","weight":3},{"day":31,"shift":"d1","weight":3},{"day":38,"shift":"d1","weight":2},{"day":39,"shift":"d1","weight":2},{"day":40,"shift":"d1","weight":2},{"day":41,"shift":"d1","weight":2},{"day":42,"shift":"d1","weight":2},{"day":53,"shift":"E","weight":1}],"offRequests":[{"day":3,"shift":"d1","weight":3},{"day":4,"shift":"d1","weight":3},{"day":5,"shift":"d1","weight":3},{"day":6,"shift":"d1","weight":3},{"day":7,"shift":"d1","weight":3},{"day":24,"shift":"L","weight":2},{"day":25,"shift":"L","weight":2},{"day":58,"shift":"L","weight":1},{"day":59,"shift":"L","weight":1},{"day":60,"shift":"L","weight":1},{"day":61,"shift":"L","weight":1},{"day":62,"shift":"L","weight":1}]},{"id":"AD","maxShifts":[84,0,21,0,0],"minTotalMinutes":24960,"maxTotalMinutes":25920,"minConsecutiveShifts":2,"maxConsecutiveShifts":5,"minConsecutiveDaysOff":2,"maxWeekends":6,"daysOff":[39,40,41,42,43,44,45,46],"onRequests":[{"day":9,"shift":"E","weight":3},{"day":10,"shift":"E","weight":3},{"day":27,"shift":"E","weight":1},{"day":28,"shift":"E","weight":1},{"day":29,"shift":"E","weight":1},{"day":30,"shift":"E","weight":1},{"day":47,"shift":"d2","weight":3},{"day":64,"shift":"E","weight":2},{"day":65,"shift":"E","weight":2},{"day":66,"shift":"E","weight":2},{"day":67,"shift":"E","weight":2},{"day":74,"shift":"E","weight":2},{"day":75,"shift":"E","weight":2}],"offRequests":[{"day":18,"shift":"E","weight":3},{"day":19,"shift":"E","weight":3},{"day":20,"shift":"E","weight":3},{"day":21,"shift":"E","weight":3},{"day":22,"shift":"E","weight":3},{"day":80,"shift":"E","weight":2},{"day":81,"shift":"E","weight":2}]},{"id":"AE","maxShifts":[84,84,20,84,12],"minTotalMinutes":23340,"maxTotalMinutes":24300,"minConsecutiveShifts":3,"maxConsecutiveShifts":4,"minConsecutiveDaysOff":2,"maxWeekends":6,"daysOff":[10,11,12,13,48,49,50,51],"onRequests":[{"day":3,"shift":"d1","weight":3},{"day":4,"shift":"d1","weight":3},{"day":5,"shift":"d1","weight":3},{"day":18,"shift":"N","weight":2},{"day":19,"shift":"N","weight":2},{"day":20,"shift":"N","weight":2},{"day":21,"shift":"N","weight":2},{"day":22,"shift":"N","weight":2},{"day":30,"shift":"d2","weight":2},{"day":53,"shift":"d2","weight":3},{"day":54,"shift":"d2","weight":3},{"day":55,"shift":"d2","weight":3},{"day":56,"shift":"d2","weight":3},{"day":63,"shift":"N","weight":3},{"day":71,"shift":"d1","weight":3},{"day":72,"shift":"d1","weight":3},{"day":73,"shift":"d1","weight":3},{"day":74,"shift":"d1","weight":3},{"day":75,"shift":"d1","weight":3}],"offRequests":[{"day":42,"shift":"E","weight":1},{"day":43,"shift":"E","weight":1},{"day":44,"shift":"E","weight":1}]},{"id":"AF","maxShifts":[84,0,0,0,0],"minTotalMinutes":23340,"maxTotalMinutes":24300,"minConsecutiveShifts":3,"maxConsecutiveShifts":4,"minConsecutiveDaysOff":2,"maxWeekends":6,"daysOff":[3,4,5,6,7,52,53,54],"onRequests":[{"day":20,"shift":"E","weight":3},{"day":21,"shift":"E","weight":3},{"day":22,"shift":"E","weight":3},{"day":23,"shift":"E","weight":3},{"day":31,"shift":"E","weight":2},{"day":37,"shift":"E","weight":2},{"day":38,"shift":"E","weight":2},{"day":39,"shift":"E","weight":2},{"day":40,"shift":"E","weight":2},{"day":55,"shift":"E","weight":3},{"day":56,"shift":"E","weight":3},{"day":57,"shift":"E","weight":3},{"day":63,"shift":"E","weight":2},{"day":64,"shift":"E","weight":2},{"day":65,"shift":"E","weight":2},{"day":66,"shift":"E","weight":2},{"day":67,"shift":"E","weight":2}],"offRequests":[{"day":0,"shift":"E","weight":2},{"day":1,"shift":"E","weight":2},{"day":2,"shift":"E","weight":2},{"day":8,"shift":"E","weight":2},{"day":9,"shift":"E","weight":2},{"day":13,"shift":"E","weight":2},{"day":14,"shift":"E","weight":2}]},{"id":"AG","maxShifts":[84,0,20,84,12],"minTotalMinutes":23340,"maxTotalMinutes":24300,"minConsecutiveShifts":3,"maxConsecutiveShifts":4,"minConsecutiveDaysOff":2,"maxWeekends":6,"daysOff":[20,21,22,23,24,25,26,27],"onRequests":[{"day":34,"shift":"d2","weight":1},{"day":35,"shift":"d2","weight":1},{"day":36,"shift":"d2","weight":1},{"day":37,"shift":"d2","weight":1},{"day":41,"shift":"N","weight":3},{"day":45,"shift":"L","weight":3},{"day":46,"shift":"L","weight":3},{"day":47,"shift":"L","weight":3},{"day":54,"shift":"E","weight":2},{"day":79,"shift":"d2","weight":1},{"day":80,"shift":"d2","weight":1},{"day":81,"shift":"d2","weight":1},{"day":82,"shift":"d2","weight":1},{"day":83,"shift":"d2","weight":1}],"offRequests":[{"day":8,"shift":"E","weight":3},{"day":9,"shift":"E","weight":3},{"day":10,"shift":"E","weight":3},{"day":63,"shift":"E","weight":2},{"day":64,"shift":"E","weight":2},{"day":65,"shift":"E","weight":2}]},{"id":"AH","maxShifts":[84,84,20,0,12],"minTotalMinutes":23340,"maxTotalMinutes":24300,"minConsecutiveShifts":3,"maxConsecutiveShifts":4,"minConsecutiveDaysOff":2,"maxWeekends":6,"daysOff":[6,7,8,9,10,20,28,57],"onRequests":[{"day":11,"shift":"N","weight":1},{"day":12,"shift":"N","weight":1},{"day":13,"shift":"N","weight":1},{"day":14,"shift":"N","weight":1},{"day":15,"shift":"N","weight":1},{"day":25,"shift":"E","weight":1},{"day":39,"shift":"E","weight":2},{"day":40,"shift":"E","weight":2},{"day":41,"shift":"E","weight":2},{"day":42,"shift":"E","weight":2},{"day":68,"shift":"N","weight":2},{"day":69,"shift":"N","weight":2},{"day":70,"shift":"N","weight":2},{"day":71,"shift":"N","weight":2},{"day":79,"shift":"d2","weight":3},{"day":80,"shift":"d2","weight":3},{"day":81,"shift":"d2","weight":3},{"day":82,"shift":"d2","weight":3},{"day":83,"shift":"d2","weight":3}],"offRequests":[{"day":2,"shift":"E","weight":1},{"day":3,"shift":"E","weight":1},{"day":29,"shift":"E","weight":1},{"day":30,"shift":"E","weight":1},{"day":31,"shift":"E","weight":1},{"day":46,"shift":"E","weight":1},{"day":47,"shift":"E","weight":1},{"day":48,"shift":"E","weight":1},{"day":49,"shift":"E","weight":1},{"day":59,"shift":"d1","weight":2},{"day":60,"shift":"d1","weight":2},{"day":61,"shift":"d1","weight":2},{"day":62,"shift":"d1","weight":2}]},{"id":"AI","maxShifts":[84,84,11,0,0],"minTotalMinutes":13260,"maxTotalMinutes":14220,"minConsecutiveShifts":2,"maxConsecutiveShifts":5,"minConsecutiveDaysOff":2,"maxWeekends":9,"daysOff":[19,31,32,33,34,35,36,78],"onRequests":[{"day":1,"shift":"d2","weight":3},{"day":2,"shift":"d2","weight":3},{"day":9,"shift":"E","weight":2},{"day":10,"shift":"E","weight":2},{"day":20,"shift":"d1","weight":1},{"day":21,"shift":"d1","weight":1},{"day":22,"shift":"d1","weight":1},{"day":23,"shift":"d1","weight":1},{"day":73,"shift":"d1","weight":3},{"day":74,"shift":"d1","weight":3},{"day":75,"shift":"d1","weight":3}],"offRequests":[{"day":40,"shift":"E","weight":1},{"day":41,"shift":"E","weight":1},{"day":42,"shift":"E","weight":1},{"day":43,"shift":"E","weight":1},{"day":44,"shift":"E","weight":1}]},{"id":"AJ","maxShifts":[84,84,0,84,0],"minTotalMinutes":13260,"maxTotalMinutes":14220,"minConsecutiveShifts":2,"maxConsecutiveShifts":5,"minConsecutiveDaysOff":2,"maxWeekends":9,"daysOff":[1,2,3,4,54,57,67,68],"onRequests":[{"day":21,"shift":"E","weight":1},{"day":29,"shift":"E","weight":2},{"day":30,"shift":"E","weight":2},{"day":31,"shift":"E","weight":2},{"day":32,"shift":"E","weight":2},{"day":33,"shift":"E","weight":2},{"day":41,"shift":"E","weight":3},{"day":42,"shift":"E","weight":3},{"day":43,"shift":"E","weight":3},{"day":44,"shift":"E","weight":3},{"day":45,"shift":"E","weight":3},{"day":70,"shift":"E","weight":2},{"day":71,"shift":"E","weight":2},{"day":72,"shift":"E","weight":2},{"day":73,"shift":"E","weight":2},{"day":74,"shift":"E","weight":2},{"day":78,"shift":"d1","weight":1},{"day":79,"shift":"d1","weight":1},{"day":80,"shift":"d1","weight":1},{"day":81,"shift":"d1","weight":1},{"day":82,"shift":"d1","weight":1}],"offRequests":[{"day":8,"shift":"E","weight":3},{"day":9,"shift":"E","weight":3},{"day":10,"shift":"E","weight":3},{"day":11,"shift":"E","weight":3}]},{"id":"AK","maxShifts":[84,84,0,0,7],"minTotalMinutes":13260,"maxTotalMinutes":14220,"minConsecutiveShifts":2,"maxConsecutiveShifts":5,"minConsecutiveDaysOff":2,"maxWeekends":9,"daysOff":[17,56,57,58,59,60,82,83],"onRequests":[{"day":2,"shift":"d1","weight":3},{"day":3,"shift":"d1","weight":3},{"day":4,"shift":"d1","weight":3},{"day":5,"shift":"d1","weight":3},{"day":6,"shift":"d1","weight":3},{"day":10,"shift":"E","weight":2},{"day":11,"shift":"E","weight":2},{"day":61,"shift":"d1","weight":3},{"day":62,"shift":"d1","weight":3},{"day":63,"shift":"d1","weight":3},{"day":69,"shift":"d1","weight":3}],"offRequests":[{"day":26,"shift":"d1","weight":1},{"day":41,"shift":"N","weight":2},{"day":42,"shift":"N","weight":2},{"day":43,"shift":"N","weight":2},{"day":44,"shift":"N","weight":2}]},{"id":"AL","maxShifts":[84,84,11,84,7],"minTotalMinutes":13260,"maxTotalMinutes":14220,"minConsecutiveShifts":2,"maxConsecutiveShifts":5,"minConsecutiveDaysOff":2,"maxWeekends":9,"daysOff":[36,50,51,52,53,54,55,56],"onRequests":[{"day":2,"shift":"L","weight":3},{"day":3,"shift":"L","weight":3},{"day":4,"shift":"L","weight":3},{"day":14,"shift":"d1","weight":1},{"day":21,"shift":"d2","weight":2},{"day":22,"shift":"d2","weight":2},{"day":23,"shift":"d2","weight":2},{"day":29,"shift":"N","weight":3},{"day":30,"shift":"N","weight":3},{"day":31,"shift":"N","weight":3},{"day":32,"shift":"N","weight":3},{"day":65,"shift":"L","weight":3},{"day":66,"shift":"L","weight":3},{"day":67,"shift":"L","weight":3},{"day":68,"shift":"L","weight":3},{"day":69,"shift":"L","weight":3}],"offRequests":[{"day":39,"shift":"d1","weight":2},{"day":76,"shift":"E","weight":3},{"day":77,"shift":"E","weight":3},{"day":78,"shift":"E","weight":3}]},{"id":"AM","maxShifts":[84,84,11,0,0],"minTotalMinutes":13260,"maxTotalMinutes":14220,"minConsecutiveShifts":2,"maxConsecutiveShifts":5,"minConsecutiveDaysOff":2,"maxWeekends":9,"daysOff":[29,52,53,54,58,59,60,61],"onRequests":[{"day":1,"shift":"d1","weight":1},{"day":2,"shift":"d1","weight":1},{"day":3,"shift":"d1","weight":1},{"day":4,"shift":"d1","weight":1},{"day":9,"shift":"d1","weight":2},{"day":10,"shift":"d1","weight":2},{"day":11,"shift":"d1","weight":2},{"day":15,"shift":"d2","weight":3},{"day":16,"shift":"d2","weight":3},{"day":17,"shift":"d2","weight":3},{"day":22,"shift":"E","weight":3},{"day":23,"shift":"E","weight":3},{"day":24,"shift":"E","weight":3},{"day":69,"shift":"E","weight":3},{"day":76,"shift":"d2","weight":2},{"day":77,"shift":"d2","weight":2},{"day":78,"shift":"d2","weight":2}],"offRequests":[{"day":34,"shift":"d1","weight":3},{"day":42,"shift":"E","weight":2},{"day":43,"shift":"E","weight":2},{"day":44,"shift":"E","weight":2},{"day":45,"shift":"E","weight":2},{"day":46,"shift":"E","weight":2},{"day":62,"shift":"E","weight":3},{"day":63,"shift":"E","weight":3}]},{"id":"AN","maxShifts":[84,84,11,0,0],"minTotalMinutes":13260,"maxTotalMinutes":14220,"minConsecutiveShifts":2,"maxConsecutiveShifts":5,"minConsecutiveDaysOff":2,"maxWeekends":9,"daysOff":[59,60,61,62,63,64,65,66],"onRequests":[{"day":9,"shift":"E","weight":2},{"day":10,"shift":"E","weight":2},{"day":11,"shift":"E","weight":2},{"day":12,"shift":"E","weight":2},{"day":17,"shift":"d2","weight":1}],"offRequests":[{"day":23,"shift":"d2","weight":1},{"day":77,"shift":"d2","weight":3},{"day":78,"shift":"d2","weight":3},{"day":79,"shift":"d2","weight":3},{"day":80,"shift":"d2","weight":3},{"day":81,"shift":"d2","weight":3}]}],"covers":[[{"requirement":8,"weightIfUnder":100,"weightIfOver":1},{"requirement":7,"weightIfUnder":100,"weightIfOver":1},{"requirement":2,"weightIfUnder":100,"weightIfOver":1},{"requirement":7,"weightIfUnder":100,"weightIfOver":1},{"requirement":1,"weightIfUnder":100,"weightIfOver":1}],[{"requirement":8,"weightIfUnder":100,"weightIfOver":1},{"requirement":6,"weightIfUnder":100,"weightIfOver":1},{"requirement":4,"weightIfUnder":100,"weightIfOver":1},{"requirement":8,"weightIfUnder":100,"weightIfOver":1},{"requirement":2,"weightIfUnder":100,"weightIfOver":1}],[{"requirement":6,"weightIfUnder":100,"weightIfOver":1},{"requirement":5,"weightIfUnder":100,"weightIfOver":1},{"requirement":2,"weightIfUnder":100,"weightIfOver":1},{"requirement":5,"weightIfUnder":100,"weightIfOver":1},{"requirement":2,"weightIfUnder":100,"weightIfOver":1}],[{"requirement":8,"weightIfUnder":100,"weightIfOver":1},{"requirement":5,"weightIfUnder":100,"weightIfOver":1},{"requirement":2,"weightIfUnder":100,"weightIfOver":1},{"requirement":7,"weightIfUnder":100,"weightIfOver":1},{"requirement":3,"weightIfUnder":100,"weightIfOver":1}],[{"requirement":7,"weightIfUnder":100,"weightIfOver":1},{"requirement":7,"weightIfUnder":100,"weightIfOver":1},{"requirement":2,"weightIfUnder":100,"weightIfOver":1},{"requirement":7,"weightIfUnder":100,"weightIfOver":1},{"requirement":2,"weightIfUnder":100,"weightIfOver":1}],[{"requirement":7,"weightIfUnder":100,"weightIfOver":1},{"requirement":5,"weightIfUnder":100,"weightIfOver":1},{"requirement":1,"weightIfUnder":100,"weightIfOver":1},{"requirement":7,"weightIfUnder":100,"weightIfOver":1},{"requirement":4,"weightIfUnder":100,"weightIfOver":1}],[{"requirement":7,"weightIfUnder":100,"weightIfOver":1},{"requirement":6,"weightIfUnder":100,"weightIfOver":1},{"requirement":3,"weightIfUnder":100,"weightIfOver":1},{"requirement":6,"weightIfUnder":100,"weightIfOver":1},{"requirement":4,"weightIfUnder":100,"weightIfOver":1}],[{"requirement":6,"weightIfUnder":100,"weightIfOver":1},{"requirement":4,"weightIfUnder":100,"weightIfOver":1},{"requirement":3,"weightIfUnder":100,"weightIfOver":1},{"requirement":7,"weightIfUnder":100,"weightIfOver":1},{"requirement":1,"weightIfUnder":100,"weightIfOver":1}],[{"requirement":7,"weightIfUnder":100,"weightIfOver":1},{"requirement":5,"weightIfUnder":100,"weightIfOver":1},{"requirement":3,"weightIfUnder":100,"weightIfOver":1},{"requirement":7,"weightIfUnder":100,"weightIfOver":1},{"requirement":4,"weightIfUnder":100,"weightIfOver":1}],[{"requirement":7,"weightIfUnder":100,"weightIfOver":1},{"requirement":4,"weightIfUnder":100,"weightIfOver":1},{"requirement":2,"weightIfUnder":100,"weightIfOver":1},{"requirement":6,"weightIfUnder":100,"weightIfOver":1},{"requirement":2,"weightIfUnder":100,"weightIfOver":1}],[{"requirement":6,"weightIfUnder":100,"weightIfOver":1},{"requirement":3,"weightIfUnder":100,"weightIfOver":1},{"requirement":2,"weightIfUnder":100,"weightIfOver":1},{"requirement":8,"weightIfUnder":100,"weightIfOver":1},{"requirement":1,"weightIfUnder":100,"weightIfOver":1}],[{"requirement":6,"weightIfUnder":100,"weightIfOver":1},{"requirement":4,"weightIfUnder":100,"weightIfOver":1},{"requirement":1,"weightIfUnder":100,"weightIfOver":1},{"requirement":7,"weightIfUnder":100,"weightIfOver":1},{"requirement":2,"weightIfUnder":100,"weightIfOver":1}],[{"requirement":7,"weightIfUnder":100,"weightIfOver":1},{"requirement":4,"weightIfUnder":100,"weightIfOver":1},{"requirement":3,"weightIfUnder":100,"weightIfOver":1},{"requirement":7,"weightIfUnder":100,"weightIfOver":1},{"requirement":2,"weightIfUnder":100,"weightIfOver":1}],[{"requirement":9,"weightIfUnder":100,"weightIfOver":1},{"requirement":4,"weightIfUnder":100,"weightIfOver":1},{"requirement":1,"weightIfUnder":100,"weightIfOver":1},{"requirement":7,"weightIfUnder":100,"weightIfOver":1},{"requirement":4,"weightIfUnder":100,"weightIfOver":1}],[{"requirement":9,"weightIfUnder":100,"weightIfOver":1},{"requirement":4,"weightIfUnder":100,"weightIfOver":1},{"requirement":2,"weightIfUnder":100,"weightIfOver":1},{"requirement":7,"weightIfUnder":100,"weightIfOver":1},{"requirement":2,"weightIfUnder":100,"weightIfOver":1}],[{"requirement":8,"weightIfUnder":100,"weightIfOver":1},{"requirement":3,"weightIfUnder":100,"weightIfOver":1},{"requirement":2,"weightIfUnder":100,"weightIfOver":1},{"requirement":6,"weightIfUnder":100,"weightIfOver":1},{"requirement":2,"weightIfUnder":100,"weightIfOver":1}],[{"requirement":7,"weightIfUnder":100,"weightIfOver":1},{"requirement":6,"weightIfUnder":100,"weightIfOver":1},{"requirement":2,"weightIfUnder":100,"weightIfOver":1},{"requirement":7,"weightIfUnder":100,"weightIfOver":1},{"requirement":3,"weightIfUnder":100,"weightIfOver":1}],[{"requirement":7,"weightIfUnder":100,"weightIfOver":1},{"requirement":3,"weightIfUnder":100,"weightIfOver":1},{"requirement":4,"weightIfUnder":100,"weightIfOver":1},{"requirement":7,"weightIfUnder":100,"weightIfOver":1},{"requirement":1,"weightIfUnder":100,"weightIfOver":1}],[{"requirement":6,"weightIfUnder":100,"weightIfOver":1},{"requirement":3,"weightIfUnder":100,"weightIfOver":1},{"requirement":1,"weightIfUnder":100,"weightIfOver":1},{"requirement":8,"weightIfUnder":100,"weightIfOver":1},{"requirement":1,"weightIfUnder":100,"weightIfOver":1}],[{"requirement":8,"weightIfUnder":100,"weightIfOver":1},{"requirement":3,"weightIfUnder":100,"weightIfOver":1},{"requirement":3,"weightIfUnder":100,"weightIfOver":1},{"requirement":7,"weightIfUnder":100,"weightIfOver":1},{"requirement":2,"weightIfUnder":100,"weightIfOver":1}],[{"requirement":8,"weightIfUnder":100,"weightIfOver":1},{"requirement":4,"weightIfUnder":100,"weightIfOver":1},{"requirement":2,"weightIfUnder":100,"weightIfOver":1},{"requirement":6,"weightIfUnder":100,"weightIfOver":1},{"requirement":2,"weightIfUnder":100,"weightIfOver":1}],[{"requirement":7,"weightIfUnder":100,"weightIfOver":1},{"requirement":4,"weightIfUnder":100,"weightIfOver":1},{"requirement":1,"weightIfUnder":100,"weightIfOver":1},{"requirement":7,"weightIfUnder":100,"weightIfOver":1},{"requirement":1,"weightIfUnder":100,"weightIfOver":1}],[{"requirement":7,"weightIfUnder":100,"weightIfOver":1},{"requirement":6,"weightIfUnder":100,"weightIfOver":1},{"requirement":3,"weightIfUnder":100,"weightIfOver":1},{"requirement":7,"weightIfUnder":100,"weightIfOver":1},{"requirement":4,"weightIfUnder":100,"weightIfOver":1}],[{"requirement":7,"weightIfUnder":100,"weightIfOver":1},{"requirement":3,"weightIfUnder":100,"weightIfOver":1},{"requirement":2,"weightIfUnder":100,"weightIfOver":1},{"requirement":8,"weightIfUnder":100,"weightIfOver":1},{"requirement":3,"weightIfUnder":100,"weightIfOver":1}],[{"requirement":7,"weightIfUnder":100,"weightIfOver":1},{"requirement":4,"weightIfUnder":100,"weightIfOver":1},{"requirement":1,"weightIfUnder":100,"weightIfOver":1},{"requirement":5,"weightIfUnder":100,"weightIfOver":1},{"requirement":3,"weightIfUnder":100,"weightIfOver":1}],[{"requirement":7,"weightIfUnder":100,"weightIfOver":1},{"requirement":5,"weightIfUnder":100,"weightIfOver":1},{"requirement":1,"weightIfUnder":100,"weightIfOver":1},{"requirement":6,"weightIfUnder":100,"weightIfOver":1},{"requirement":4,"weightIfUnder":100,"weightIfOver":1}],[{"requirement":5,"weightIfUnder":100,"weightIfOver":1},{"requirement":3,"weightIfUnder":100,"weightIfOver":1},{"requirement":2,"weightIfUnder":100,"weightIfOver":1},{"requirement":7,"weightIfUnder":100,"weightIfOver":1},{"requirement":2,"weightIfUnder":100,"weightIfOver":1}],[{"requirement":7,"weightIfUnder":100,"weightIfOver":1},{"requirement":3,"weightIfUnder":100,"weightIfOver":1},{"requirement":1,"weightIfUnder":100,"weightIfOver":1},{"requirement":7,"weightIfUnder":100,"weightIfOver":1},{"requirement":2,"weightIfUnder":100,"weightIfOver":1}],[{"requirement":7,"weightIfUnder":100,"weightIfOver":1},{"requirement":6,"weightIfUnder":100,"weightIfOver":1},{"requirement":1,"weightIfUnder":100,"weightIfOver":1},{"requirement":8,"weightIfUnder":100,"weightIfOver":1},{"requirement":4,"weightIfUnder":100,"weightIfOver":1}],[{"requirement":8,"weightIfUnder":100,"weightIfOver":1},{"requirement":5,"weightIfUnder":100,"weightIfOver":1},{"requirement":2,"weightIfUnder":100,"weightIfOver":1},{"requirement":7,"weightIfUnder":100,"weightIfOver":1},{"requirement":2,"weightIfUnder":100,"weightIfOver":1}],[{"requirement":9,"weightIfUnder":100,"weightIfOver":1},{"requirement":4,"weightIfUnder":100,"weightIfOver":1},{"requirement":2,"weightIfUnder":100,"weightIfOver":1},{"requirement":5,"weightIfUnder":100,"weightIfOver":1},{"requirement":3,"weightIfUnder":100,"weightIfOver":1}],[{"requirement":6,"weightIfUnder":100,"weightIfOver":1},{"requirement":4,"weightIfUnder":100,"weightIfOver":1},{"requirement":1,"weightIfUnder":100,"weightIfOver":1},{"requirement":7,"weightIfUnder":100,"weightIfOver":1},{"requirement":3,"weightIfUnder":100,"weightIfOver":1}],[{"requirement":8,"weightIfUnder":100,"weightIfOver":1},{"requirement":4,"weightIfUnder":100,"weightIfOver":1},{"requirement":3,"weightIfUnder":100,"weightIfOver":1},{"requirement":9,"weightIfUnder":100,"weightIfOver":1},{"requirement":3,"weightIfUnder":100,"weightIfOver":1}],[{"requirement":7,"weightIfUnder":100,"weightIfOver":1},{"requirement":4,"weightIfUnder":100,"weightIfOver":1},{"requirement":3,"weightIfUnder":100,"weightIfOver":1},{"requirement":7,"weightIfUnder":100,"weightIfOver":1},{"requirement":1,"weightIfUnder":100,"weightIfOver":1}],[{"requirement":8,"weightIfUnder":100,"weightIfOver":1},{"requirement":5,"weightIfUnder":100,"weightIfOver":1},{"requirement":4,"weightIfUnder":100,"weightIfOver":1},{"requirement":9,"weightIfUnder":100,"weightIfOver":1},{"requirement":3,"weightIfUnder":100,"weightIfOver":1}],[{"requirement":9,"weightIfUnder":100,"weightIfOver":1},{"requirement":5,"weightIfUnder":100,"weightIfOver":1},{"requirement":2,"weightIfUnder":100,"weightIfOver":1},{"requirement":7,"weightIfUnder":100,"weightIfOver":1},{"requirement":2,"weightIfUnder":100,"weightIfOver":1}],[{"requirement":8,"weightIfUnder":100,"weightIfOver":1},{"requirement":3,"weightIfUnder":100,"weightIfOver":1},{"requirement":1,"weightIfUnder":100,"weightIfOver":1},{"requirement":7,"weightIfUnder":100,"weightIfOver":1},{"requirement":1,"weightIfUnder":100,"weightIfOver":1}],[{"requirement":6,"weightIfUnder":100,"weightIfOver":1},{"requirement":4,"weightIfUnder":100,"weightIfOver":1},{"requirement":3,"weightIfUnder":100,"weightIfOver":1},{"requirement":6,"weightIfUnder":100,"weightIfOver":1},{"requirement":2,"weightIfUnder":100,"weightIfOver":1}],[{"requirement":7,"weightIfUnder":100,"weightIfOver":1},{"requirement":4,"weightIfUnder":100,"weightIfOver":1},{"requirement":2,"weightIfUnder":100,"weightIfOver":1},{"requirement":6,"weightIfUnder":100,"weightIfOver":1},{"requirement":1,"weightIfUnder":100,"weightIfOver":1}],[{"requirement":9,"weightIfUnder":100,"weightIfOver":1},{"requirement":4,"weightIfUnder":100,"weightIfOver":1},{"requirement":1,"weightIfUnder":100,"weightIfOver":1},{"requirement":8,"weightIfUnder":100,"weightIfOver":1},{"requirement":1,"weightIfUnder":100,"weightIfOver":1}],[{"requirement":8,"weightIfUnder":100,"weightIfOver":1},{"requirement":4,"weightIfUnder":100,"weightIfOver":1},{"requirement":2,"weightIfUnder":100,"weightIfOver":1},{"requirement":9,"weightIfUnder":100,"weightIfOver":1},{"requirement":2,"weightIfUnder":100,"weightIfOver":1}],[{"requirement":7,"weightIfUnder":100,"weightIfOver":1},{"requirement":4,"weightIfUnder":100,"weightIfOver":1},{"requirement":2,"weightIfUnder":100,"weightIfOver":1},{"requirement":7,"weightIfUnder":100,"weightIfOver":1},{"requirement":3,"weightIfUnder":100,"weightIfOver":1}],[{"requirement":6,"weightIfUnder":100,"weightIfOver":1},{"requirement":4,"weightIfUnder":100,"weightIfOver":1},{"requirement":2,"weightIfUnder":100,"weightIfOver":1},{"requirement":5,"weightIfUnder":100,"weightIfOver":1},{"requirement":2,"weightIfUnder":100,"weightIfOver":1}],[{"requirement":7,"weightIfUnder":100,"weightIfOver":1},{"requirement":4,"weightIfUnder":100,"weightIfOver":1},{"requirement":3,"weightIfUnder":100,"weightIfOver":1},{"requirement":5,"weightIfUnder":100,"weightIfOver":1},{"requirement":2,"weightIfUnder":100,"weightIfOver":1}],[{"requirement":7,"weightIfUnder":100,"weightIfOver":1},{"requirement":4,"weightIfUnder":100,"weightIfOver":1},{"requirement":2,"weightIfUnder":100,"weightIfOver":1},{"requirement":7,"weightIfUnder":100,"weightIfOver":1},{"requirement":2,"weightIfUnder":100,"weightIfOver":1}],[{"requirement":8,"weightIfUnder":100,"weightIfOver":1},{"requirement":4,"weightIfUnder":100,"weightIfOver":1},{"requirement":2,"weightIfUnder":100,"weightIfOver":1},{"requirement":6,"weightIfUnder":100,"weightIfOver":1},{"requirement":1,"weightIfUnder":100,"weightIfOver":1}],[{"requirement":7,"weightIfUnder":100,"weightIfOver":1},{"requirement":4,"weightIfUnder":100,"weightIfOver":1},{"requirement":2,"weightIfUnder":100,"weightIfOver":1},{"requirement":7,"weightIfUnder":100,"weightIfOver":1},{"requirement":2,"weightIfUnder":100,"weightIfOver":1}],[{"requirement":7,"weightIfUnder":100,"weightIfOver":1},{"requirement":5,"weightIfUnder":100,"weightIfOver":1},{"requirement":2,"weightIfUnder":100,"weightIfOver":1},{"requirement":9,"weightIfUnder":100,"weightIfOver":1},{"requirement":2,"weightIfUnder":100,"weightIfOver":1}],[{"requirement":5,"weightIfUnder":100,"weightIfOver":1},{"requirement":4,"weightIfUnder":100,"weightIfOver":1},{"requirement":1,"weightIfUnder":100,"weightIfOver":1},{"requirement":6,"weightIfUnder":100,"weightIfOver":1},{"requirement":3,"weightIfUnder":100,"weightIfOver":1}],[{"requirement":4,"weightIfUnder":100,"weightIfOver":1},{"requirement":5,"weightIfUnder":100,"weightIfOver":1},{"requirement":2,"weightIfUnder":100,"weightIfOver":1},{"requirement":6,"weightIfUnder":100,"weightIfOver":1},{"requirement":2,"weightIfUnder":100,"weightIfOver":1}],[{"requirement":6,"weightIfUnder":100,"weightIfOver":1},{"requirement":4,"weightIfUnder":100,"weightIfOver":1},{"requirement":3,"weightIfUnder":100,"weightIfOver":1},{"requirement":6,"weightIfUnder":100,"weightIfOver":1},{"requirement":2,"weightIfUnder":100,"weightIfOver":1}],[{"requirement":7,"weightIfUnder":100,"weightIfOver":1},{"requirement":5,"weightIfUnder":100,"weightIfOver":1},{"requirement":1,"weightIfUnder":100,"weightIfOver":1},{"requirement":7,"weightIfUnder":100,"weightIfOver":1},{"requirement":3,"weightIfUnder":100,"weightIfOver":1}],[{"requirement":8,"weightIfUnder":100,"weightIfOver":1},{"requirement":3,"weightIfUnder":100,"weightIfOver":1},{"requirement":3,"weightIfUnder":100,"weightIfOver":1},{"requirement":7,"weightIfUnder":100,"weightIfOver":1},{"requirement":1,"weightIfUnder":100,"weightIfOver":1}],[{"requirement":5,"weightIfUnder":100,"weightIfOver":1},{"requirement":4,"weightIfUnder":100,"weightIfOver":1},{"requirement":2,"weightIfUnder":100,"weightIfOver":1},{"requirement":7,"weightIfUnder":100,"weightIfOver":1},{"requirement":2,"weightIfUnder":100,"weightIfOver":1}],[{"requirement":4,"weightIfUnder":100,"weightIfOver":1},{"requirement":4,"weightIfUnder":100,"weightIfOver":1},{"requirement":1,"weightIfUnder":100,"weightIfOver":1},{"requirement":5,"weightIfUnder":100,"weightIfOver":1},{"requirement":2,"weightIfUnder":100,"weightIfOver":1}],[{"requirement":7,"weightIfUnder":100,"weightIfOver":1},{"requirement":2,"weightIfUnder":100,"weightIfOver":1},{"requirement":2,"weightIfUnder":100,"weightIfOver":1},{"requirement":7,"weightIfUnder":100,"weightIfOver":1},{"requirement":2,"weightIfUnder":100,"weightIfOver":1}],[{"requirement":7,"weightIfUnder":100,"weightIfOver":1},{"requirement":3,"weightIfUnder":100,"weightIfOver":1},{"requirement":3,"weightIfUnder":100,"weightIfOver":1},{"requirement":8,"weightIfUnder":100,"weightIfOver":1},{"requirement":2,"weightIfUnder":100,"weightIfOver":1}],[{"requirement":5,"weightIfUnder":100,"weightIfOver":1},{"requirement":5,"weightIfUnder":100,"weightIfOver":1},{"requirement":2,"weightIfUnder":100,"weightIfOver":1},{"requirement":5,"weightIfUnder":100,"weightIfOver":1},{"requirement":1,"weightIfUnder":100,"weightIfOver":1}],[{"requirement":7,"weightIfUnder":100,"weightIfOver":1},{"requirement":4,"weightIfUnder":100,"weightIfOver":1},{"requirement":2,"weightIfUnder":100,"weightIfOver":1},{"requirement":7,"weightIfUnder":100,"weightIfOver":1},{"requirement":2,"weightIfUnder":100,"weightIfOver":1}],[{"requirement":8,"weightIfUnder":100,"weightIfOver":1},{"requirement":3,"weightIfUnder":100,"weightIfOver":1},{"requirement":1,"weightIfUnder":100,"weightIfOver":1},{"requirement":7,"weightIfUnder":100,"weightIfOver":1},{"requirement":2,"weightIfUnder":100,"weightIfOver":1}],[{"requirement":7,"weightIfUnder":100,"weightIfOver":1},{"requirement":4,"weightIfUnder":100,"weightIfOver":1},{"requirement":2,"weightIfUnder":100,"weightIfOver":1},{"requirement":8,"weightIfUnder":100,"weightIfOver":1},{"requirement":2,"weightIfUnder":100,"weightIfOver":1}],[{"requirement":7,"weightIfUnder":100,"weightIfOver":1},{"requirement":4,"weightIfUnder":100,"weightIfOver":1},{"requirement":2,"weightIfUnder":100,"weightIfOver":1},{"requirement":6,"weightIfUnder":100,"weightIfOver":1},{"requirement":2,"weightIfUnder":100,"weightIfOver":1}],[{"requirement":9,"weightIfUnder":100,"weightIfOver":1},{"requirement":3,"weightIfUnder":100,"weightIfOver":1},{"requirement":2,"weightIfUnder":100,"weightIfOver":1},{"requirement":8,"weightIfUnder":100,"weightIfOver":1},{"requirement":2,"weightIfUnder":100,"weightIfOver":1}],[{"requirement":6,"weightIfUnder":100,"weightIfOver":1},{"requirement":4,"weightIfUnder":100,"weightIfOver":1},{"requirement":2,"weightIfUnder":100,"weightIfOver":1},{"requirement":6,"weightIfUnder":100,"weightIfOver":1},{"requirement":2,"weightIfUnder":100,"weightIfOver":1}],[{"requirement":8,"weightIfUnder":100,"weightIfOver":1},{"requirement":3,"weightIfUnder":100,"weightIfOver":1},{"requirement":3,"weightIfUnder":100,"weightIfOver":1},{"requirement":7,"weightIfUnder":100,"weightIfOver":1},{"requirement":2,"weightIfUnder":100,"weightIfOver":1}],[{"requirement":7,"weightIfUnder":100,"weightIfOver":1},{"requirement":5,"weightIfUnder":100,"weightIfOver":1},{"requirement":4,"weightIfUnder":100,"weightIfOver":1},{"requirement":6,"weightIfUnder":100,"weightIfOver":1},{"requirement":4,"weightIfUnder":100,"weightIfOver":1}],[{"requirement":8,"weightIfUnder":100,"weightIfOver":1},{"requirement":2,"weightIfUnder":100,"weightIfOver":1},{"requirement":2,"weightIfUnder":100,"weightIfOver":1},{"requirement":6,"weightIfUnder":100,"weightIfOver":1},{"requirement":3,"weightIfUnder":100,"weightIfOver":1}],[{"requirement":5,"weightIfUnder":100,"weightIfOver":1},{"requirement":5,"weightIfUnder":100,"weightIfOver":1},{"requirement":2,"weightIfUnder":100,"weightIfOver":1},{"requirement":6,"weightIfUnder":100,"weightIfOver":1},{"requirement":2,"weightIfUnder":100,"weightIfOver":1}],[{"requirement":7,"weightIfUnder":100,"weightIfOver":1},{"requirement":3,"weightIfUnder":100,"weightIfOver":1},{"requirement":2,"weightIfUnder":100,"weightIfOver":1},{"requirement":6,"weightIfUnder":100,"weightIfOver":1},{"requirement":2,"weightIfUnder":100,"weightIfOver":1}],[{"requirement":6,"weightIfUnder":100,"weightIfOver":1},{"requirement":4,"weightIfUnder":100,"weightIfOver":1},{"requirement":2,"weightIfUnder":100,"weightIfOver":1},{"requirement":6,"weightIfUnder":100,"weightIfOver":1},{"requirement":1,"weightIfUnder":100,"weightIfOver":1}],[{"requirement":6,"weightIfUnder":100,"weightIfOver":1},{"requirement":3,"weightIfUnder":100,"weightIfOver":1},{"requirement":1,"weightIfUnder":100,"weightIfOver":1},{"requirement":9,"weightIfUnder":100,"weightIfOver":1},{"requirement":1,"weightIfUnder":100,"weightIfOver":1}],[{"requirement":8,"weightIfUnder":100,"weightIfOver":1},{"requirement":4,"weightIfUnder":100,"weightIfOver":1},{"requirement":2,"weightIfUnder":100,"weightIfOver":1},{"requirement":7,"weightIfUnder":100,"weightIfOver":1},{"requirement":2,"weightIfUnder":100,"weightIfOver":1}],[{"requirement":7,"weightIfUnder":100,"weightIfOver":1},{"requirement":4,"weightIfUnder":100,"weightIfOver":1},{"requirement":1,"weightIfUnder":100,"weightIfOver":1},{"requirement":7,"weightIfUnder":100,"weightIfOver":1},{"requirement":4,"weightIfUnder":100,"weightIfOver":1}],[{"requirement":6,"weightIfUnder":100,"weightIfOver":1},{"requirement":4,"weightIfUnder":100,"weightIfOver":1},{"requirement":4,"weightIfUnder":100,"weightIfOver":1},{"requirement":5,"weightIfUnder":100,"weightIfOver":1},{"requirement":1,"weightIfUnder":100,"weightIfOver":1}],[{"requirement":7,"weightIfUnder":100,"weightIfOver":1},{"requirement":4,"weightIfUnder":100,"weightIfOver":1},{"requirement":2,"weightIfUnder":100,"weightIfOver":1},{"requirement":6,"weightIfUnder":100,"weightIfOver":1},{"requirement":1,"weightIfUnder":100,"weightIfOver":1}],[{"requirement":7,"weightIfUnder":100,"weightIfOver":1},{"requirement":4,"weightIfUnder":100,"weightIfOver":1},{"requirement":2,"weightIfUnder":100,"weightIfOver":1},{"requirement":7,"weightIfUnder":100,"weightIfOver":1},{"requirement":2,"weightIfUnder":100,"weightIfOver":1}],[{"requirement":7,"weightIfUnder":100,"weightIfOver":1},{"requirement":4,"weightIfUnder":100,"weightIfOver":1},{"requirement":2,"weightIfUnder":100,"weightIfOver":1},{"requirement":7,"weightIfUnder":100,"weightIfOver":1},{"requirement":2,"weightIfUnder":100,"weightIfOver":1}],[{"requirement":7,"weightIfUnder":100,"weightIfOver":1},{"requirement":4,"weightIfUnder":100,"weightIfOver":1},{"requirement":2,"weightIfUnder":100,"weightIfOver":1},{"requirement":4,"weightIfUnder":100,"weightIfOver":1},{"requirement":2,"weightIfUnder":100,"weightIfOver":1}],[{"requirement":7,"weightIfUnder":100,"weightIfOver":1},{"requirement":4,"weightIfUnder":100,"weightIfOver":1},{"requirement":4,"weightIfUnder":100,"weightIfOver":1},{"requirement":7,"weightIfUnder":100,"weightIfOver":1},{"requirement":2,"weightIfUnder":100,"weightIfOver":1}],[{"requirement":6,"weightIfUnder":100,"weightIfOver":1},{"requirement":4,"weightIfUnder":100,"weightIfOver":1},{"requirement":1,"weightIfUnder":100,"weightIfOver":1},{"requirement":6,"weightIfUnder":100,"weightIfOver":1},{"requirement":2,"weightIfUnder":100,"weightIfOver":1}],[{"requirement":5,"weightIfUnder":100,"weightIfOver":1},{"requirement":4,"weightIfUnder":100,"weightIfOver":1},{"requirement":4,"weightIfUnder":100,"weightIfOver":1},{"requirement":8,"weightIfUnder":100,"weightIfOver":1},{"requirement":1,"weightIfUnder":100,"weightIfOver":1}],[{"requirement":7,"weightIfUnder":100,"weightIfOver":1},{"requirement":3,"weightIfUnder":100,"weightIfOver":1},{"requirement":2,"weightIfUnder":100,"weightIfOver":1},{"requirement":7,"weightIfUnder":100,"weightIfOver":1},{"requirement":1,"weightIfUnder":100,"weightIfOver":1}],[{"requirement":7,"weightIfUnder":100,"weightIfOver":1},{"requirement":6,"weightIfUnder":100,"weightIfOver":1},{"requirement":2,"weightIfUnder":100,"weightIfOver":1},{"requirement":8,"weightIfUnder":100,"weightIfOver":1},{"requirement":2,"weightIfUnder":100,"weightIfOver":1}],[{"requirement":6,"weightIfUnder":100,"weightIfOver":1},{"requirement":4,"weightIfUnder":100,"weightIfOver":1},{"requirement":3,"weightIfUnder":100,"weightIfOver":1},{"requirement":6,"weightIfUnder":100,"weightIfOver":1},{"requirement":2,"weightIfUnder":100,"weightIfOver":1}]]}