{"nDays":42,"shifts":[{"id":"e1","length":480,"forbiddenFollowingShifts":null},{"id":"e2","length":720,"forbiddenFollowingShifts":["e2"]},{"id":"D","length":480,"forbiddenFollowingShifts":["e2"]},{"id":"L","length":480,"forbiddenFollowingShifts":["e1","e2","D"]},{"id":"n1","length":600,"forbiddenFollowingShifts":["e1","e2","D","L","n2"]},{"id":"n2","length":720,"forbiddenFollowingShifts":["e1","e2","D","L","n2"]}],"staffs":[{"id":"A","maxShifts":[0,14,42,0,0,3],"minTotalMinutes":12240,"maxTotalMinutes":12960,"minConsecutiveShifts":2,"maxConsecutiveShifts":5,"minConsecutiveDaysOff":2,"maxWeekends":3,"daysOff":[5,10,37,38],"onRequests":[{"day":19,"shift":"e2","weight":2},{"day":20,"shift":"e2","weight":2},{"day":21,"shift":"e2","weight":2},{"day":22,"shift":"e2","weight":2},{"day":23,"shift":"e2","weight":2}],"offRequests":[{"day":3,"shift":"n2","weight":1},{"day":4,"shift":"n2","weight":1},{"day":13,"shift":"D","weight":1},{"day":14,"shift":"D","weight":1},{"day":28,"shift":"e2","weight":1},{"day":29,"shift":"e2","weight":1}]},{"id":"B","maxShifts":[21,0,42,0,4,0],"minTotalMinutes":12240,"maxTotalMinutes":12960,"minConsecutiveShifts":2,"maxConsecutiveShifts":5,"minConsecutiveDaysOff":2,"maxWeekends":3,"daysOff":[2,3,4,35],"onRequests":[{"day":1,"shift":"e1","weight":3},{"day":9,"shift":"D","weight":1},{"day":10,"shift":"D","weight":1},{"day":15,"shift":"n1","weight":3},{"day":16,"shift":"n1","weight":3},{"day":17,"shift":"n1","weight":3},{"day":24,"shift":"n1","weight":2},{"day":25,"shift":"n1","weight":2}],"offRequests":null},{"id":"C","maxShifts":[21,0,42,0,4,3],"minTotalMinutes":12240,"maxTotalMinutes":12960,"minConsecutiveShifts":2,"maxConsecutiveShifts":5,"minConsecutiveDaysOff":2,"maxWeekends":3,"daysOff":[7,39,40,41],"onRequests":[{"day":12,"shift":"D","weight":2},{"day":13,"shift":"D","weight":2},{"day":14,"shift":"D","weight":2},{"day":20,"shift":"n2","weight":2},{"day":21,"shift":"n2","weight":2},{"day":22,"shift":"n2","weight":2},{"day":23,"shift":"n2","weight":2},{"day":27,"shift":"e1","weight":3},{"day":28,"shift":"e1","weight":3},{"day":29,"shift":"e1","weight":3}],"offRequests":[{"day":1,"shift":"n1","weight":2}]},{"id":"D","maxShifts":[21,14,42,0,0,3],"minTotalMinutes":12240,"maxTotalMinutes":12960,"minConsecutiveShifts":2,"maxConsecutiveShifts":5,"minConsecutiveDaysOff":2,"maxWeekends":3,"daysOff":[5,6,7,8],"onRequests":[{"day":1,"shift":"D","weight":3},{"day":2,"shift":"D","weight":3},{"day":11,"shift":"e2","weight":3},{"day":12,"shift":"e2","weight":3},{"day":13,"shift":"e2","weight":3},{"day":21,"shift":"e1","weight":1},{"day":22,"shift":"e1","weight":1},{"day":23,"shift":"e1","weight":1},{"day":24,"shift":"e1","weight":1},{"day":25,"shift":"e1","weight":1}],"offRequests":null},{"id":"E","maxShifts":[21,0,42,0,4,3],"minTotalMinutes":12240,"maxTotalMinutes":12960,"minConsecutiveShifts":2,"maxConsecutiveShifts":5,"minConsecutiveDaysOff":2,"maxWeekends":3,"daysOff":[29,30,31,32],"onRequests":[{"day":1,"shift":"D","weight":2},{"day":2,"shift":"D","weight":2},{"day":3,"shift":"D","weight":2},{"day":4,"shift":"D","weight":2},{"day":5,"shift":"D","weight":2},{"day":13,"shift":"e1","weight":3},{"day":14,"shift":"e1","weight":3},{"day":24,"shift":"D","weight":1},{"day":25,"shift":"D","weight":1},{"day":26,"shift":"D","weight":1},{"day":27,"shift":"D","weight":1}],"offRequests":[{"day":35,"shift":"n2","weight":1},{"day":36,"shift":"n2","weight":1}]},{"id":"F","maxShifts":[0,0,42,21,0,0],"minTotalMinutes":12240,"maxTotalMinutes":12960,"minConsecutiveShifts":2,"maxConsecutiveShifts":5,"minConsecutiveDaysOff":2,"maxWeekends":3,"daysOff":[8,9,10,11],"onRequests":[{"day":6,"shift":"D","weight":1},{"day":7,"shift":"D","weight":1},{"day":17,"shift":"D","weight":3},{"day":18,"shift":"D","weight":3},{"day":38,"shift":"D","weight":2}],"offRequests":[{"day":23,"shift":"D","weight":3},{"day":24,"shift":"D","weight":3},{"day":25,"shift":"D","weight":3},{"day":31,"shift":"L","weight":3},{"day":32,"shift":"L","weight":3}]},{"id":"G","maxShifts":[21,14,42,21,0,0],"minTotalMinutes":12240,"maxTotalMinutes":12960,"minConsecutiveShifts":2,"maxConsecutiveShifts":5,"minConsecutiveDaysOff":2,"maxWeekends":3,"daysOff":[18,19,36,37],"onRequests":[{"day":1,"shift":"e2","weight":1},{"day":2,"shift":"e2","weight":1},{"day":3,"shift":"e2","weight":1},{"day":4,"shift":"e2","weight":1},{"day":5,"shift":"e2","weight":1},{"day":29,"shift":"D","weight":1},{"day":30,"shift":"D","weight":1},{"day":31,"shift":"D","weight":1},{"day":32,"shift":"D","weight":1}],"offRequests":[{"day":22,"shift":"e1","weight":2},{"day":23,"shift":"e1","weight":2},{"day":24,"shift":"e1","weight":2}]},{"id":"H","maxShifts":[21,0,42,0,4,0],"minTotalMinutes":12240,"maxTotalMinutes":12960,"minConsecutiveShifts":2,"maxConsecutiveShifts":5,"minConsecutiveDaysOff":2,"maxWeekends":3,"daysOff":[5,6,7,8],"onRequests":[{"day":10,"shift":"e1","weight":1}],"offRequests":[{"day":16,"shift":"e1","weight":1},{"day":17,"shift":"e1","weight":1},{"day":18,"shift":"e1","weight":1},{"day":19,"shift":"e1","weight":1},{"day":23,"shift":"e1","weight":2},{"day":24,"shift":"e1","weight":2},{"day":25,"shift":"e1","weight":2},{"day":33,"shift":"n1","weight":1},{"day":34,"shift":"n1","weight":1},{"day":35,"shift":"n1","weight":1}]},{"id":"I","maxShifts":[21,14,42,21,4,0],"minTotalMinutes":12240,"maxTotalMinutes":12960,"minConsecutiveShifts":2,"maxConsecutiveShifts":5,"minConsecutiveDaysOff":2,"maxWeekends":3,"daysOff":[3,4,31,32],"onRequests":[{"day":23,"shift":"e1","weight":1},{"day":24,"shift":"e1","weight":1},{"day":33,"shift":"e2","weight":3},{"day":34,"shift":"e2","weight":3},{"day":35,"shift":"e2","weight":3}],"offRequests":null},{"id":"J","maxShifts":[21,0,42,21,4,3],"minTotalMinutes":12240,"maxTotalMinutes":12960,"minConsecutiveShifts":2,"maxConsecutiveShifts":5,"minConsecutiveDaysOff":2,"maxWeekends":3,"daysOff":[8,21,22,23],"onRequests":[{"day":10,"shift":"D","weight":1},{"day":11,"shift":"D","weight":1},{"day":12,"shift":"D","weight":1},{"day":13,"shift":"D","weight":1},{"day":14,"shift":"D","weight":1}],"offRequests":[{"day":1,"shift":"n2","weight":3},{"day":2,"shift":"n2","weight":3},{"day":3,"shift":"n2","weight":3},{"day":4,"shift":"n2","weight":3},{"day":38,"shift":"n2","weight":1}]},{"id":"K","maxShifts":[21,14,42,21,0,3],"minTotalMinutes":12240,"maxTotalMinutes":12960,"minConsecutiveShifts":2,"maxConsecutiveShifts":5,"minConsecutiveDaysOff":2,"maxWeekends":3,"daysOff":[14,15,16,38],"onRequests":[{"day":0,"shift":"D","weight":2},{"day":19,"shift":"n2","weight":1},{"day":20,"shift":"n2","weight":1},{"day":21,"shift":"n2","weight":1},{"day":22,"shift":"n2","weight":1}],"offRequests":[{"day":30,"shift":"e1","weight":2}]},{"id":"L","maxShifts":[21,0,42,0,0,0],"minTotalMinutes":12240,"maxTotalMinutes":12960,"minConsecutiveShifts":2,"maxConsecutiveShifts":5,"minConsecutiveDaysOff":2,"maxWeekends":3,"daysOff":[2,3,23,24],"onRequests":[{"day":8,"shift":"e1","weight":3},{"day":9,"shift":"e1","weight":3},{"day":10,"shift":"e1","weight":3},{"day":11,"shift":"e1","weight":3},{"day":12,"shift":"e1","weight":3},{"day":25,"shift":"e1","weight":1}],"offRequests":null},{"id":"M","maxShifts":[0,14,42,21,4,3],"minTotalMinutes":12240,"maxTotalMinutes":12960,"minConsecutiveShifts":2,"maxConsecutiveShifts":5,"minConsecutiveDaysOff":2,"maxWeekends":3,"daysOff":[2,10,11,12],"onRequests":[{"day":8,"shift":"n1","weight":3},{"day":9,"shift":"n1","weight":3},{"day":13,"shift":"e2","weight":3},{"day":14,"shift":"e2","weight":3},{"day":15,"shift":"e2","weight":3},{"day":30,"shift":"n1","weight":2},{"day":31,"shift":"n1","weight":2},{"day":36,"shift":"D","weight":2},{"day":41,"shift":"n2","weight":3}],"offRequests":[{"day":23,"shift":"n2","weight":1},{"day":24,"shift":"n2","weight":1},{"day":25,"shift":"n2","weight":1}]},{"id":"N","maxShifts":[21,0,42,21,0,3],"minTotalMinutes":12240,"maxTotalMinutes":12960,"minConsecutiveShifts":2,"maxConsecutiveShifts":5,"minConsecutiveDaysOff":2,"maxWeekends":3,"daysOff":[12,13,14,15],"onRequests":[{"day":3,"shift":"D","weight":2},{"day":4,"shift":"D","weight":2},{"day":5,"shift":"D","weight":2},{"day":6,"shift":"D","weight":2},{"day":17,"shift":"e1","weight":3},{"day":18,"shift":"e1","weight":3},{"day":19,"shift":"e1","weight":3},{"day":20,"shift":"e1","weight":3},{"day":25,"shift":"e1","weight":2},{"day":26,"shift":"e1","weight":2},{"day":27,"shift":"e1","weight":2},{"day":28,"shift":"e1","weight":2},{"day":29,"shift":"e1","weight":2},{"day":39,"shift":"D","weight":1}],"offRequests":[{"day":33,"shift":"L","weight":2}]},{"id":"O","maxShifts":[21,14,42,21,4,0],"minTotalMinutes":12240,"maxTotalMinutes":12960,"minConsecutiveShifts":2,"maxConsecutiveShifts":5,"minConsecutiveDaysOff":2,"maxWeekends":3,"daysOff":[3,28,29,30],"onRequests":[{"day":21,"shift":"D","weight":3},{"day":22,"shift":"D","weight":3},{"day":23,"shift":"D","weight":3},{"day":24,"shift":"D","weight":3},{"day":25,"shift":"D","weight":3},{"day":33,"shift":"e2","weight":1},{"day":34,"shift":"e2","weight":1},{"day":35,"shift":"e2","weight":1},{"day":36,"shift":"e2","weight":1}],"offRequests":null},{"id":"P","maxShifts":[0,0,42,21,4,0],"minTotalMinutes":12240,"maxTotalMinutes":12960,"minConsecutiveShifts":2,"maxConsecutiveShifts":5,"minConsecutiveDaysOff":2,"maxWeekends":3,"daysOff":[32,33,34,35],"onRequests":[{"day":2,"shift":"L","weight":2},{"day":3,"shift":"L","weight":2},{"day":4,"shift":"L","weight":2},{"day":9,"shift":"D","weight":3},{"day":10,"shift":"D","weight":3}],"offRequests":[{"day":18,"shift":"n1","weight":3},{"day":19,"shift":"n1","weight":3},{"day":26,"shift":"L","weight":3},{"day":37,"shift":"L","weight":3},{"day":38,"shift":"L","weight":3},{"day":39,"shift":"L","weight":3},{"day":40,"shift":"L","weight":3},{"day":41,"shift":"L","weight":3}]},{"id":"Q","maxShifts":[21,14,42,0,0,3],"minTotalMinutes":12240,"maxTotalMinutes":12960,"minConsecutiveShifts":2,"maxConsecutiveShifts":5,"minConsecutiveDaysOff":2,"maxWeekends":3,"daysOff":[6,27,28,29],"onRequests":[{"day":2,"shift":"D","weight":2},{"day":7,"shift":"n2","weight":3},{"day":8,"shift":"n2","weight":3},{"day":9,"shift":"n2","weight":3},{"day":31,"shift":"D","weight":2},{"day":32,"shift":"D","weight":2},{"day":33,"shift":"D","weight":2},{"day":38,"shift":"e2","weight":1},{"day":39,"shift":"e2","weight":1},{"day":40,"shift":"e2","weight":1}],"offRequests":[{"day":13,"shift":"n2","weight":2}]},{"id":"R","maxShifts":[21,0,42,0,0,3],"minTotalMinutes":12240,"maxTotalMinutes":12960,"minConsecutiveShifts":2,"maxConsecutiveShifts":5,"minConsecutiveDaysOff":2,"maxWeekends":3,"daysOff":[12,13,14,32],"onRequests":[{"day":34,"shift":"n2","weight":2},{"day":35,"shift":"n2","weight":2},{"day":36,"shift":"n2","weight":2},{"day":37,"shift":"n2","weight":2}],"offRequests":[{"day":8,"shift":"D","weight":3},{"day":9,"shift":"D","weight":3},{"day":10,"shift":"D","weight":3},{"day":11,"shift":"D","weight":3},{"day":23,"shift":"n2","weight":3},{"day":24,"shift":"n2","weight":3},{"day":25,"shift":"n2","weight":3}]},{"id":"S","maxShifts":[21,14,42,0,4,0],"minTotalMinutes":12240,"maxTotalMinutes":12960,"minConsecutiveShifts":2,"maxConsecutiveShifts":5,"minConsecutiveDaysOff":2,"maxWeekends":3,"daysOff":[7,8,9,10],"onRequests":[{"day":3,"shift":"D","weight":2},{"day":4,"shift":"D","weight":2},{"day":5,"shift":"D","weight":2},{"day":6,"shift":"D","weight":2}],"offRequests":[{"day":13,"shift":"n1","weight":3},{"day":14,"shift":"n1","weight":3},{"day":15,"shift":"n1","weight":3},{"day":16,"shift":"n1","weight":3},{"day":28,"shift":"e1","weight":2},{"day":29,"shift":"e1","weight":2}]},{"id":"T","maxShifts":[21,14,42,21,0,3],"minTotalMinutes":12240,"maxTotalMinutes":12960,"minConsecutiveShifts":2,"maxConsecutiveShifts":5,"minConsecutiveDaysOff":2,"maxWeekends":3,"daysOff":[1,2,3,4],"onRequests":[{"day":8,"shift":"D","weight":1},{"day":9,"shift":"D","weight":1},{"day":10,"shift":"D","weight":1},{"day":11,"shift":"D","weight":1},{"day":18,"shift":"D","weight":3},{"day":19,"shift":"D","weight":3},{"day":20,"shift":"D","weight":3},{"day":21,"shift":"D","weight":3},{"day":22,"shift":"D","weight":3}],"offRequests":[{"day":27,"shift":"n2","weight":3},{"day":28,"shift":"n2","weight":3},{"day":29,"shift":"n2","weight":3}]},{"id":"U","maxShifts":[21,14,42,21,0,3],"minTotalMinutes":12240,"maxTotalMinutes":12960,"minConsecutiveShifts":2,"maxConsecutiveShifts":5,"minConsecutiveDaysOff":2,"maxWeekends":3,"daysOff":[5,6,7,8],"onRequests":[{"day":14,"shift":"L","weight":1},{"day":15,"shift":"L","weight":1},{"day":16,"shift":"L","weight":1},{"day":20,"shift":"L","weight":1},{"day":21,"shift":"L","weight":1},{"day":22,"shift":"L","weight":1},{"day":23,"shift":"L","weight":1},{"day":28,"shift":"e2","weight":1}],"offRequests":null},{"id":"V","maxShifts":[21,0,42,21,4,3],"minTotalMinutes":12240,"maxTotalMinutes":12960,"minConsecutiveShifts":2,"maxConsecutiveShifts":5,"minConsecutiveDaysOff":2,"maxWeekends":3,"daysOff":[12,15,16,40],"onRequests":[{"day":7,"shift":"D","weight":1},{"day":8,"shift":"D","weight":1},{"day":17,"shift":"L","weight":2},{"day":18,"shift":"L","weight":2},{"day":19,"shift":"L","weight":2},{"day":20,"shift":"L","weight":2},{"day":21,"shift":"L","weight":2},{"day":33,"shift":"D","weight":2},{"day":34,"shift":"D","weight":2},{"day":35,"shift":"D","weight":2},{"day":36,"shift":"D","weight":2}],"offRequests":null},{"id":"W","maxShifts":[0,14,42,21,0,3],"minTotalMinutes":12240,"maxTotalMinutes":12960,"minConsecutiveShifts":2,"maxConsecutiveShifts":5,"minConsecutiveDaysOff":2,"maxWeekends":3,"daysOff":[29,30,31,32],"onRequests":[{"day":0,"shift":"n2","weight":2},{"day":1,"shift":"n2","weight":2},{"day":2,"shift":"n2","weight":2},{"day":3,"shift":"n2","weight":2},{"day":4,"shift":"n2","weight":2},{"day":35,"shift":"e2","weight":1},{"day":36,"shift":"e2","weight":1},{"day":37,"shift":"e2","weight":1}],"offRequests":[{"day":12,"shift":"D","weight":1}]},{"id":"X","maxShifts":[0,14,42,21,4,3],"minTotalMinutes":12240,"maxTotalMinutes":12960,"minConsecutiveShifts":2,"maxConsecutiveShifts":5,"minConsecutiveDaysOff":2,"maxWeekends":3,"daysOff":[6,9,13,14],"onRequests":[{"day":4,"shift":"n2","weight":3},{"day":16,"shift":"e2","weight":1},{"day":17,"shift":"e2","weight":1}],"offRequests":[{"day":22,"shift":"n2","weight":2},{"day":23,"shift":"n2","weight":2},{"day":24,"shift":"n2","weight":2},{"day":25,"shift":"n2","weight":2},{"day":37,"shift":"n1","weight":3},{"day":38,"shift":"n1","weight":3},{"day":39,"shift":"n1","weight":3},{"day":40,"shift":"n1","weight":3},{"day":41,"shift":"n1","weight":3}]},{"id":"Y","maxShifts":[21,14,42,21,4,0],"minTotalMinutes":12240,"maxTotalMinutes":12960,"minConsecutiveShifts":2,"maxConsecutiveShifts":5,"minConsecutiveDaysOff":2,"maxWeekends":3,"daysOff":[33,34,35,36],"onRequests":[{"day":3,"shift":"e2","weight":2},{"day":4,"shift":"e2","weight":2},{"day":5,"shift":"e2","weight":2},{"day":10,"shift":"n1","weight":2},{"day":11,"shift":"n1","weight":2},{"day":19,"shift":"e1","weight":1},{"day":20,"shift":"e1","weight":1},{"day":21,"shift":"e1","weight":1},{"day":22,"shift":"e1","weight":1},{"day":26,"shift":"e1","weight":3},{"day":27,"shift":"e1","weight":3},{"day":28,"shift":"e1","weight":3},{"day":29,"shift":"e1","weight":3},{"day":30,"shift":"e1","weight":3}],"offRequests":[{"day":37,"shift":"e1","weight":3},{"day":38,"shift":"e1","weight":3},{"day":39,"shift":"e1","weight":3},{"day":40,"shift":"e1","weight":3}]},{"id":"Z","maxShifts":[21,0,42,21,0,0],"minTotalMinutes":12240,"maxTotalMinutes":12960,"minConsecutiveShifts":2,"maxConsecutiveShifts":5,"minConsecutiveDaysOff":2,"maxWeekends":3,"daysOff":[7,10,11,12],"onRequests":[{"day":0,"shift":"e1","weight":2},{"day":1,"shift":"e1","weight":2},{"day":2,"shift":"e1","weight":2}],"offRequests":[{"day":16,"shift":"D","weight":2},{"day":17,"shift":"D","weight":2},{"day":18,"shift":"D","weight":2},{"day":19,"shift":"D","weight":2},{"day":20,"shift":"D","weight":2},{"day":24,"shift":"D","weight":1},{"day":25,"shift":"D","weight":1},{"day":26,"shift":"D","weight":1},{"day":39,"shift":"D","weight":1},{"day":40,"shift":"D","weight":1}]},{"id":"AA","maxShifts":[21,14,42,0,0,3],"minTotalMinutes":12240,"maxTotalMinutes":12960,"minConsecutiveShifts":2,"maxConsecutiveShifts":5,"minConsecutiveDaysOff":2,"maxWeekends":3,"daysOff":[7,8,9,26],"onRequests":[{"day":2,"shift":"n2","weight":1},{"day":3,"shift":"n2","weight":1},{"day":4,"shift":"n2","weight":1},{"day":5,"shift":"n2","weight":1},{"day":6,"shift":"n2","weight":1},{"day":14,"shift":"n2","weight":2},{"day":15,"shift":"n2","weight":2},{"day":16,"shift":"n2","weight":2},{"day":37,"shift":"n2","weight":2},{"day":38,"shift":"n2","weight":2},{"day":39,"shift":"n2","weight":2},{"day":40,"shift":"n2","weight":2}],"offRequests":[{"day":30,"shift":"D","weight":2},{"day":31,"shift":"D","weight":2}]},{"id":"AB","maxShifts":[0,0,42,0,0,0],"minTotalMinutes":12240,"maxTotalMinutes":12960,"minConsecutiveShifts":2,"maxConsecutiveShifts":5,"minConsecutiveDaysOff":2,"maxWeekends":3,"daysOff":[19,20,30,31],"onRequests":[{"day":16,"shift":"D","weight":1},{"day":33,"shift":"D","weight":2},{"day":34,"shift":"D","weight":2},{"day":35,"shift":"D","weight":2},{"day":36,"shift":"D","weight":2}],"offRequests":[{"day":0,"shift":"D","weight":3},{"day":5,"shift":"D","weight":2},{"day":6,"shift":"D","weight":2}]},{"id":"AC","maxShifts":[21,0,42,0,4,3],"minTotalMinutes":12240,"maxTotalMinutes":12960,"minConsecutiveShifts":2,"maxConsecutiveShifts":5,"minConsecutiveDaysOff":2,"maxWeekends":3,"daysOff":[27,28,31,32],"onRequests":[{"day":0,"shift":"n1","weight":2},{"day":1,"shift":"n1","weight":2},{"day":2,"shift":"n1","weight":2},{"day":3,"shift":"n1","weight":2},{"day":4,"shift":"n1","weight":2},{"day":16,"shift":"n1","weight":1},{"day":17,"shift":"n1","weight":1},{"day":29,"shift":"e1","weight":1},{"day":30,"shift":"e1","weight":1}],"offRequests":[{"day":9,"shift":"n1","weight":1},{"day":10,"shift":"n1","weight":1},{"day":11,"shift":"n1","weight":1}]},{"id":"AD","maxShifts":[0,0,42,0,0,3],"minTotalMinutes":12240,"maxTotalMinutes":12960,"minConsecutiveShifts":2,"maxConsecutiveShifts":5,"minConsecutiveDaysOff":2,"maxWeekends":3,"daysOff":[20,21,27,28],"onRequests":[{"day":3,"shift":"D","weight":1},{"day":13,"shift":"D","weight":3},{"day":14,"shift":"D","weight":3},{"day":29,"shift":"D","weight":3},{"day":30,"shift":"D","weight":3},{"day":31,"shift":"D","weight":3},{"day":32,"shift":"D","weight":3},{"day":33,"shift":"D","weight":3},{"day":40,"shift":"D","weight":1},{"day":41,"shift":"D","weight":1}],"offRequests":null},{"id":"AE","maxShifts":[0,12,42,19,0,0],"minTotalMinutes":10920,"maxTotalMinutes":11640,"minConsecutiveShifts":2,"maxConsecutiveShifts":6,"minConsecutiveDaysOff":3,"maxWeekends":3,"daysOff":[5,33,34,38],"onRequests":[{"day":0,"shift":"L","weight":3},{"day":1,"shift":"L","weight":3},{"day":2,"shift":"L","weight":3},{"day":3,"shift":"L","weight":3},{"day":8,"shift":"D","weight":3},{"day":9,"shift":"D","weight":3},{"day":10,"shift":"D","weight":3},{"day":28,"shift":"L","weight":2},{"day":29,"shift":"L","weight":2},{"day":30,"shift":"L","weight":2}],"offRequests":[{"day":18,"shift":"D","weight":3},{"day":19,"shift":"D","weight":3},{"day":20,"shift":"D","weight":3},{"day":21,"shift":"D","weight":3}]},{"id":"AF","maxShifts":[0,12,42,19,0,3],"minTotalMinutes":10920,"maxTotalMinutes":11640,"minConsecutiveShifts":2,"maxConsecutiveShifts":6,"minConsecutiveDaysOff":3,"maxWeekends":3,"daysOff":[20,21,22,23],"onRequests":[{"day":2,"shift":"n2","weight":2},{"day":15,"shift":"e2","weight":1},{"day":16,"shift":"e2","weight":1},{"day":17,"shift":"e2","weight":1},{"day":18,"shift":"e2","weight":1}],"offRequests":[{"day":9,"shift":"e2","weight":1},{"day":10,"shift":"e2","weight":1},{"day":11,"shift":"e2","weight":1},{"day":29,"shift":"n2","weight":3},{"day":30,"shift":"n2","weight":3},{"day":31,"shift":"n2","weight":3}]},{"id":"AG","maxShifts":[19,12,42,19,3,0],"minTotalMinutes":10920,"maxTotalMinutes":11640,"minConsecutiveShifts":2,"maxConsecutiveShifts":6,"minConsecutiveDaysOff":3,"maxWeekends":3,"daysOff":[1,6,7,11],"onRequests":[{"day":12,"shift":"e1","weight":1},{"day":13,"shift":"e1","weight":1},{"day":19,"shift":"D","weight":2},{"day":31,"shift":"D","weight":2},{"day":32,"shift":"D","weight":2},{"day":33,"shift":"D","weight":2},{"day":34,"shift":"D","weight":2},{"day":35,"shift":"D","weight":2}],"offRequests":[{"day":0,"shift":"e2","weight":2},{"day":27,"shift":"D","weight":2}]},{"id":"AH","maxShifts":[19,0,42,19,3,3],"minTotalMinutes":10920,"maxTotalMinutes":11640,"minConsecutiveShifts":2,"maxConsecutiveShifts":6,"minConsecutiveDaysOff":3,"maxWeekends":3,"daysOff":[15,16,21,34],"onRequests":[{"day":6,"shift":"n2","weight":1},{"day":17,"shift":"n1","weight":1},{"day":24,"shift":"e1","weight":3},{"day":25,"shift":"e1","weight":3},{"day":26,"shift":"e1","weight":3},{"day":27,"shift":"e1","weight":3},{"day":28,"shift":"e1","weight":3},{"day":35,"shift":"n2","weight":1},{"day":36,"shift":"n2","weight":1},{"day":37,"shift":"n2","weight":1},{"day":38,"shift":"n2","weight":1}],"offRequests":[{"day":0,"shift":"D","weight":3},{"day":1,"shift":"D","weight":3}]},{"id":"AI","maxShifts":[19,12,42,0,0,0],"minTotalMinutes":10920,"maxTotalMinutes":11640,"minConsecutiveShifts":2,"maxConsecutiveShifts":6,"minConsecutiveDaysOff":3,"maxWeekends":3,"daysOff":[1,24,25,26],"onRequests":[{"day":3,"shift":"e1","weight":2},{"day":4,"shift":"e1","weight":2},{"day":5,"shift":"e1","weight":2},{"day":6,"shift":"e1","weight":2},{"day":7,"shift":"e1","weight":2},{"day":11,"shift":"D","weight":2},{"day":12,"shift":"D","weight":2},{"day":13,"shift":"D","weight":2},{"day":14,"shift":"D","weight":2},{"day":36,"shift":"e1","weight":2},{"day":37,"shift":"e1","weight":2},{"day":38,"shift":"e1","weight":2}],"offRequests":[{"day":20,"shift":"e2","weight":1},{"day":21,"shift":"e2","weight":1},{"day":22,"shift":"e2","weight":1},{"day":23,"shift":"e2","weight":1}]},{"id":"AJ","maxShifts":[19,12,42,0,3,3],"minTotalMinutes":10920,"maxTotalMinutes":11640,"minConsecutiveShifts":2,"maxConsecutiveShifts":6,"minConsecutiveDaysOff":3,"maxWeekends":3,"daysOff":[0,34,35,36],"onRequests":[{"day":5,"shift":"e2","weight":2},{"day":6,"shift":"e2","weight":2},{"day":7,"shift":"e2","weight":2},{"day":8,"shift":"e2","weight":2},{"day":15,"shift":"n2","weight":3},{"day":16,"shift":"n2","weight":3},{"day":22,"shift":"n2","weight":2},{"day":23,"shift":"n2","weight":2},{"day":24,"shift":"n2","weight":2},{"day":25,"shift":"n2","weight":2}],"offRequests":null},{"id":"AK","maxShifts":[0,0,42,0,3,0],"minTotalMinutes":10920,"maxTotalMinutes":11640,"minConsecutiveShifts":2,"maxConsecutiveShifts":6,"minConsecutiveDaysOff":3,"maxWeekends":3,"daysOff":[6,30,31,32],"onRequests":[{"day":10,"shift":"D","weight":3},{"day":14,"shift":"n1","weight":1},{"day":18,"shift":"D","weight":3},{"day":19,"shift":"D","weight":3},{"day":36,"shift":"D","weight":1},{"day":37,"shift":"D","weight":1},{"day":38,"shift":"D","weight":1}],"offRequests":[{"day":0,"shift":"D","weight":1},{"day":1,"shift":"D","weight":1},{"day":2,"shift":"D","weight":1}]},{"id":"AL","maxShifts":[19,12,42,0,0,3],"minTotalMinutes":10920,"maxTotalMinutes":11640,"minConsecutiveShifts":2,"maxConsecutiveShifts":6,"minConsecutiveDaysOff":3,"maxWeekends":3,"daysOff":[19,20,21,26],"onRequests":[{"day":6,"shift":"D","weight":1},{"day":14,"shift":"e1","weight":2},{"day":15,"shift":"e1","weight":2},{"day":27,"shift":"n2","weight":3},{"day":28,"shift":"n2","weight":3},{"day":29,"shift":"n2","weight":3},{"day":30,"shift":"n2","weight":3},{"day":34,"shift":"e2","weight":2},{"day":35,"shift":"e2","weight":2},{"day":36,"shift":"e2","weight":2},{"day":37,"shift":"e2","weight":2},{"day":38,"shift":"e2","weight":2}],"offRequests":null},{"id":"AM","maxShifts":[0,12,42,0,3,3],"minTotalMinutes":10920,"maxTotalMinutes":11640,"minConsecutiveShifts":2,"maxConsecutiveShifts":6,"minConsecutiveDaysOff":3,"maxWeekends":3,"daysOff":[25,28,29,30],"onRequests":[{"day":19,"shift":"e2","weight":2},{"day":20,"shift":"e2","weight":2}],"offRequests":[{"day":7,"shift":"n2","weight":3},{"day":8,"shift":"n2","weight":3},{"day":9,"shift":"n2","weight":3},{"day":10,"shift":"n2","weight":3},{"day":11,"shift":"n2","weight":3},{"day":33,"shift":"n2","weight":1},{"day":34,"shift":"n2","weight":1},{"day":35,"shift":"n2","weight":1},{"day":36,"shift":"n2","weight":1}]},{"id":"AN","maxShifts":[0,0,42,19,3,3],"minTotalMinutes":10920,"maxTotalMinutes":11640,"minConsecutiveShifts":2,"maxConsecutiveShifts":6,"minConsecutiveDaysOff":3,"maxWeekends":3,"daysOff":[32,33,34,35],"onRequests":[{"day":40,"shift":"D","weight":3},{"day":41,"shift":"D","weight":3}],"offRequests":[{"day":16,"shift":"n1","weight":1},{"day":17,"shift":"n1","weight":1},{"day":18,"shift":"n1","weight":1}]},{"id":"AO","maxShifts":[12,8,42,12,2,2],"minTotalMinutes":7020,"maxTotalMinutes":7740,"minConsecutiveShifts":2,"maxConsecutiveShifts":5,"minConsecutiveDaysOff":2,"maxWeekends":4,"daysOff":[9,10,11,29],"onRequests":[{"day":3,"shift":"n1","weight":3},{"day":4,"shift":"n1","weight":3},{"day":5,"shift":"n1","weight":3},{"day":6,"shift":"n1","weight":3},{"day":31,"shift":"e1","weight":2},{"day":32,"shift":"e1","weight":2},{"day":33,"shift":"e1","weight":2}],"offRequests":[{"day":12,"shift":"e1","weight":3},{"day":13,"shift":"e1","weight":3},{"day":24,"shift":"e2","weight":1},{"day":25,"shift":"e2","weight":1}]},{"id":"AP","maxShifts":[0,8,42,12,2,2],"minTotalMinutes":7020,"maxTotalMinutes":7740,"minConsecutiveShifts":2,"maxConsecutiveShifts":5,"minConsecutiveDaysOff":2,"maxWeekends":4,"daysOff":[15,16,26,27],"onRequests":[{"day":0,"shift":"L","weight":1},{"day":1,"shift":"L","weight":1},{"day":2,"shift":"L","weight":1},{"day":3,"shift":"L","weight":1},{"day":4,"shift":"L","weight":1},{"day":25,"shift":"n2","weight":1},{"day":32,"shift":"L","weight":1},{"day":33,"shift":"L","weight":1},{"day":34,"shift":"L","weight":1},{"day":35,"shift":"L","weight":1},{"day":40,"shift":"L","weight":1},{"day":41,"shift":"L","weight":1}],"offRequests":[{"day":9,"shift":"n2","weight":2}]},{"id":"AQ","maxShifts":[12,0,42,0,2,2],"minTotalMinutes":7020,"maxTotalMinutes":7740,"minConsecutiveShifts":2,"maxConsecutiveShifts":5,"minConsecutiveDaysOff":2,"maxWeekends":4,"daysOff":[3,23,31,32],"onRequests":[{"day":5,"shift":"D","weight":3},{"day":6,"shift":"D","weight":3},{"day":7,"shift":"D","weight":3},{"day":8,"shift":"D","weight":3},{"day":9,"shift":"D","weight":3},{"day":16,"shift":"n2","weight":3}],"offRequests":[{"day":41,"shift":"n2","weight":1}]},{"id":"AR","maxShifts":[11,7,42,11,2,0],"minTotalMinutes":6360,"maxTotalMinutes":7080,"minConsecutiveShifts":1,"maxConsecutiveShifts":5,"minConsecutiveDaysOff":2,"maxWeekends":1,"daysOff":[1,13,14,16],"onRequests":[{"day":17,"shift":"e1","weight":1},{"day":24,"shift":"e2","weight":2},{"day":25,"shift":"e2","weight":2},{"day":26,"shift":"e2","weight":2},{"day":27,"shift":"e2","weight":2},{"day":32,"shift":"n1","weight":3},{"day":33,"shift":"n1","weight":3},{"day":34,"shift":"n1","weight":3},{"day":35,"shift":"n1","weight":3},{"day":36,"shift":"n1","weight":3},{"day":41,"shift":"n1","weight":1}],"offRequests":null},{"id":"AS","maxShifts":[0,7,42,0,2,0],"minTotalMinutes":6360,"maxTotalMinutes":7080,"minConsecutiveShifts":1,"maxConsecutiveShifts":5,"minConsecutiveDaysOff":2,"maxWeekends":1,"daysOff":[16,22,23,26],"onRequests":[{"day":3,"shift":"n1","weight":1},{"day":4,"shift":"n1","weight":1},{"day":5,"shift":"n1","weight":1},{"day":6,"shift":"n1","weight":1},{"day":7,"shift":"n1","weight":1},{"day":28,"shift":"D","weight":3},{"day":29,"shift":"D","weight":3},{"day":30,"shift":"D","weight":3}],"offRequests":[{"day":11,"shift":"n1","weight":2},{"day":12,"shift":"n1","weight":2},{"day":13,"shift":"n1","weight":2},{"day":14,"shift":"n1","weight":2},{"day":35,"shift":"n1","weight":1},{"day":36,"shift":"n1","weight":1},{"day":37,"shift":"n1","weight":1}]}],"covers":[[{"requirement":8,"weightIfUnder":100,"weightIfOver":1},{"requirement":7,"weightIfUnder":100,"weightIfOver":1},{"requirement":9,"weightIfUnder":100,"weightIfOver":1},{"requirement":8,"weightIfUnder":100,"weightIfOver":1},{"requirement":4,"weightIfUnder":100,"weightIfOver":1},{"requirement":3,"weightIfUnder":100,"weightIfOver":1}],[{"requirement":8,"weightIfUnder":100,"weightIfOver":1},{"requirement":4,"weightIfUnder":100,"weightIfOver":1},{"requirement":8,"weightIfUnder":100,"weightIfOver":1},{"requirement":8,"weightIfUnder":100,"weightIfOver":1},{"requirement":2,"weightIfUnder":100,"weightIfOver":1},{"requirement":2,"weightIfUnder":100,"weightIfOver":1}],[{"requirement":7,"weightIfUnder":100,"weightIfOver":1},{"requirement":5,"weightIfUnder":100,"weightIfOver":1},{"requirement":7,"weightIfUnder":100,"weightIfOver":1},{"requirement":7,"weightIfUnder":100,"weightIfOver":1},{"requirement":3,"weightIfUnder":100,"weightIfOver":1},{"requirement":3,"weightIfUnder":100,"weightIfOver":1}],[{"requirement":7,"weightIfUnder":100,"weightIfOver":1},{"requirement":4,"weightIfUnder":100,"weightIfOver":1},{"requirement":7,"weightIfUnder":100,"weightIfOver":1},{"requirement":7,"weightIfUnder":100,"weightIfOver":1},{"requirement":4,"weightIfUnder":100,"weightIfOver":1},{"requirement":3,"weightIfUnder":100,"weightIfOver":1}],[{"requirement":9,"weightIfUnder":100,"weightIfOver":1},{"requirement":5,"weightIfUnder":100,"weightIfOver":1},{"requirement":7,"weightIfUnder":100,"weightIfOver":1},{"requirement":6,"weightIfUnder":100,"weightIfOver":1},{"requirement":4,"weightIfUnder":100,"weightIfOver":1},{"requirement":3,"weightIfUnder":100,"weightIfOver":1}],[{"requirement":9,"weightIfUnder":100,"weightIfOver":1},{"requirement":5,"weightIfUnder":100,"weightIfOver":1},{"requirement":9,"weightIfUnder":100,"weightIfOver":1},{"requirement":7,"weightIfUnder":100,"weightIfOver":1},{"requirement":3,"weightIfUnder":100,"weightIfOver":1},{"requirement":3,"weightIfUnder":100,"weightIfOver":1}],[{"requirement":8,"weightIfUnder":100,"weightIfOver":1},{"requirement":7,"weightIfUnder":100,"weightIfOver":1},{"requirement":7,"weightIfUnder":100,"weightIfOver":1},{"requirement":6,"weightIfUnder":100,"weightIfOver":1},{"requirement":3,"weightIfUnder":100,"weightIfOver":1},{"requirement":3,"weightIfUnder":100,"weightIfOver":1}],[{"requirement":8,"weightIfUnder":100,"weightIfOver":1},{"requirement":4,"weightIfUnder":100,"weightIfOver":1},{"requirement":9,"weightIfUnder":100,"weightIfOver":1},{"requirement":7,"weightIfUnder":100,"weightIfOver":1},{"requirement":4,"weightIfUnder":100,"weightIfOver":1},{"requirement":3,"weightIfUnder":100,"weightIfOver":1}],[{"requirement":8,"weightIfUnder":100,"weightIfOver":1},{"requirement":4,"weightIfUnder":100,"weightIfOver":1},{"requirement":6,"weightIfUnder":100,"weightIfOver":1},{"requirement":5,"weightIfUnder":100,"weightIfOver":1},{"requirement":4,"weightIfUnder":100,"weightIfOver":1},{"requirement":4,"weightIfUnder":100,"weightIfOver":1}],[{"requirement":5,"weightIfUnder":100,"weightIfOver":1},{"requirement":4,"weightIfUnder":100,"weightIfOver":1},{"requirement":7,"weightIfUnder":100,"weightIfOver":1},{"requirement":8,"weightIfUnder":100,"weightIfOver":1},{"requirement":4,"weightIfUnder":100,"weightIfOver":1},{"requirement":3,"weightIfUnder":100,"weightIfOver":1}],[{"requirement":7,"weightIfUnder":100,"weightIfOver":1},{"requirement":2,"weightIfUnder":100,"weightIfOver":1},{"requirement":6,"weightIfUnder":100,"weightIfOver":1},{"requirement":5,"weightIfUnder":100,"weightIfOver":1},{"requirement":4,"weightIfUnder":100,"weightIfOver":1},{"requirement":2,"weightIfUnder":100,"weightIfOver":1}],[{"requirement":6,"weightIfUnder":100,"weightIfOver":1},{"requirement":2,"weightIfUnder":100,"weightIfOver":1},{"requirement":5,"weightIfUnder":100,"weightIfOver":1},{"requirement":6,"weightIfUnder":100,"weightIfOver":1},{"requirement":3,"weightIfUnder":100,"weightIfOver":1},{"requirement":3,"weightIfUnder":100,"weightIfOver":1}],[{"requirement":5,"weightIfUnder":100,"weightIfOver":1},{"requirement":4,"weightIfUnder":100,"weightIfOver":1},{"requirement":6,"weightIfUnder":100,"weightIfOver":1},{"requirement":8,"weightIfUnder":100,"weightIfOver":1},{"requirement":3,"weightIfUnder":100,"weightIfOver":1},{"requirement":3,"weightIfUnder":100,"weightIfOver":1}],[{"requirement":7,"weightIfUnder":100,"weightIfOver":1},{"requirement":3,"weightIfUnder":100,"weightIfOver":1},{"requirement":5,"weightIfUnder":100,"weightIfOver":1},{"requirement":7,"weightIfUnder":100,"weightIfOver":1},{"requirement":2,"weightIfUnder":100,"weightIfOver":1},{"requirement":3,"weightIfUnder":100,"weightIfOver":1}],[{"requirement":4,"weightIfUnder":100,"weightIfOver":1},{"requirement":4,"weightIfUnder":100,"weightIfOver":1},{"requirement":7,"weightIfUnder":100,"weightIfOver":1},{"requirement":4,"weightIfUnder":100,"weightIfOver":1},{"requirement":3,"weightIfUnder":100,"weightIfOver":1},{"requirement":3,"weightIfUnder":100,"weightIfOver":1}],[{"requirement":6,"weightIfUnder":100,"weightIfOver":1},{"requirement":3,"weightIfUnder":100,"weightIfOver":1},{"requirement":6,"weightIfUnder":100,"weightIfOver":1},{"requirement":5,"weightIfUnder":100,"weightIfOver":1},{"requirement":3,"weightIfUnder":100,"weightIfOver":1},{"requirement":2,"weightIfUnder":100,"weightIfOver":1}],[{"requirement":8,"weightIfUnder":100,"weightIfOver":1},{"requirement":5,"weightIfUnder":100,"weightIfOver":1},{"requirement":6,"weightIfUnder":100,"weightIfOver":1},{"requirement":6,"weightIfUnder":100,"weightIfOver":1},{"requirement":3,"weightIfUnder":100,"weightIfOver":1},{"requirement":3,"weightIfUnder":100,"weightIfOver":1}],[{"requirement":7,"weightIfUnder":100,"weightIfOver":1},{"requirement":4,"weightIfUnder":100,"weightIfOver":1},{"requirement":6,"weightIfUnder":100,"weightIfOver":1},{"requirement":7,"weightIfUnder":100,"weightIfOver":1},{"requirement":2,"weightIfUnder":100,"weightIfOver":1},{"requirement":3,"weightIfUnder":100,"weightIfOver":1}],[{"requirement":8,"weightIfUnder":100,"weightIfOver":1},{"requirement":4,"weightIfUnder":100,"weightIfOver":1},{"requirement":7,"weightIfUnder":100,"weightIfOver":1},{"requirement":5,"weightIfUnder":100,"weightIfOver":1},{"requirement":3,"weightIfUnder":100,"weightIfOver":1},{"requirement":4,"weightIfUnder":100,"weightIfOver":1}],[{"requirement":6,"weightIfUnder":100,"weightIfOver":1},{"requirement":2,"weightIfUnder":100,"weightIfOver":1},{"requirement":6,"weightIfUnder":100,"weightIfOver":1},{"requirement":6,"weightIfUnder":100,"weightIfOver":1},{"requirement":3,"weightIfUnder":100,"weightIfOver":1},{"requirement":2,"weightIfUnder":100,"weightIfOver":1}],[{"requirement":5,"weightIfUnder":100,"weightIfOver":1},{"requirement":4,"weightIfUnder":100,"weightIfOver":1},{"requirement":6,"weightIfUnder":100,"weightIfOver":1},{"requirement":5,"weightIfUnder":100,"weightIfOver":1},{"requirement":3,"weightIfUnder":100,"weightIfOver":1},{"requirement":1,"weightIfUnder":100,"weightIfOver":1}],[{"requirement":3,"weightIfUnder":100,"weightIfOver":1},{"requirement":4,"weightIfUnder":100,"weightIfOver":1},{"requirement":5,"weightIfUnder":100,"weightIfOver":1},{"requirement":7,"weightIfUnder":100,"weightIfOver":1},{"requirement":3,"weightIfUnder":100,"weightIfOver":1},{"requirement":1,"weightIfUnder":100,"weightIfOver":1}],[{"requirement":5,"weightIfUnder":100,"weightIfOver":1},{"requirement":3,"weightIfUnder":100,"weightIfOver":1},{"requirement":3,"weightIfUnder":100,"weightIfOver":1},{"requirement":5,"weightIfUnder":100,"weightIfOver":1},{"requirement":3,"weightIfUnder":100,"weightIfOver":1},{"requirement":4,"weightIfUnder":100,"weightIfOver":1}],[{"requirement":6,"weightIfUnder":100,"weightIfOver":1},{"requirement":3,"weightIfUnder":100,"weightIfOver":1},{"requirement":5,"weightIfUnder":100,"weightIfOver":1},{"requirement":5,"weightIfUnder":100,"weightIfOver":1},{"requirement":4,"weightIfUnder":100,"weightIfOver":1},{"requirement":2,"weightIfUnder":100,"weightIfOver":1}],[{"requirement":4,"weightIfUnder":100,"weightIfOver":1},{"requirement":3,"weightIfUnder":100,"weightIfOver":1},{"requirement":5,"weightIfUnder":100,"weightIfOver":1},{"requirement":4,"weightIfUnder":100,"weightIfOver":1},{"requirement":3,"weightIfUnder":100,"weightIfOver":1},{"requirement":3,"weightIfUnder":100,"weightIfOver":1}],[{"requirement":4,"weightIfUnder":100,"weightIfOver":1},{"requirement":3,"weightIfUnder":100,"weightIfOver":1},{"requirement":3,"weightIfUnder":100,"weightIfOver":1},{"requirement":5,"weightIfUnder":100,"weightIfOver":1},{"requirement":2,"weightIfUnder":100,"weightIfOver":1},{"requirement":2,"weightIfUnder":100,"weightIfOver":1}],[{"requirement":3,"weightIfUnder":100,"weightIfOver":1},{"requirement":4,"weightIfUnder":100,"weightIfOver":1},{"requirement":3,"weightIfUnder":100,"weightIfOver":1},{"requirement":4,"weightIfUnder":100,"weightIfOver":1},{"requirement":2,"weightIfUnder":100,"weightIfOver":1},{"requirement":1,"weightIfUnder":100,"weightIfOver":1}],[{"requirement":4,"weightIfUnder":100,"weightIfOver":1},{"requirement":3,"weightIfUnder":100,"weightIfOver":1},{"requirement":4,"weightIfUnder":100,"weightIfOver":1},{"requirement":3,"weightIfUnder":100,"weightIfOver":1},{"requirement":1,"weightIfUnder":100,"weightIfOver":1},{"requirement":2,"weightIfUnder":100,"weightIfOver":1}],[{"requirement":3,"weightIfUnder":100,"weightIfOver":1},{"requirement":3,"weightIfUnder":100,"weightIfOver":1},{"requirement":4,"weightIfUnder":100,"weightIfOver":1},{"requirement":4,"weightIfUnder":100,"weightIfOver":1},{"requirement":2,"weightIfUnder":100,"weightIfOver":1},{"requirement":2,"weightIfUnder":100,"weightIfOver":1}],[{"requirement":2,"weightIfUnder":100,"weightIfOver":1},{"requirement":2,"weightIfUnder":100,"weightIfOver":1},{"requirement":5,"weightIfUnder":100,"weightIfOver":1},{"requirement":3,"weightIfUnder":100,"weightIfOver":1},{"requirement":1,"weightIfUnder":100,"weightIfOver":1},{"requirement":2,"weightIfUnder":100,"weightIfOver":1}],[{"requirement":2,"weightIfUnder":100,"weightIfOver":1},{"requirement":2,"weightIfUnder":100,"weightIfOver":1},{"requirement":4,"weightIfUnder":100,"weightIfOver":1},{"requirement":4,"weightIfUnder":100,"weightIfOver":1},{"requirement":1,"weightIfUnder":100,"weightIfOver":1},{"requirement":2,"weightIfUnder":100,"weightIfOver":1}],[{"requirement":4,"weightIfUnder":100,"weightIfOver":1},{"requirement":3,"weightIfUnder":100,"weightIfOver":1},{"requirement":4,"weightIfUnder":100,"weightIfOver":1},{"requirement":2,"weightIfUnder":100,"weightIfOver":1},{"requirement":1,"weightIfUnder":100,"weightIfOver":1},{"requirement":3,"weightIfUnder":100,"weightIfOver":1}],[{"requirement":3,"weightIfUnder":100,"weightIfOver":1},{"requirement":1,"weightIfUnder":100,"weightIfOver":1},{"requirement":4,"weightIfUnder":100,"weightIfOver":1},{"requirement":3,"weightIfUnder":100,"weightIfOver":1},{"requirement":1,"weightIfUnder":100,"weightIfOver":1},{"requirement":2,"weightIfUnder":100,"weightIfOver":1}],[{"requirement":4,"weightIfUnder":100,"weightIfOver":1},{"requirement":1,"weightIfUnder":100,"weightIfOver":1},{"requirement":3,"weightIfUnder":100,"weightIfOver":1},{"requirement":3,"weightIfUnder":100,"weightIfOver":1},{"requirement":3,"weightIfUnder":100,"weightIfOver":1},{"requirement":0,"weightIfUnder":100,"weightIfOver":1}],[{"requirement":4,"weightIfUnder":100,"weightIfOver":1},{"requirement":2,"weightIfUnder":100,"weightIfOver":1},{"requirement":3,"weightIfUnder":100,"weightIfOver":1},{"requirement":3,"weightIfUnder":100,"weightIfOver":1},{"requirement":2,"weightIfUnder":100,"weightIfOver":1},{"requirement":3,"weightIfUnder":100,"weightIfOver":1}],[{"requirement":1,"weightIfUnder":100,"weightIfOver":1},{"requirement":3,"weightIfUnder":100,"weightIfOver":1},{"requirement":2,"weightIfUnder":100,"weightIfOver":1},{"requirement":2,"weightIfUnder":100,"weightIfOver":1},{"requirement":2,"weightIfUnder":100,"weightIfOver":1},{"requirement":1,"weightIfUnder":100,"weightIfOver":1}],[{"requirement":1,"weightIfUnder":100,"weightIfOver":1},{"requirement":0,"weightIfUnder":100,"weightIfOver":1},{"requirement":2,"weightIfUnder":100,"weightIfOver":1},{"requirement":1,"weightIfUnder":100,"weightIfOver":1},{"requirement":1,"weightIfUnder":100,"weightIfOver":1},{"requirement":1,"weightIfUnder":100,"weightIfOver":1}],[{"requirement":1,"weightIfUnder":100,"weightIfOver":1},{"requirement":0,"weightIfUnder":100,"weightIfOver":1},{"requirement":2,"weightIfUnder":100,"weightIfOver":1},{"requirement":1,"weightIfUnder":100,"weightIfOver":1},{"requirement":0,"weightIfUnder":100,"weightIfOver":1},{"requirement":2,"weightIfUnder":100,"weightIfOver":1}],[{"requirement":3,"weightIfUnder":100,"weightIfOver":1},{"requirement":2,"weightIfUnder":100,"weightIfOver":1},{"requirement":2,"weightIfUnder":100,"weightIfOver":1},{"requirement":2,"weightIfUnder":100,"weightIfOver":1},{"requirement":1,"weightIfUnder":100,"weightIfOver":1},{"requirement":1,"weightIfUnder":100,"weightIfOver":1}],[{"requirement":4,"weightIfUnder":100,"weightIfOver":1},{"requirement":0,"weightIfUnder":100,"weightIfOver":1},{"requirement":1,"weightIfUnder":100,"weightIfOver":1},{"requirement":1,"weightIfUnder":100,"weightIfOver":1},{"requirement":3,"weightIfUnder":100,"weightIfOver":1},{"requirement":1,"weightIfUnder":100,"weightIfOver":1}],[{"requirement":0,"weightIfUnder":100,"weightIfOver":1},{"requirement":1,"weightIfUnder":100,"weightIfOver":1},{"requirement":2,"weightIfUnder":100,"weightIfOver":1},{"requirement":1,"weightIfUnder":100,"weightIfOver":1},{"requirement":0,"weightIfUnder":100,"weightIfOver":1},{"requirement":0,"weightIfUnder":100,"weightIfOver":1}],[{"requirement":1,"weightIfUnder":100,"weightIfOver":1},{"requirement":1,"weightIfUnder":100,"weightIfOver":1},{"requirement":0,"weightIfUnder":100,"weightIfOver":1},{"requirement":1,"weightIfUnder":100,"weightIfOver":1},{"requirement":1,"weightIfUnder":100,"weightIfOver":1},{"requirement":0,"weightIfUnder":100,"weightIfOver":1}]]}