{"nDays":14,"shifts":[{"id":"E","length":480,"forbiddenFollowingShifts":null},{"id":"L","length":480,"forbiddenFollowingShifts":["E"]}],"staffs":[{"id":"A","maxShifts":[14,14],"minTotalMinutes":3360,"maxTotalMinutes":4320,"minConsecutiveShifts":2,"maxConsecutiveShifts":5,"minConsecutiveDaysOff":2,"maxWeekends":1,"daysOff":[3],"onRequests":[{"day":5,"shift":"L","weight":1},{"day":6,"shift":"L","weight":1},{"day":7,"shift":"L","weight":1},{"day":8,"shift":"L","weight":1},{"day":9,"shift":"L","weight":1}],"offRequests":null},{"id":"B","maxShifts":[14,14],"minTotalMinutes":3360,"maxTotalMinutes":4320,"minConsecutiveShifts":2,"maxConsecutiveShifts":5,"minConsecutiveDaysOff":2,"maxWeekends":1,"daysOff":[1],"onRequests":[{"day":7,"shift":"E","weight":1},{"day":8,"shift":"E","weight":1},{"day":9,"shift":"E","weight":1},{"day":10,"shift":"E","weight":1}],"offRequests":null},{"id":"C","maxShifts":[14,14],"minTotalMinutes":3360,"maxTotalMinutes":4320,"minConsecutiveShifts":2,"maxConsecutiveShifts":5,"minConsecutiveDaysOff":2,"maxWeekends":1,"daysOff":[2],"onRequests":[{"day":8,"shift":"E","weight":1},{"day":9,"shift":"E","weight":1},{"day":10,"shift":"E","weight":1},{"day":11,"shift":"E","weight":1}],"offRequests":null},{"id":"D","maxShifts":[14,0],"minTotalMinutes":3360,"maxTotalMinutes":4320,"minConsecutiveShifts":2,"maxConsecutiveShifts":5,"minConsecutiveDaysOff":2,"maxWeekends":1,"daysOff":[12],"onRequests":[{"day":1,"shift":"E","weight":1},{"day":2,"shift":"E","weight":1},{"day":3,"shift":"E","weight":1}],"offRequests":null},{"id":"E","maxShifts":[0,14],"minTotalMinutes":3360,"maxTotalMinutes":4320,"minConsecutiveShifts":2,"maxConsecutiveShifts":5,"minConsecutiveDaysOff":2,"maxWeekends":1,"daysOff":[1],"onRequests":[{"day":3,"shift":"L","weight":1},{"day":4,"shift":"L","weight":1},{"day":5,"shift":"L","weight":1},{"day":6,"shift":"L","weight":1},{"day":7,"shift":"L","weight":1},{"day":12,"shift":"L","weight":2},{"day":13,"shift":"L","weight":2}],"offRequests":null},{"id":"F","maxShifts":[14,14],"minTotalMinutes":3360,"maxTotalMinutes":4320,"minConsecutiveShifts":2,"maxConsecutiveShifts":5,"minConsecutiveDaysOff":2,"maxWeekends":1,"daysOff":[13],"onRequests":[{"day":3,"shift":"L","weight":3},{"day":4,"shift":"L","weight":3},{"day":5,"shift":"L","weight":3}],"offRequests":null},{"id":"G","maxShifts":[14,14],"minTotalMinutes":3360,"maxTotalMinutes":4320,"minConsecutiveShifts":2,"maxConsecutiveShifts":5,"minConsecutiveDaysOff":2,"maxWeekends":1,"daysOff":[9],"onRequests":null,"offRequests":[{"day":3,"shift":"E","weight":2},{"day":4,"shift":"E","weight":2},{"day":5,"shift":"E","weight":2},{"day":6,"shift":"E","weight":2},{"day":7,"shift":"E","weight":2}]},{"id":"H","maxShifts":[14,14],"minTotalMinutes":3360,"maxTotalMinutes":4320,"minConsecutiveShifts":2,"maxConsecutiveShifts":5,"minConsecutiveDaysOff":2,"maxWeekends":1,"daysOff":[3],"onRequests":null,"offRequests":[{"day":1,"shift":"L","weight":2}]},{"id":"I","maxShifts":[14,14],"minTotalMinutes":3360,"maxTotalMinutes":4320,"minConsecutiveShifts":2,"maxConsecutiveShifts":5,"minConsecutiveDaysOff":2,"maxWeekends":1,"daysOff":[0],"onRequests":[{"day":2,"shift":"L","weight":3},{"day":3,"shift":"L","weight":3},{"day":12,"shift":"E","weight":2}],"offRequests":null},{"id":"J","maxShifts":[14,14],"minTotalMinutes":3360,"maxTotalMinutes":4320,"minConsecutiveShifts":2,"maxConsecutiveShifts":5,"minConsecutiveDaysOff":2,"maxWeekends":1,"daysOff":[8],"onRequests":[{"day":11,"shift":"L","weight":3}],"offRequests":[{"day":1,"shift":"E","weight":1},{"day":2,"shift":"E","weight":1},{"day":3,"shift":"E","weight":1},{"day":4,"shift":"E","weight":1},{"day":5,"shift":"E","weight":1}]},{"id":"K","maxShifts":[0,14],"minTotalMinutes":1200,"maxTotalMinutes":2160,"minConsecutiveShifts":1,"maxConsecutiveShifts":5,"minConsecutiveDaysOff":1,"maxWeekends":1,"daysOff":[5],"onRequests":[{"day":7,"shift":"L","weight":1},{"day":8,"shift":"L","weight":1},{"day":9,"shift":"L","weight":1}],"offRequests":null},{"id":"L","maxShifts":[0,14],"minTotalMinutes":1200,"maxTotalMinutes":2160,"minConsecutiveShifts":1,"maxConsecutiveShifts":5,"minConsecutiveDaysOff":1,"maxWeekends":1,"daysOff":[2],"onRequests":[{"day":3,"shift":"L","weight":1},{"day":4,"shift":"L","weight":1},{"day":10,"shift":"L","weight":3},{"day":11,"shift":"L","weight":3},{"day":12,"shift":"L","weight":3},{"day":13,"shift":"L","weight":3}],"offRequests":null},{"id":"M","maxShifts":[14,14],"minTotalMinutes":1200,"maxTotalMinutes":2160,"minConsecutiveShifts":1,"maxConsecutiveShifts":5,"minConsecutiveDaysOff":1,"maxWeekends":1,"daysOff":[8],"onRequests":[{"day":3,"shift":"L","weight":1},{"day":4,"shift":"L","weight":1},{"day":5,"shift":"L","weight":1},{"day":6,"shift":"L","weight":1},{"day":7,"shift":"L","weight":1}],"offRequests":[{"day":11,"shift":"L","weight":1}]},{"id":"N","maxShifts":[14,14],"minTotalMinutes":1200,"maxTotalMinutes":2160,"minConsecutiveShifts":1,"maxConsecutiveShifts":5,"minConsecutiveDaysOff":1,"maxWeekends":1,"daysOff":[6],"onRequests":[{"day":0,"shift":"E","weight":2},{"day":1,"shift":"E","weight":2},{"day":2,"shift":"E","weight":2},{"day":8,"shift":"E","weight":3},{"day":9,"shift":"E","weight":3},{"day":10,"shift":"E","weight":3}],"offRequests":null}],"covers":[[{"requirement":4,"weightIfUnder":100,"weightIfOver":1},{"requirement":4,"weightIfUnder":100,"weightIfOver":1}],[{"requirement":4,"weightIfUnder":100,"weightIfOver":1},{"requirement":3,"weightIfUnder":100,"weightIfOver":1}],[{"requirement":3,"weightIfUnder":100,"weightIfOver":1},{"requirement":6,"weightIfUnder":100,"weightIfOver":1}],[{"requirement":5,"weightIfUnder":100,"weightIfOver":1},{"requirement":4,"weightIfUnder":100,"weightIfOver":1}],[{"requirement":3,"weightIfUnder":100,"weightIfOver":1},{"requirement":4,"weightIfUnder":100,"weightIfOver":1}],[{"requirement":5,"weightIfUnder":100,"weightIfOver":1},{"requirement":5,"weightIfUnder":100,"weightIfOver":1}],[{"requirement":5,"weightIfUnder":100,"weightIfOver":1},{"requirement":5,"weightIfUnder":100,"weightIfOver":1}],[{"requirement":3,"weightIfUnder":100,"weightIfOver":1},{"requirement":2,"weightIfUnder":100,"weightIfOver":1}],[{"requirement":4,"weightIfUnder":100,"weightIfOver":1},{"requirement":4,"weightIfUnder":100,"weightIfOver":1}],[{"requirement":4,"weightIfUnder":100,"weightIfOver":1},{"requirement":4,"weightIfUnder":100,"weightIfOver":1}],[{"requirement":4,"weightIfUnder":100,"weightIfOver":1},{"requirement":3,"weightIfUnder":100,"weightIfOver":1}],[{"requirement":2,"weightIfUnder":100,"weightIfOver":1},{"requirement":3,"weightIfUnder":100,"weightIfOver":1}],[{"requirement":4,"weightIfUnder":100,"weightIfOver":1},{"requirement":3,"weightIfUnder":100,"weightIfOver":1}],[{"requirement":3,"weightIfUnder":100,"weightIfOver":1},{"requirement":5,"weightIfUnder":100,"weightIfOver":1}]]}