{"nDays":28,"shifts":[{"id":"E","length":480,"forbiddenFollowingShifts":null},{"id":"D","length":480,"forbiddenFollowingShifts":["E"]},{"id":"L","length":480,"forbiddenFollowingShifts":["E","D"]}],"staffs":[{"id":"A","maxShifts":[28,28,0],"minTotalMinutes":7560,"maxTotalMinutes":8640,"minConsecutiveShifts":2,"maxConsecutiveShifts":5,"minConsecutiveDaysOff":2,"maxWeekends":2,"daysOff":[15,16],"onRequests":[{"day":2,"shift":"D","weight":2},{"day":3,"shift":"D","weight":2},{"day":17,"shift":"E","weight":1},{"day":25,"shift":"E","weight":3}],"offRequests":null},{"id":"B","maxShifts":[28,28,0],"minTotalMinutes":7560,"maxTotalMinutes":8640,"minConsecutiveShifts":2,"maxConsecutiveShifts":5,"minConsecutiveDaysOff":2,"maxWeekends":2,"daysOff":[11,12],"onRequests":null,"offRequests":[{"day":2,"shift":"D","weight":2},{"day":6,"shift":"E","weight":1},{"day":7,"shift":"E","weight":1},{"day":8,"shift":"E","weight":1},{"day":9,"shift":"E","weight":1},{"day":13,"shift":"D","weight":2},{"day":14,"shift":"D","weight":2},{"day":15,"shift":"D","weight":2},{"day":16,"shift":"D","weight":2},{"day":17,"shift":"D","weight":2}]},{"id":"C","maxShifts":[28,28,9],"minTotalMinutes":7560,"maxTotalMinutes":8640,"minConsecutiveShifts":2,"maxConsecutiveShifts":5,"minConsecutiveDaysOff":2,"maxWeekends":2,"daysOff":[1,6],"onRequests":[{"day":13,"shift":"D","weight":3},{"day":14,"shift":"D","weight":3},{"day":15,"shift":"D","weight":3},{"day":20,"shift":"E","weight":1},{"day":21,"shift":"E","weight":1}],"offRequests":null},{"id":"D","maxShifts":[28,0,0],"minTotalMinutes":7560,"maxTotalMinutes":8640,"minConsecutiveShifts":2,"maxConsecutiveShifts":5,"minConsecutiveDaysOff":2,"maxWeekends":2,"daysOff":[21,22],"onRequests":[{"day":8,"shift":"E","weight":3},{"day":9,"shift":"E","weight":3},{"day":10,"shift":"E","weight":3},{"day":16,"shift":"E","weight":1},{"day":17,"shift":"E","weight":1},{"day":18,"shift":"E","weight":1},{"day":19,"shift":"E","weight":1},{"day":20,"shift":"E","weight":1}],"offRequests":[{"day":2,"shift":"E","weight":2},{"day":3,"shift":"E","weight":2},{"day":4,"shift":"E","weight":2}]},{"id":"E","maxShifts":[28,28,9],"minTotalMinutes":7560,"maxTotalMinutes":8640,"minConsecutiveShifts":2,"maxConsecutiveShifts":5,"minConsecutiveDaysOff":2,"maxWeekends":2,"daysOff":[13,14],"onRequests":[{"day":0,"shift":"L","weight":1},{"day":1,"shift":"L","weight":1},{"day":2,"shift":"L","weight":1},{"day":3,"shift":"L","weight":1},{"day":7,"shift":"L","weight":3},{"day":8,"shift":"L","weight":3},{"day":9,"shift":"L","weight":3},{"day":15,"shift":"E","weight":3},{"day":23,"shift":"L","weight":1},{"day":24,"shift":"L","weight":1},{"day":25,"shift":"L","weight":1}],"offRequests":null},{"id":"F","maxShifts":[28,0,9],"minTotalMinutes":7560,"maxTotalMinutes":8640,"minConsecutiveShifts":2,"maxConsecutiveShifts":5,"minConsecutiveDaysOff":2,"maxWeekends":2,"daysOff":[9,10],"onRequests":[{"day":0,"shift":"L","weight":3},{"day":1,"shift":"L","weight":3},{"day":8,"shift":"L","weight":2}],"offRequests":[{"day":23,"shift":"L","weight":3},{"day":24,"shift":"L","weight":3}]},{"id":"G","maxShifts":[28,0,0],"minTotalMinutes":7560,"maxTotalMinutes":8640,"minConsecutiveShifts":2,"maxConsecutiveShifts":5,"minConsecutiveDaysOff":2,"maxWeekends":2,"daysOff":[26,27],"onRequests":null,"offRequests":[{"day":2,"shift":"E","weight":2},{"day":3,"shift":"E","weight":2},{"day":7,"shift":"E","weight":3},{"day":8,"shift":"E","weight":3},{"day":9,"shift":"E","weight":3},{"day":10,"shift":"E","weight":3},{"day":14,"shift":"E","weight":2},{"day":15,"shift":"E","weight":2},{"day":16,"shift":"E","weight":2},{"day":17,"shift":"E","weight":2},{"day":18,"shift":"E","weight":2}]},{"id":"H","maxShifts":[28,28,9],"minTotalMinutes":7560,"maxTotalMinutes":8640,"minConsecutiveShifts":2,"maxConsecutiveShifts":5,"minConsecutiveDaysOff":2,"maxWeekends":2,"daysOff":[14,23],"onRequests":[{"day":16,"shift":"D","weight":1},{"day":17,"shift":"D","weight":1},{"day":18,"shift":"D","weight":1},{"day":19,"shift":"D","weight":1}],"offRequests":[{"day":1,"shift":"D","weight":2},{"day":2,"shift":"D","weight":2}]},{"id":"I","maxShifts":[28,28,0],"minTotalMinutes":7560,"maxTotalMinutes":8640,"minConsecutiveShifts":2,"maxConsecutiveShifts":5,"minConsecutiveDaysOff":2,"maxWeekends":2,"daysOff":[11,12],"onRequests":[{"day":19,"shift":"E","weight":2},{"day":20,"shift":"E","weight":2},{"day":21,"shift":"E","weight":2},{"day":22,"shift":"E","weight":2}],"offRequests":[{"day":3,"shift":"E","weight":1},{"day":4,"shift":"E","weight":1},{"day":5,"shift":"E","weight":1}]},{"id":"J","maxShifts":[28,28,9],"minTotalMinutes":7560,"maxTotalMinutes":8640,"minConsecutiveShifts":2,"maxConsecutiveShifts":5,"minConsecutiveDaysOff":2,"maxWeekends":2,"daysOff":[7,15],"onRequests":[{"day":26,"shift":"E","weight":3}],"offRequests":[{"day":0,"shift":"E","weight":1},{"day":1,"shift":"E","weight":1},{"day":2,"shift":"E","weight":1},{"day":3,"shift":"E","weight":1},{"day":4,"shift":"E","weight":1},{"day":16,"shift":"E","weight":1},{"day":17,"shift":"E","weight":1},{"day":18,"shift":"E","weight":1}]},{"id":"K","maxShifts":[28,28,9],"minTotalMinutes":7560,"maxTotalMinutes":8640,"minConsecutiveShifts":2,"maxConsecutiveShifts":6,"minConsecutiveDaysOff":3,"maxWeekends":2,"daysOff":[9,25],"onRequests":[{"day":0,"shift":"E","weight":2},{"day":20,"shift":"E","weight":3},{"day":21,"shift":"E","weight":3},{"day":22,"shift":"E","weight":3},{"day":23,"shift":"E","weight":3},{"day":24,"shift":"E","weight":3}],"offRequests":[{"day":4,"shift":"L","weight":3},{"day":10,"shift":"D","weight":3},{"day":11,"shift":"D","weight":3},{"day":12,"shift":"D","weight":3},{"day":13,"shift":"D","weight":3}]},{"id":"L","maxShifts":[28,28,9],"minTotalMinutes":7560,"maxTotalMinutes":8640,"minConsecutiveShifts":2,"maxConsecutiveShifts":6,"minConsecutiveDaysOff":3,"maxWeekends":2,"daysOff":[18,19],"onRequests":[{"day":8,"shift":"L","weight":3},{"day":9,"shift":"L","weight":3},{"day":10,"shift":"L","weight":3},{"day":11,"shift":"L","weight":3},{"day":21,"shift":"L","weight":2},{"day":22,"shift":"L","weight":2},{"day":23,"shift":"L","weight":2},{"day":24,"shift":"L","weight":2},{"day":25,"shift":"L","weight":2}],"offRequests":null},{"id":"M","maxShifts":[28,28,9],"minTotalMinutes":7560,"maxTotalMinutes":8640,"minConsecutiveShifts":2,"maxConsecutiveShifts":6,"minConsecutiveDaysOff":3,"maxWeekends":2,"daysOff":[3,4],"onRequests":[{"day":0,"shift":"E","weight":3},{"day":16,"shift":"D","weight":3},{"day":17,"shift":"D","weight":3},{"day":18,"shift":"D","weight":3}],"offRequests":[{"day":7,"shift":"L","weight":1},{"day":8,"shift":"L","weight":1},{"day":9,"shift":"L","weight":1},{"day":10,"shift":"L","weight":1},{"day":11,"shift":"L","weight":1}]},{"id":"N","maxShifts":[28,28,9],"minTotalMinutes":7560,"maxTotalMinutes":8640,"minConsecutiveShifts":2,"maxConsecutiveShifts":6,"minConsecutiveDaysOff":3,"maxWeekends":2,"daysOff":[18,19],"onRequests":[{"day":1,"shift":"L","weight":3},{"day":2,"shift":"L","weight":3},{"day":3,"shift":"L","weight":3},{"day":4,"shift":"L","weight":3},{"day":5,"shift":"L","weight":3},{"day":10,"shift":"E","weight":1},{"day":11,"shift":"E","weight":1}],"offRequests":null},{"id":"O","maxShifts":[28,28,0],"minTotalMinutes":7560,"maxTotalMinutes":8640,"minConsecutiveShifts":2,"maxConsecutiveShifts":6,"minConsecutiveDaysOff":3,"maxWeekends":2,"daysOff":[7,18],"onRequests":[{"day":2,"shift":"D","weight":2},{"day":3,"shift":"D","weight":2},{"day":4,"shift":"D","weight":2},{"day":5,"shift":"D","weight":2},{"day":9,"shift":"E","weight":3},{"day":10,"shift":"E","weight":3},{"day":11,"shift":"E","weight":3}],"offRequests":null},{"id":"P","maxShifts":[0,28,4],"minTotalMinutes":3240,"maxTotalMinutes":4320,"minConsecutiveShifts":1,"maxConsecutiveShifts":5,"minConsecutiveDaysOff":2,"maxWeekends":3,"daysOff":[7,18],"onRequests":[{"day":2,"shift":"L","weight":3},{"day":3,"shift":"L","weight":3},{"day":4,"shift":"L","weight":3},{"day":5,"shift":"L","weight":3},{"day":6,"shift":"L","weight":3},{"day":19,"shift":"D","weight":2},{"day":20,"shift":"D","weight":2},{"day":21,"shift":"D","weight":2},{"day":22,"shift":"D","weight":2}],"offRequests":null},{"id":"Q","maxShifts":[28,28,0],"minTotalMinutes":3240,"maxTotalMinutes":4320,"minConsecutiveShifts":1,"maxConsecutiveShifts":5,"minConsecutiveDaysOff":2,"maxWeekends":3,"daysOff":[19,20],"onRequests":[{"day":1,"shift":"D","weight":2},{"day":2,"shift":"D","weight":2},{"day":3,"shift":"D","weight":2},{"day":4,"shift":"D","weight":2},{"day":5,"shift":"D","weight":2},{"day":26,"shift":"D","weight":1}],"offRequests":[{"day":10,"shift":"D","weight":3},{"day":11,"shift":"D","weight":3},{"day":12,"shift":"D","weight":3},{"day":16,"shift":"D","weight":3}]},{"id":"R","maxShifts":[28,28,4],"minTotalMinutes":3240,"maxTotalMinutes":4320,"minConsecutiveShifts":1,"maxConsecutiveShifts":5,"minConsecutiveDaysOff":2,"maxWeekends":3,"daysOff":[7,24],"onRequests":[{"day":1,"shift":"L","weight":2},{"day":2,"shift":"L","weight":2},{"day":3,"shift":"L","weight":2},{"day":4,"shift":"L","weight":2},{"day":9,"shift":"E","weight":3},{"day":10,"shift":"E","weight":3},{"day":22,"shift":"D","weight":1}],"offRequests":[{"day":14,"shift":"L","weight":3},{"day":15,"shift":"L","weight":3},{"day":16,"shift":"L","weight":3}]},{"id":"S","maxShifts":[28,28,4],"minTotalMinutes":3240,"maxTotalMinutes":4320,"minConsecutiveShifts":1,"maxConsecutiveShifts":5,"minConsecutiveDaysOff":2,"maxWeekends":3,"daysOff":[3,12],"onRequests":[{"day":1,"shift":"D","weight":1},{"day":2,"shift":"D","weight":1},{"day":15,"shift":"D","weight":2},{"day":16,"shift":"D","weight":2},{"day":17,"shift":"D","weight":2},{"day":18,"shift":"D","weight":2}],"offRequests":[{"day":23,"shift":"L","weight":3},{"day":24,"shift":"L","weight":3},{"day":25,"shift":"L","weight":3}]},{"id":"T","maxShifts":[28,28,0],"minTotalMinutes":3240,"maxTotalMinutes":4320,"minConsecutiveShifts":1,"maxConsecutiveShifts":5,"minConsecutiveDaysOff":2,"maxWeekends":3,"daysOff":[25,26],"onRequests":[{"day":8,"shift":"D","weight":3},{"day":9,"shift":"D","weight":3},{"day":10,"shift":"D","weight":3}],"offRequests":[{"day":20,"shift":"D","weight":1},{"day":21,"shift":"D","weight":1},{"day":22,"shift":"D","weight":1},{"day":23,"shift":"D","weight":1},{"day":24,"shift":"D","weight":1}]}],"covers":[[{"requirement":4,"weightIfUnder":100,"weightIfOver":1},{"requirement":6,"weightIfUnder":100,"weightIfOver":1},{"requirement":3,"weightIfUnder":100,"weightIfOver":1}],[{"requirement":4,"weightIfUnder":100,"weightIfOver":1},{"requirement":6,"weightIfUnder":100,"weightIfOver":1},{"requirement":1,"weightIfUnder":100,"weightIfOver":1}],[{"requirement":4,"weightIfUnder":100,"weightIfOver":1},{"requirement":6,"weightIfUnder":100,"weightIfOver":1},{"requirement":2,"weightIfUnder":100,"weightIfOver":1}],[{"requirement":4,"weightIfUnder":100,"weightIfOver":1},{"requirement":5,"weightIfUnder":100,"weightIfOver":1},{"requirement":1,"weightIfUnder":100,"weightIfOver":1}],[{"requirement":3,"weightIfUnder":100,"weightIfOver":1},{"requirement":7,"weightIfUnder":100,"weightIfOver":1},{"requirement":2,"weightIfUnder":100,"weightIfOver":1}],[{"requirement":4,"weightIfUnder":100,"weightIfOver":1},{"requirement":4,"weightIfUnder":100,"weightIfOver":1},{"requirement":3,"weightIfUnder":100,"weightIfOver":1}],[{"requirement":4,"weightIfUnder":100,"weightIfOver":1},{"requirement":7,"weightIfUnder":100,"weightIfOver":1},{"requirement":2,"weightIfUnder":100,"weightIfOver":1}],[{"requirement":4,"weightIfUnder":100,"weightIfOver":1},{"requirement":5,"weightIfUnder":100,"weightIfOver":1},{"requirement":2,"weightIfUnder":100,"weightIfOver":1}],[{"requirement":4,"weightIfUnder":100,"weightIfOver":1},{"requirement":6,"weightIfUnder":100,"weightIfOver":1},{"requirement":2,"weightIfUnder":100,"weightIfOver":1}],[{"requirement":3,"weightIfUnder":100,"weightIfOver":1},{"requirement":4,"weightIfUnder":100,"weightIfOver":1},{"requirement":2,"weightIfUnder":100,"weightIfOver":1}],[{"requirement":2,"weightIfUnder":100,"weightIfOver":1},{"requirement":5,"weightIfUnder":100,"weightIfOver":1},{"requirement":2,"weightIfUnder":100,"weightIfOver":1}],[{"requirement":6,"weightIfUnder":100,"weightIfOver":1},{"requirement":5,"weightIfUnder":100,"weightIfOver":1},{"requirement":1,"weightIfUnder":100,"weightIfOver":1}],[{"requirement":4,"weightIfUnder":100,"weightIfOver":1},{"requirement":3,"weightIfUnder":100,"weightIfOver":1},{"requirement":2,"weightIfUnder":100,"weightIfOver":1}],[{"requirement":6,"weightIfUnder":100,"weightIfOver":1},{"requirement":5,"weightIfUnder":100,"weightIfOver":1},{"requirement":2,"weightIfUnder":100,"weightIfOver":1}],[{"requirement":5,"weightIfUnder":100,"weightIfOver":1},{"requirement":5,"weightIfUnder":100,"weightIfOver":1},{"requirement":1,"weightIfUnder":100,"weightIfOver":1}],[{"requirement":4,"weightIfUnder":100,"weightIfOver":1},{"requirement":6,"weightIfUnder":100,"weightIfOver":1},{"requirement":2,"weightIfUnder":100,"weightIfOver":1}],[{"requirement":3,"weightIfUnder":100,"weightIfOver":1},{"requirement":3,"weightIfUnder":100,"weightIfOver":1},{"requirement":2,"weightIfUnder":100,"weightIfOver":1}],[{"requirement":4,"weightIfUnder":100,"weightIfOver":1},{"requirement":5,"weightIfUnder":100,"weightIfOver":1},{"requirement":2,"weightIfUnder":100,"weightIfOver":1}],[{"requirement":4,"weightIfUnder":100,"weightIfOver":1},{"requirement":5,"weightIfUnder":100,"weightIfOver":1},{"requirement":3,"weightIfUnder":100,"weightIfOver":1}],[{"requirement":6,"weightIfUnder":100,"weightIfOver":1},{"requirement":6,"weightIfUnder":100,"weightIfOver":1},{"requirement":2,"weightIfUnder":100,"weightIfOver":1}],[{"requirement":6,"weightIfUnder":100,"weightIfOver":1},{"requirement":3,"weightIfUnder":100,"weightIfOver":1},{"requirement":2,"weightIfUnder":100,"weightIfOver":1}],[{"requirement":6,"weightIfUnder":100,"weightIfOver":1},{"requirement":3,"weightIfUnder":100,"weightIfOver":1},{"requirement":1,"weightIfUnder":100,"weightIfOver":1}],[{"requirement":4,"weightIfUnder":100,"weightIfOver":1},{"requirement":5,"weightIfUnder":100,"weightIfOver":1},{"requirement":4,"weightIfUnder":100,"weightIfOver":1}],[{"requirement":4,"weightIfUnder":100,"weightIfOver":1},{"requirement":5,"weightIfUnder":100,"weightIfOver":1},{"requirement":3,"weightIfUnder":100,"weightIfOver":1}],[{"requirement":5,"weightIfUnder":100,"weightIfOver":1},{"requirement":5,"weightIfUnder":100,"weightIfOver":1},{"requirement":3,"weightIfUnder":100,"weightIfOver":1}],[{"requirement":4,"weightIfUnder":100,"weightIfOver":1},{"requirement":5,"weightIfUnder":100,"weightIfOver":1},{"requirement":2,"weightIfUnder":100,"weightIfOver":1}],[{"requirement":2,"weightIfUnder":100,"weightIfOver":1},{"requirement":2,"weightIfUnder":100,"weightIfOver":1},{"requirement":2,"weightIfUnder":100,"weightIfOver":1}],[{"requirement":5,"weightIfUnder":100,"weightIfOver":1},{"requirement":7,"weightIfUnder":100,"weightIfOver":1},{"requirement":2,"weightIfUnder":100,"weightIfOver":1}]]}