{"nDays":28,"shifts":[{"id":"a1","length":480,"forbiddenFollowingShifts":null},{"id":"a2","length":480,"forbiddenFollowingShifts":null},{"id":"a3","length":480,"forbiddenFollowingShifts":null},{"id":"a4","length":600,"forbiddenFollowingShifts":null},{"id":"a5","length":720,"forbiddenFollowingShifts":["a1","a2","a3","a4","a5","d1","d2","d3","d4","d5"]},{"id":"d1","length":480,"forbiddenFollowingShifts":["a1","a2","a3","a4"]},{"id":"d2","length":480,"forbiddenFollowingShifts":["a1","a2","a3","a4"]},{"id":"d3","length":480,"forbiddenFollowingShifts":["a1","a2","a3","a4"]},{"id":"d4","length":600,"forbiddenFollowingShifts":["a1","a2","a3","a4","a5"]},{"id":"d5","length":720,"forbiddenFollowingShifts":["a1","a2","a3","a4","a5","d1","d2","d3","d4","d5"]},{"id":"p1","length":480,"forbiddenFollowingShifts":["a1","a2","a3","a4","a5","d1","d2","d3","d4","d5"]},{"id":"p2","length":480,"forbiddenFollowingShifts":["a1","a2","a3","a4","a5","d1","d2","d3","d4","d5"]},{"id":"p3","length":480,"forbiddenFollowingShifts":["a1","a2","a3","a4","a5","d1","d2","d3","d4","d5"]},{"id":"p4","length":600,"forbiddenFollowingShifts":["a1","a2","a3","a4","a5","d1","d2","d3","d4","d5"]},{"id":"p5","length":720,"forbiddenFollowingShifts":["a1","a2","a3","a4","a5","d1","d2","d3","d4","d5","p4","p5"]},{"id":"n1","length":480,"forbiddenFollowingShifts":["a1","a2","a3","a4","a5","d1","d2","d3","d4","d5","p1","p2","p3","p4","p5"]},{"id":"n2","length":600,"forbiddenFollowingShifts":["a1","a2","a3","a4","a5","d1","d2","d3","d4","d5","p1","p2","p3","p4","p5","n3"]},{"id":"n3","length":720,"forbiddenFollowingShifts":["a1","a2","a3","a4","a5","d1","d2","d3","d4","d5","p1","p2","p3","p4","p5","n3"]}],"staffs":[{"id":"A","maxShifts":[28,28,28,11,7,28,28,28,11,7,28,28,28,11,0,3,0,0],"minTotalMinutes":7920,"maxTotalMinutes":8640,"minConsecutiveShifts":2,"maxConsecutiveShifts":5,"minConsecutiveDaysOff":2,"maxWeekends":2,"daysOff":[0,24],"onRequests":[{"day":3,"shift":"p2","weight":1},{"day":4,"shift":"p2","weight":1},{"day":5,"shift":"p2","weight":1},{"day":11,"shift":"p3","weight":3},{"day":12,"shift":"p3","weight":3},{"day":13,"shift":"p3","weight":3},{"day":14,"shift":"p3","weight":3}],"offRequests":[{"day":18,"shift":"a2","weight":1},{"day":19,"shift":"a2","weight":1},{"day":20,"shift":"a2","weight":1},{"day":26,"shift":"d5","weight":1},{"day":27,"shift":"d5","weight":1}]},{"id":"B","maxShifts":[0,28,0,0,7,0,28,28,11,7,28,28,28,0,7,0,0,2],"minTotalMinutes":7920,"maxTotalMinutes":8640,"minConsecutiveShifts":2,"maxConsecutiveShifts":5,"minConsecutiveDaysOff":2,"maxWeekends":2,"daysOff":[26,27],"onRequests":[{"day":1,"shift":"p2","weight":2},{"day":7,"shift":"p1","weight":3},{"day":8,"shift":"p1","weight":3},{"day":9,"shift":"p1","weight":3},{"day":20,"shift":"a2","weight":1},{"day":21,"shift":"a2","weight":1},{"day":22,"shift":"a2","weight":1},{"day":23,"shift":"a2","weight":1}],"offRequests":null},{"id":"C","maxShifts":[28,28,28,11,7,0,0,28,0,0,0,28,0,11,7,3,2,2],"minTotalMinutes":7920,"maxTotalMinutes":8640,"minConsecutiveShifts":2,"maxConsecutiveShifts":5,"minConsecutiveDaysOff":2,"maxWeekends":2,"daysOff":[9,10],"onRequests":[{"day":11,"shift":"a1","weight":1},{"day":12,"shift":"a1","weight":1},{"day":13,"shift":"a1","weight":1}],"offRequests":[{"day":21,"shift":"a3","weight":3}]},{"id":"D","maxShifts":[0,0,28,11,0,0,28,28,11,7,0,0,28,11,7,0,0,0],"minTotalMinutes":7920,"maxTotalMinutes":8640,"minConsecutiveShifts":2,"maxConsecutiveShifts":5,"minConsecutiveDaysOff":2,"maxWeekends":2,"daysOff":[21,22],"onRequests":[{"day":14,"shift":"p4","weight":3},{"day":15,"shift":"p4","weight":3},{"day":16,"shift":"p4","weight":3},{"day":17,"shift":"p4","weight":3}],"offRequests":[{"day":3,"shift":"a3","weight":3},{"day":4,"shift":"a3","weight":3},{"day":5,"shift":"a3","weight":3},{"day":6,"shift":"a3","weight":3}]},{"id":"E","maxShifts":[28,0,28,11,0,28,0,28,11,7,28,28,28,0,7,3,2,2],"minTotalMinutes":7920,"maxTotalMinutes":8640,"minConsecutiveShifts":2,"maxConsecutiveShifts":5,"minConsecutiveDaysOff":2,"maxWeekends":2,"daysOff":[9,10],"onRequests":[{"day":1,"shift":"p5","weight":3},{"day":2,"shift":"p5","weight":3},{"day":3,"shift":"p5","weight":3},{"day":4,"shift":"p5","weight":3},{"day":12,"shift":"p3","weight":1},{"day":18,"shift":"d5","weight":1},{"day":19,"shift":"d5","weight":1},{"day":27,"shift":"p1","weight":2}],"offRequests":null},{"id":"F","maxShifts":[0,28,28,0,7,28,28,0,0,7,0,28,28,11,7,0,2,2],"minTotalMinutes":7920,"maxTotalMinutes":8640,"minConsecutiveShifts":2,"maxConsecutiveShifts":5,"minConsecutiveDaysOff":2,"maxWeekends":2,"daysOff":[21,22],"onRequests":[{"day":5,"shift":"p5","weight":3},{"day":6,"shift":"p5","weight":3},{"day":7,"shift":"p5","weight":3},{"day":13,"shift":"d5","weight":2},{"day":14,"shift":"d5","weight":2},{"day":15,"shift":"d5","weight":2}],"offRequests":[{"day":23,"shift":"p2","weight":1},{"day":24,"shift":"p2","weight":1},{"day":25,"shift":"p2","weight":1},{"day":26,"shift":"p2","weight":1}]},{"id":"G","maxShifts":[28,28,28,0,7,28,28,28,11,7,28,28,28,0,0,3,2,2],"minTotalMinutes":7920,"maxTotalMinutes":8640,"minConsecutiveShifts":2,"maxConsecutiveShifts":5,"minConsecutiveDaysOff":2,"maxWeekends":2,"daysOff":[1,2],"onRequests":[{"day":7,"shift":"a2","weight":2},{"day":8,"shift":"a2","weight":2},{"day":14,"shift":"p2","weight":2},{"day":15,"shift":"p2","weight":2},{"day":16,"shift":"p2","weight":2},{"day":17,"shift":"p2","weight":2}],"offRequests":null},{"id":"H","maxShifts":[0,28,28,11,7,28,28,0,0,7,28,0,28,11,7,0,0,0],"minTotalMinutes":7920,"maxTotalMinutes":8640,"minConsecutiveShifts":2,"maxConsecutiveShifts":5,"minConsecutiveDaysOff":2,"maxWeekends":2,"daysOff":[2,16],"onRequests":[{"day":4,"shift":"d5","weight":2},{"day":5,"shift":"d5","weight":2},{"day":6,"shift":"d5","weight":2},{"day":7,"shift":"d5","weight":2},{"day":8,"shift":"d5","weight":2}],"offRequests":null},{"id":"I","maxShifts":[28,28,0,11,7,28,28,0,0,0,28,28,28,11,7,3,2,0],"minTotalMinutes":7920,"maxTotalMinutes":8640,"minConsecutiveShifts":2,"maxConsecutiveShifts":5,"minConsecutiveDaysOff":2,"maxWeekends":2,"daysOff":[14,24],"onRequests":[{"day":2,"shift":"d1","weight":1},{"day":3,"shift":"d1","weight":1},{"day":4,"shift":"d1","weight":1},{"day":5,"shift":"d1","weight":1},{"day":6,"shift":"d1","weight":1},{"day":21,"shift":"a5","weight":3},{"day":22,"shift":"a5","weight":3}],"offRequests":null},{"id":"J","maxShifts":[28,28,28,0,0,28,28,28,0,7,0,28,28,11,7,0,2,2],"minTotalMinutes":7920,"maxTotalMinutes":8640,"minConsecutiveShifts":2,"maxConsecutiveShifts":5,"minConsecutiveDaysOff":2,"maxWeekends":2,"daysOff":[22,23],"onRequests":[{"day":0,"shift":"p5","weight":2},{"day":1,"shift":"p5","weight":2},{"day":2,"shift":"p5","weight":2},{"day":3,"shift":"p5","weight":2},{"day":4,"shift":"p5","weight":2},{"day":11,"shift":"p2","weight":2},{"day":12,"shift":"p2","weight":2},{"day":13,"shift":"p2","weight":2},{"day":14,"shift":"p2","weight":2},{"day":18,"shift":"a3","weight":3}],"offRequests":null},{"id":"K","maxShifts":[28,28,28,0,7,28,28,28,0,7,28,28,0,11,7,3,2,0],"minTotalMinutes":7920,"maxTotalMinutes":8640,"minConsecutiveShifts":2,"maxConsecutiveShifts":5,"minConsecutiveDaysOff":2,"maxWeekends":2,"daysOff":[2,3],"onRequests":[{"day":4,"shift":"p4","weight":3},{"day":5,"shift":"p4","weight":3},{"day":12,"shift":"p4","weight":1},{"day":13,"shift":"p4","weight":1},{"day":14,"shift":"p4","weight":1},{"day":19,"shift":"d3","weight":3},{"day":25,"shift":"p1","weight":3},{"day":26,"shift":"p1","weight":3},{"day":27,"shift":"p1","weight":3}],"offRequests":[{"day":0,"shift":"a5","weight":3}]},{"id":"L","maxShifts":[28,28,28,11,7,28,28,28,11,0,0,0,0,11,0,3,0,0],"minTotalMinutes":7920,"maxTotalMinutes":8640,"minConsecutiveShifts":2,"maxConsecutiveShifts":5,"minConsecutiveDaysOff":2,"maxWeekends":2,"daysOff":[14,15],"onRequests":[{"day":1,"shift":"d1","weight":2},{"day":2,"shift":"d1","weight":2},{"day":6,"shift":"a3","weight":2},{"day":7,"shift":"a3","weight":2},{"day":11,"shift":"d4","weight":3},{"day":18,"shift":"d2","weight":3},{"day":19,"shift":"d2","weight":3},{"day":20,"shift":"d2","weight":3},{"day":21,"shift":"d2","weight":3},{"day":22,"shift":"d2","weight":3}],"offRequests":null},{"id":"M","maxShifts":[28,28,28,11,7,28,28,0,11,7,28,28,0,11,0,3,0,0],"minTotalMinutes":7920,"maxTotalMinutes":8640,"minConsecutiveShifts":2,"maxConsecutiveShifts":5,"minConsecutiveDaysOff":2,"maxWeekends":2,"daysOff":[16,22],"onRequests":[{"day":3,"shift":"d1","weight":1}],"offRequests":[{"day":7,"shift":"d4","weight":2},{"day":8,"shift":"d4","weight":2}]},{"id":"N","maxShifts":[28,28,28,0,7,0,28,28,11,0,28,28,28,11,0,3,2,2],"minTotalMinutes":7920,"maxTotalMinutes":8640,"minConsecutiveShifts":2,"maxConsecutiveShifts":5,"minConsecutiveDaysOff":2,"maxWeekends":2,"daysOff":[3,14],"onRequests":[{"day":5,"shift":"a5","weight":1},{"day":6,"shift":"a5","weight":1}],"offRequests":[{"day":19,"shift":"n3","weight":3},{"day":20,"shift":"n3","weight":3},{"day":21,"shift":"n3","weight":3},{"day":22,"shift":"n3","weight":3},{"day":23,"shift":"n3","weight":3}]},{"id":"O","maxShifts":[28,0,28,11,7,28,28,0,11,7,28,0,28,11,7,0,2,2],"minTotalMinutes":7920,"maxTotalMinutes":8640,"minConsecutiveShifts":2,"maxConsecutiveShifts":5,"minConsecutiveDaysOff":2,"maxWeekends":2,"daysOff":[10,11],"onRequests":[{"day":17,"shift":"p3","weight":1},{"day":18,"shift":"p3","weight":1}],"offRequests":[{"day":3,"shift":"p1","weight":3},{"day":4,"shift":"p1","weight":3},{"day":5,"shift":"p1","weight":3},{"day":6,"shift":"p1","weight":3},{"day":7,"shift":"p1","weight":3}]},{"id":"P","maxShifts":[28,28,28,11,7,0,28,28,11,7,28,28,28,0,7,3,0,0],"minTotalMinutes":7920,"maxTotalMinutes":8640,"minConsecutiveShifts":2,"maxConsecutiveShifts":5,"minConsecutiveDaysOff":2,"maxWeekends":2,"daysOff":[20,24],"onRequests":[{"day":3,"shift":"p2","weight":2},{"day":4,"shift":"p2","weight":2}],"offRequests":[{"day":11,"shift":"a2","weight":3},{"day":12,"shift":"a2","weight":3}]},{"id":"Q","maxShifts":[28,28,28,11,7,28,28,28,11,7,28,28,28,11,7,0,2,2],"minTotalMinutes":7920,"maxTotalMinutes":8640,"minConsecutiveShifts":2,"maxConsecutiveShifts":5,"minConsecutiveDaysOff":2,"maxWeekends":2,"daysOff":[10,11],"onRequests":[{"day":13,"shift":"d2","weight":1},{"day":14,"shift":"d2","weight":1}],"offRequests":[{"day":3,"shift":"d5","weight":3},{"day":4,"shift":"d5","weight":3},{"day":5,"shift":"d5","weight":3},{"day":6,"shift":"d5","weight":3},{"day":26,"shift":"a4","weight":1}]},{"id":"R","maxShifts":[0,28,0,11,7,28,0,0,11,7,0,28,28,11,7,3,2,2],"minTotalMinutes":7920,"maxTotalMinutes":8640,"minConsecutiveShifts":2,"maxConsecutiveShifts":5,"minConsecutiveDaysOff":2,"maxWeekends":2,"daysOff":[7,8],"onRequests":[{"day":1,"shift":"n3","weight":2},{"day":2,"shift":"n3","weight":2},{"day":3,"shift":"n3","weight":2},{"day":17,"shift":"p3","weight":1},{"day":18,"shift":"p3","weight":1}],"offRequests":null},{"id":"S","maxShifts":[28,28,28,11,7,28,0,28,11,7,0,28,28,11,7,3,2,2],"minTotalMinutes":7920,"maxTotalMinutes":8640,"minConsecutiveShifts":2,"maxConsecutiveShifts":5,"minConsecutiveDaysOff":2,"maxWeekends":2,"daysOff":[11,12],"onRequests":[{"day":3,"shift":"p3","weight":1},{"day":4,"shift":"p3","weight":1},{"day":5,"shift":"p3","weight":1},{"day":6,"shift":"p3","weight":1},{"day":21,"shift":"p5","weight":3},{"day":22,"shift":"p5","weight":3},{"day":23,"shift":"p5","weight":3},{"day":24,"shift":"p5","weight":3}],"offRequests":[{"day":13,"shift":"n3","weight":1},{"day":14,"shift":"n3","weight":1},{"day":15,"shift":"n3","weight":1},{"day":16,"shift":"n3","weight":1},{"day":17,"shift":"n3","weight":1}]},{"id":"T","maxShifts":[28,28,28,11,0,28,0,28,0,7,28,0,28,0,7,3,2,2],"minTotalMinutes":7920,"maxTotalMinutes":8640,"minConsecutiveShifts":2,"maxConsecutiveShifts":5,"minConsecutiveDaysOff":2,"maxWeekends":2,"daysOff":[7,8],"onRequests":[{"day":9,"shift":"p5","weight":1},{"day":10,"shift":"p5","weight":1},{"day":11,"shift":"p5","weight":1},{"day":12,"shift":"p5","weight":1}],"offRequests":[{"day":23,"shift":"p1","weight":1},{"day":24,"shift":"p1","weight":1},{"day":25,"shift":"p1","weight":1},{"day":26,"shift":"p1","weight":1},{"day":27,"shift":"p1","weight":1}]},{"id":"U","maxShifts":[0,28,28,11,7,0,0,28,11,7,28,28,28,11,7,0,2,2],"minTotalMinutes":7920,"maxTotalMinutes":8640,"minConsecutiveShifts":2,"maxConsecutiveShifts":5,"minConsecutiveDaysOff":2,"maxWeekends":2,"daysOff":[26,27],"onRequests":[{"day":13,"shift":"n2","weight":3},{"day":19,"shift":"a5","weight":2}],"offRequests":[{"day":1,"shift":"p5","weight":2},{"day":2,"shift":"p5","weight":2},{"day":3,"shift":"p5","weight":2},{"day":4,"shift":"p5","weight":2},{"day":5,"shift":"p5","weight":2}]},{"id":"V","maxShifts":[28,0,28,0,0,28,28,0,0,7,28,28,0,11,7,0,2,2],"minTotalMinutes":7920,"maxTotalMinutes":8640,"minConsecutiveShifts":2,"maxConsecutiveShifts":5,"minConsecutiveDaysOff":2,"maxWeekends":2,"daysOff":[2,3],"onRequests":[{"day":7,"shift":"d2","weight":2},{"day":8,"shift":"d2","weight":2},{"day":9,"shift":"d2","weight":2},{"day":14,"shift":"p4","weight":2},{"day":15,"shift":"p4","weight":2},{"day":16,"shift":"p4","weight":2},{"day":17,"shift":"p4","weight":2}],"offRequests":null},{"id":"W","maxShifts":[28,0,0,0,7,28,28,28,11,7,0,0,28,11,7,0,0,2],"minTotalMinutes":7920,"maxTotalMinutes":8640,"minConsecutiveShifts":2,"maxConsecutiveShifts":5,"minConsecutiveDaysOff":2,"maxWeekends":2,"daysOff":[16,17],"onRequests":[{"day":3,"shift":"d3","weight":1},{"day":4,"shift":"d3","weight":1},{"day":12,"shift":"a1","weight":1},{"day":19,"shift":"p5","weight":2},{"day":20,"shift":"p5","weight":2},{"day":21,"shift":"p5","weight":2},{"day":22,"shift":"p5","weight":2},{"day":26,"shift":"d3","weight":3},{"day":27,"shift":"d3","weight":3}],"offRequests":null},{"id":"X","maxShifts":[0,28,28,11,7,28,0,28,11,7,0,28,28,11,7,3,2,2],"minTotalMinutes":7920,"maxTotalMinutes":8640,"minConsecutiveShifts":2,"maxConsecutiveShifts":5,"minConsecutiveDaysOff":2,"maxWeekends":2,"daysOff":[23,24],"onRequests":[{"day":7,"shift":"p3","weight":1},{"day":8,"shift":"p3","weight":1},{"day":15,"shift":"p4","weight":3},{"day":19,"shift":"d4","weight":2},{"day":20,"shift":"d4","weight":2}],"offRequests":null},{"id":"Y","maxShifts":[28,28,28,11,7,28,28,28,11,7,28,28,28,11,7,0,0,0],"minTotalMinutes":7920,"maxTotalMinutes":8640,"minConsecutiveShifts":2,"maxConsecutiveShifts":5,"minConsecutiveDaysOff":2,"maxWeekends":2,"daysOff":[14,25],"onRequests":[{"day":7,"shift":"p4","weight":2},{"day":8,"shift":"p4","weight":2},{"day":9,"shift":"p4","weight":2},{"day":15,"shift":"p1","weight":3}],"offRequests":[{"day":19,"shift":"p5","weight":1},{"day":20,"shift":"p5","weight":1},{"day":21,"shift":"p5","weight":1}]},{"id":"Z","maxShifts":[28,28,28,11,0,0,0,28,11,7,28,28,28,11,7,0,2,0],"minTotalMinutes":7920,"maxTotalMinutes":8640,"minConsecutiveShifts":2,"maxConsecutiveShifts":5,"minConsecutiveDaysOff":2,"maxWeekends":2,"daysOff":[14,25],"onRequests":[{"day":9,"shift":"a1","weight":2},{"day":10,"shift":"a1","weight":2},{"day":11,"shift":"a1","weight":2},{"day":12,"shift":"a1","weight":2},{"day":19,"shift":"p1","weight":1},{"day":20,"shift":"p1","weight":1},{"day":21,"shift":"p1","weight":1}],"offRequests":[{"day":0,"shift":"a3","weight":3},{"day":1,"shift":"a3","weight":3},{"day":26,"shift":"a1","weight":2},{"day":27,"shift":"a1","weight":2}]},{"id":"AA","maxShifts":[28,28,0,0,7,0,28,0,11,7,28,28,28,11,7,3,2,2],"minTotalMinutes":7920,"maxTotalMinutes":8640,"minConsecutiveShifts":2,"maxConsecutiveShifts":5,"minConsecutiveDaysOff":2,"maxWeekends":2,"daysOff":[11,12],"onRequests":[{"day":0,"shift":"d2","weight":3},{"day":14,"shift":"d5","weight":2},{"day":15,"shift":"d5","weight":2},{"day":22,"shift":"n2","weight":3},{"day":23,"shift":"n2","weight":3},{"day":24,"shift":"n2","weight":3},{"day":25,"shift":"n2","weight":3}],"offRequests":null},{"id":"AB","maxShifts":[28,28,28,11,7,0,28,28,11,7,28,28,28,11,7,0,2,2],"minTotalMinutes":7920,"maxTotalMinutes":8640,"minConsecutiveShifts":2,"maxConsecutiveShifts":5,"minConsecutiveDaysOff":2,"maxWeekends":2,"daysOff":[3,13],"onRequests":[{"day":16,"shift":"a5","weight":1},{"day":17,"shift":"a5","weight":1},{"day":18,"shift":"a5","weight":1},{"day":19,"shift":"a5","weight":1},{"day":20,"shift":"a5","weight":1},{"day":26,"shift":"n2","weight":2},{"day":27,"shift":"n2","weight":2}],"offRequests":[{"day":5,"shift":"a5","weight":2},{"day":6,"shift":"a5","weight":2},{"day":7,"shift":"a5","weight":2},{"day":8,"shift":"a5","weight":2},{"day":9,"shift":"a5","weight":2}]},{"id":"AC","maxShifts":[0,28,28,11,0,28,28,28,0,7,28,0,28,11,7,3,2,2],"minTotalMinutes":7920,"maxTotalMinutes":8640,"minConsecutiveShifts":2,"maxConsecutiveShifts":5,"minConsecutiveDaysOff":2,"maxWeekends":2,"daysOff":[1,9],"onRequests":[{"day":11,"shift":"p3","weight":1},{"day":12,"shift":"p3","weight":1},{"day":13,"shift":"p3","weight":1},{"day":21,"shift":"d2","weight":2},{"day":22,"shift":"d2","weight":2},{"day":23,"shift":"d2","weight":2},{"day":24,"shift":"d2","weight":2}],"offRequests":null},{"id":"AD","maxShifts":[28,28,0,11,7,28,28,28,0,7,28,28,28,0,7,3,2,2],"minTotalMinutes":7920,"maxTotalMinutes":8640,"minConsecutiveShifts":2,"maxConsecutiveShifts":5,"minConsecutiveDaysOff":2,"maxWeekends":2,"daysOff":[14,24],"onRequests":[{"day":6,"shift":"p1","weight":2},{"day":7,"shift":"p1","weight":2},{"day":15,"shift":"d5","weight":3},{"day":16,"shift":"d5","weight":3}],"offRequests":[{"day":26,"shift":"p3","weight":1}]},{"id":"AE","maxShifts":[28,28,28,0,0,0,0,0,11,7,28,28,28,0,0,3,0,2],"minTotalMinutes":7920,"maxTotalMinutes":8640,"minConsecutiveShifts":2,"maxConsecutiveShifts":5,"minConsecutiveDaysOff":2,"maxWeekends":2,"daysOff":[7,25],"onRequests":[{"day":0,"shift":"p2","weight":1},{"day":1,"shift":"p2","weight":1},{"day":2,"shift":"p2","weight":1},{"day":3,"shift":"p2","weight":1}],"offRequests":null},{"id":"AF","maxShifts":[28,28,28,11,7,28,28,28,11,7,0,28,0,11,0,0,2,2],"minTotalMinutes":7920,"maxTotalMinutes":8640,"minConsecutiveShifts":2,"maxConsecutiveShifts":5,"minConsecutiveDaysOff":2,"maxWeekends":2,"daysOff":[0,13],"onRequests":[{"day":8,"shift":"n2","weight":1},{"day":9,"shift":"n2","weight":1},{"day":14,"shift":"d4","weight":1},{"day":15,"shift":"d4","weight":1}],"offRequests":[{"day":2,"shift":"d5","weight":1},{"day":3,"shift":"d5","weight":1},{"day":4,"shift":"d5","weight":1}]},{"id":"AG","maxShifts":[28,28,28,0,7,28,28,28,0,0,28,28,28,11,0,0,2,2],"minTotalMinutes":7920,"maxTotalMinutes":8640,"minConsecutiveShifts":2,"maxConsecutiveShifts":5,"minConsecutiveDaysOff":2,"maxWeekends":2,"daysOff":[0,20],"onRequests":[{"day":2,"shift":"p3","weight":3},{"day":3,"shift":"p3","weight":3},{"day":4,"shift":"p3","weight":3},{"day":10,"shift":"a2","weight":2},{"day":11,"shift":"a2","weight":2},{"day":12,"shift":"a2","weight":2},{"day":16,"shift":"p2","weight":2},{"day":17,"shift":"p2","weight":2},{"day":18,"shift":"p2","weight":2},{"day":24,"shift":"p1","weight":2}],"offRequests":null},{"id":"AH","maxShifts":[28,28,0,0,7,28,0,0,0,7,0,0,28,11,7,3,2,2],"minTotalMinutes":7920,"maxTotalMinutes":8640,"minConsecutiveShifts":2,"maxConsecutiveShifts":5,"minConsecutiveDaysOff":2,"maxWeekends":2,"daysOff":[7,10],"onRequests":[{"day":8,"shift":"p3","weight":2},{"day":9,"shift":"p3","weight":2},{"day":16,"shift":"a5","weight":2},{"day":17,"shift":"a5","weight":2},{"day":18,"shift":"a5","weight":2},{"day":19,"shift":"a5","weight":2}],"offRequests":null},{"id":"AI","maxShifts":[28,28,0,0,0,28,28,0,11,7,0,28,0,0,0,3,2,2],"minTotalMinutes":7920,"maxTotalMinutes":8640,"minConsecutiveShifts":2,"maxConsecutiveShifts":5,"minConsecutiveDaysOff":2,"maxWeekends":2,"daysOff":[11,12],"onRequests":[{"day":1,"shift":"d4","weight":2},{"day":2,"shift":"d4","weight":2},{"day":10,"shift":"n3","weight":3},{"day":14,"shift":"p2","weight":3}],"offRequests":[{"day":19,"shift":"n1","weight":3}]},{"id":"AJ","maxShifts":[28,28,0,11,7,28,0,28,0,7,0,28,0,11,0,3,2,2],"minTotalMinutes":7920,"maxTotalMinutes":8640,"minConsecutiveShifts":2,"maxConsecutiveShifts":5,"minConsecutiveDaysOff":2,"maxWeekends":2,"daysOff":[21,22],"onRequests":[{"day":2,"shift":"d1","weight":2},{"day":3,"shift":"d1","weight":2},{"day":4,"shift":"d1","weight":2},{"day":5,"shift":"d1","weight":2},{"day":9,"shift":"d3","weight":1},{"day":17,"shift":"d3","weight":3},{"day":18,"shift":"d3","weight":3},{"day":19,"shift":"d3","weight":3},{"day":20,"shift":"d3","weight":3}],"offRequests":null},{"id":"AK","maxShifts":[28,28,28,0,0,28,0,28,11,0,28,28,28,0,7,3,0,2],"minTotalMinutes":7920,"maxTotalMinutes":8640,"minConsecutiveShifts":2,"maxConsecutiveShifts":5,"minConsecutiveDaysOff":2,"maxWeekends":2,"daysOff":[15,25],"onRequests":[{"day":2,"shift":"n3","weight":1},{"day":3,"shift":"n3","weight":1},{"day":4,"shift":"n3","weight":1},{"day":5,"shift":"n3","weight":1},{"day":10,"shift":"a1","weight":2}],"offRequests":[{"day":18,"shift":"d4","weight":3},{"day":19,"shift":"d4","weight":3},{"day":20,"shift":"d4","weight":3}]},{"id":"AL","maxShifts":[28,28,28,11,7,0,0,28,11,7,0,0,0,11,7,3,2,0],"minTotalMinutes":7920,"maxTotalMinutes":8640,"minConsecutiveShifts":2,"maxConsecutiveShifts":5,"minConsecutiveDaysOff":2,"maxWeekends":2,"daysOff":[0,20],"onRequests":[{"day":1,"shift":"d5","weight":2},{"day":2,"shift":"d5","weight":2},{"day":3,"shift":"d5","weight":2},{"day":4,"shift":"d5","weight":2},{"day":5,"shift":"d5","weight":2}],"offRequests":[{"day":12,"shift":"p4","weight":3},{"day":13,"shift":"p4","weight":3},{"day":14,"shift":"p4","weight":3},{"day":15,"shift":"p4","weight":3},{"day":16,"shift":"p4","weight":3},{"day":22,"shift":"n2","weight":2},{"day":23,"shift":"n2","weight":2},{"day":24,"shift":"n2","weight":2},{"day":25,"shift":"n2","weight":2},{"day":26,"shift":"n2","weight":2}]},{"id":"AM","maxShifts":[28,0,28,11,7,28,0,28,11,7,28,28,0,11,7,3,2,0],"minTotalMinutes":7920,"maxTotalMinutes":8640,"minConsecutiveShifts":2,"maxConsecutiveShifts":5,"minConsecutiveDaysOff":2,"maxWeekends":2,"daysOff":[4,25],"onRequests":[{"day":18,"shift":"p1","weight":2},{"day":19,"shift":"p1","weight":2},{"day":20,"shift":"p1","weight":2},{"day":21,"shift":"p1","weight":2},{"day":22,"shift":"p1","weight":2}],"offRequests":null},{"id":"AN","maxShifts":[28,28,28,11,7,0,28,28,0,7,28,28,28,11,7,0,2,2],"minTotalMinutes":7920,"maxTotalMinutes":8640,"minConsecutiveShifts":2,"maxConsecutiveShifts":5,"minConsecutiveDaysOff":2,"maxWeekends":2,"daysOff":[9,13],"onRequests":[{"day":3,"shift":"p3","weight":1},{"day":4,"shift":"p3","weight":1},{"day":5,"shift":"p3","weight":1},{"day":6,"shift":"p3","weight":1}],"offRequests":null},{"id":"AO","maxShifts":[0,28,0,0,7,0,0,0,11,7,28,28,28,11,7,0,2,0],"minTotalMinutes":7920,"maxTotalMinutes":8640,"minConsecutiveShifts":2,"maxConsecutiveShifts":5,"minConsecutiveDaysOff":2,"maxWeekends":2,"daysOff":[4,5],"onRequests":[{"day":11,"shift":"p3","weight":2},{"day":12,"shift":"p3","weight":2},{"day":13,"shift":"p3","weight":2},{"day":14,"shift":"p3","weight":2},{"day":22,"shift":"d4","weight":3},{"day":23,"shift":"d4","weight":3},{"day":24,"shift":"d4","weight":3},{"day":25,"shift":"d4","weight":3},{"day":26,"shift":"d4","weight":3}],"offRequests":null},{"id":"AP","maxShifts":[28,28,28,11,0,28,0,28,11,7,28,28,0,11,0,0,2,2],"minTotalMinutes":7920,"maxTotalMinutes":8640,"minConsecutiveShifts":2,"maxConsecutiveShifts":5,"minConsecutiveDaysOff":2,"maxWeekends":2,"daysOff":[8,24],"onRequests":[{"day":10,"shift":"d5","weight":1}],"offRequests":[{"day":0,"shift":"a2","weight":1},{"day":1,"shift":"a2","weight":1},{"day":2,"shift":"a2","weight":1},{"day":3,"shift":"a2","weight":1},{"day":4,"shift":"a2","weight":1},{"day":17,"shift":"a3","weight":1},{"day":18,"shift":"a3","weight":1},{"day":19,"shift":"a3","weight":1},{"day":20,"shift":"a3","weight":1}]},{"id":"AQ","maxShifts":[28,28,0,0,7,28,28,28,11,7,28,28,28,11,7,3,2,0],"minTotalMinutes":7920,"maxTotalMinutes":8640,"minConsecutiveShifts":2,"maxConsecutiveShifts":5,"minConsecutiveDaysOff":2,"maxWeekends":2,"daysOff":[10,20],"onRequests":[{"day":0,"shift":"a1","weight":2},{"day":1,"shift":"a1","weight":2},{"day":2,"shift":"a1","weight":2},{"day":3,"shift":"a1","weight":2},{"day":4,"shift":"a1","weight":2},{"day":22,"shift":"p5","weight":1}],"offRequests":[{"day":11,"shift":"a5","weight":3},{"day":12,"shift":"a5","weight":3},{"day":13,"shift":"a5","weight":3},{"day":14,"shift":"a5","weight":3},{"day":15,"shift":"a5","weight":3}]},{"id":"AR","maxShifts":[28,28,0,11,7,28,28,28,11,7,28,0,28,11,0,3,0,2],"minTotalMinutes":7920,"maxTotalMinutes":8640,"minConsecutiveShifts":2,"maxConsecutiveShifts":5,"minConsecutiveDaysOff":2,"maxWeekends":2,"daysOff":[11,26],"onRequests":null,"offRequests":[{"day":23,"shift":"d2","weight":2},{"day":24,"shift":"d2","weight":2}]},{"id":"AS","maxShifts":[28,0,28,11,7,28,28,28,0,0,28,28,28,11,7,3,0,2],"minTotalMinutes":7920,"maxTotalMinutes":8640,"minConsecutiveShifts":2,"maxConsecutiveShifts":5,"minConsecutiveDaysOff":2,"maxWeekends":2,"daysOff":[1,27],"onRequests":null,"offRequests":[{"day":3,"shift":"n3","weight":3},{"day":4,"shift":"n3","weight":3},{"day":5,"shift":"n3","weight":3},{"day":6,"shift":"n3","weight":3},{"day":13,"shift":"d2","weight":2},{"day":14,"shift":"d2","weight":2},{"day":15,"shift":"d2","weight":2}]},{"id":"AT","maxShifts":[28,28,0,0,6,0,28,0,10,0,28,0,0,10,6,3,0,0],"minTotalMinutes":7440,"maxTotalMinutes":8160,"minConsecutiveShifts":2,"maxConsecutiveShifts":5,"minConsecutiveDaysOff":2,"maxWeekends":2,"daysOff":[22,27],"onRequests":[{"day":3,"shift":"p5","weight":3},{"day":4,"shift":"p5","weight":3},{"day":5,"shift":"p5","weight":3},{"day":6,"shift":"p5","weight":3},{"day":12,"shift":"d4","weight":3},{"day":13,"shift":"d4","weight":3},{"day":14,"shift":"d4","weight":3},{"day":15,"shift":"d4","weight":3},{"day":23,"shift":"p1","weight":2},{"day":24,"shift":"p1","weight":2},{"day":25,"shift":"p1","weight":2}],"offRequests":null},{"id":"AU","maxShifts":[0,28,0,0,0,28,28,0,10,6,28,28,28,0,6,3,2,0],"minTotalMinutes":7440,"maxTotalMinutes":8160,"minConsecutiveShifts":2,"maxConsecutiveShifts":5,"minConsecutiveDaysOff":2,"maxWeekends":2,"daysOff":[1,2],"onRequests":[{"day":4,"shift":"p2","weight":3},{"day":5,"shift":"p2","weight":3},{"day":12,"shift":"n1","weight":2},{"day":13,"shift":"n1","weight":2},{"day":14,"shift":"n1","weight":2},{"day":15,"shift":"n1","weight":2},{"day":19,"shift":"p5","weight":3},{"day":23,"shift":"d4","weight":1},{"day":24,"shift":"d4","weight":1}],"offRequests":null},{"id":"AV","maxShifts":[28,0,28,10,6,28,28,28,0,0,28,0,28,0,6,0,0,2],"minTotalMinutes":7440,"maxTotalMinutes":8160,"minConsecutiveShifts":2,"maxConsecutiveShifts":5,"minConsecutiveDaysOff":2,"maxWeekends":2,"daysOff":[10,23],"onRequests":[{"day":1,"shift":"p1","weight":2},{"day":15,"shift":"d1","weight":1},{"day":16,"shift":"d1","weight":1},{"day":17,"shift":"d1","weight":1}],"offRequests":null},{"id":"AW","maxShifts":[28,28,28,10,6,28,28,28,0,0,0,0,0,10,6,0,2,0],"minTotalMinutes":7440,"maxTotalMinutes":8160,"minConsecutiveShifts":2,"maxConsecutiveShifts":5,"minConsecutiveDaysOff":2,"maxWeekends":2,"daysOff":[16,17],"onRequests":[{"day":3,"shift":"d1","weight":3},{"day":10,"shift":"a1","weight":3}],"offRequests":[{"day":24,"shift":"a3","weight":1},{"day":25,"shift":"a3","weight":1}]},{"id":"AX","maxShifts":[0,28,0,10,6,28,0,28,0,6,28,28,0,10,6,3,2,2],"minTotalMinutes":7440,"maxTotalMinutes":8160,"minConsecutiveShifts":2,"maxConsecutiveShifts":5,"minConsecutiveDaysOff":2,"maxWeekends":2,"daysOff":[16,24],"onRequests":[{"day":3,"shift":"p1","weight":2},{"day":4,"shift":"p1","weight":2}],"offRequests":[{"day":9,"shift":"a2","weight":1},{"day":10,"shift":"a2","weight":1},{"day":11,"shift":"a2","weight":1}]},{"id":"AY","maxShifts":[28,28,28,10,6,28,0,28,10,0,28,0,28,10,6,3,2,2],"minTotalMinutes":7440,"maxTotalMinutes":8160,"minConsecutiveShifts":2,"maxConsecutiveShifts":5,"minConsecutiveDaysOff":2,"maxWeekends":2,"daysOff":[20,21],"onRequests":[{"day":9,"shift":"n1","weight":3},{"day":10,"shift":"n1","weight":3},{"day":11,"shift":"n1","weight":3},{"day":12,"shift":"n1","weight":3}],"offRequests":null},{"id":"AZ","maxShifts":[0,0,28,10,6,28,28,28,10,6,0,28,0,10,0,3,0,0],"minTotalMinutes":7440,"maxTotalMinutes":8160,"minConsecutiveShifts":2,"maxConsecutiveShifts":5,"minConsecutiveDaysOff":2,"maxWeekends":2,"daysOff":[7,8],"onRequests":null,"offRequests":[{"day":24,"shift":"d5","weight":2}]},{"id":"BA","maxShifts":[0,28,0,10,6,0,28,28,10,6,28,28,28,0,6,3,0,2],"minTotalMinutes":7440,"maxTotalMinutes":8160,"minConsecutiveShifts":2,"maxConsecutiveShifts":5,"minConsecutiveDaysOff":2,"maxWeekends":2,"daysOff":[7,8],"onRequests":[{"day":10,"shift":"d4","weight":1},{"day":16,"shift":"p5","weight":3},{"day":17,"shift":"p5","weight":3},{"day":18,"shift":"p5","weight":3},{"day":19,"shift":"p5","weight":3},{"day":20,"shift":"p5","weight":3}],"offRequests":null},{"id":"BB","maxShifts":[28,0,28,10,6,28,28,28,0,6,0,28,28,0,6,3,2,2],"minTotalMinutes":7440,"maxTotalMinutes":8160,"minConsecutiveShifts":2,"maxConsecutiveShifts":5,"minConsecutiveDaysOff":2,"maxWeekends":2,"daysOff":[0,1],"onRequests":[{"day":6,"shift":"a5","weight":1},{"day":7,"shift":"a5","weight":1},{"day":18,"shift":"a3","weight":3},{"day":19,"shift":"a3","weight":3}],"offRequests":null},{"id":"BC","maxShifts":[0,28,28,10,0,0,28,28,10,6,0,28,0,10,0,0,2,2],"minTotalMinutes":7440,"maxTotalMinutes":8160,"minConsecutiveShifts":2,"maxConsecutiveShifts":5,"minConsecutiveDaysOff":2,"maxWeekends":2,"daysOff":[7,17],"onRequests":[{"day":0,"shift":"p2","weight":1},{"day":1,"shift":"p2","weight":1},{"day":2,"shift":"p2","weight":1},{"day":3,"shift":"p2","weight":1},{"day":4,"shift":"p2","weight":1},{"day":14,"shift":"d3","weight":1},{"day":15,"shift":"d3","weight":1}],"offRequests":[{"day":21,"shift":"p2","weight":2},{"day":22,"shift":"p2","weight":2}]},{"id":"BD","maxShifts":[28,28,0,10,6,28,28,28,0,6,28,28,0,10,6,3,2,2],"minTotalMinutes":7440,"maxTotalMinutes":8160,"minConsecutiveShifts":2,"maxConsecutiveShifts":5,"minConsecutiveDaysOff":2,"maxWeekends":2,"daysOff":[19,20],"onRequests":[{"day":7,"shift":"n3","weight":3},{"day":8,"shift":"n3","weight":3},{"day":9,"shift":"n3","weight":3},{"day":10,"shift":"n3","weight":3},{"day":11,"shift":"n3","weight":3},{"day":15,"shift":"a5","weight":3}],"offRequests":[{"day":22,"shift":"a5","weight":2},{"day":23,"shift":"a5","weight":2},{"day":24,"shift":"a5","weight":2},{"day":25,"shift":"a5","weight":2}]},{"id":"BE","maxShifts":[28,28,28,10,6,28,0,28,10,6,28,28,28,10,0,3,2,2],"minTotalMinutes":7440,"maxTotalMinutes":8160,"minConsecutiveShifts":2,"maxConsecutiveShifts":5,"minConsecutiveDaysOff":2,"maxWeekends":2,"daysOff":[5,11],"onRequests":[{"day":22,"shift":"a5","weight":1},{"day":23,"shift":"a5","weight":1},{"day":24,"shift":"a5","weight":1},{"day":25,"shift":"a5","weight":1}],"offRequests":[{"day":12,"shift":"d4","weight":1},{"day":13,"shift":"d4","weight":1},{"day":14,"shift":"d4","weight":1},{"day":15,"shift":"d4","weight":1}]},{"id":"BF","maxShifts":[28,28,28,10,6,28,28,28,10,6,28,28,28,10,6,3,2,2],"minTotalMinutes":7440,"maxTotalMinutes":8160,"minConsecutiveShifts":2,"maxConsecutiveShifts":5,"minConsecutiveDaysOff":2,"maxWeekends":2,"daysOff":[6,7],"onRequests":[{"day":0,"shift":"p5","weight":3},{"day":1,"shift":"p5","weight":3},{"day":2,"shift":"p5","weight":3},{"day":3,"shift":"p5","weight":3},{"day":4,"shift":"p5","weight":3},{"day":12,"shift":"d1","weight":3}],"offRequests":null},{"id":"BG","maxShifts":[28,0,28,10,0,28,0,0,10,0,28,28,28,10,6,3,2,2],"minTotalMinutes":7440,"maxTotalMinutes":8160,"minConsecutiveShifts":2,"maxConsecutiveShifts":5,"minConsecutiveDaysOff":2,"maxWeekends":2,"daysOff":[6,10],"onRequests":[{"day":1,"shift":"a3","weight":3},{"day":14,"shift":"a3","weight":2},{"day":15,"shift":"a3","weight":2},{"day":19,"shift":"n2","weight":3},{"day":20,"shift":"n2","weight":3},{"day":21,"shift":"n2","weight":3},{"day":22,"shift":"n2","weight":3},{"day":23,"shift":"n2","weight":3}],"offRequests":null},{"id":"BH","maxShifts":[28,28,28,10,0,28,28,28,10,6,0,28,28,10,0,3,2,2],"minTotalMinutes":7440,"maxTotalMinutes":8160,"minConsecutiveShifts":2,"maxConsecutiveShifts":5,"minConsecutiveDaysOff":2,"maxWeekends":2,"daysOff":[20,21],"onRequests":[{"day":15,"shift":"n1","weight":2}],"offRequests":[{"day":2,"shift":"p2","weight":1},{"day":3,"shift":"p2","weight":1},{"day":22,"shift":"d4","weight":1},{"day":23,"shift":"d4","weight":1},{"day":24,"shift":"d4","weight":1}]},{"id":"BI","maxShifts":[28,28,0,10,0,0,0,0,10,6,0,0,28,0,0,0,0,2],"minTotalMinutes":7440,"maxTotalMinutes":8160,"minConsecutiveShifts":2,"maxConsecutiveShifts":5,"minConsecutiveDaysOff":2,"maxWeekends":2,"daysOff":[8,9],"onRequests":[{"day":21,"shift":"d4","weight":3},{"day":22,"shift":"d4","weight":3},{"day":23,"shift":"d4","weight":3}],"offRequests":[{"day":11,"shift":"d4","weight":2},{"day":12,"shift":"d4","weight":2},{"day":13,"shift":"d4","weight":2},{"day":14,"shift":"d4","weight":2}]},{"id":"BJ","maxShifts":[0,28,28,0,0,28,28,0,10,6,28,28,28,0,6,0,2,2],"minTotalMinutes":7440,"maxTotalMinutes":8160,"minConsecutiveShifts":2,"maxConsecutiveShifts":5,"minConsecutiveDaysOff":2,"maxWeekends":2,"daysOff":[25,26],"onRequests":[{"day":3,"shift":"n2","weight":3},{"day":9,"shift":"n2","weight":3},{"day":10,"shift":"n2","weight":3},{"day":11,"shift":"n2","weight":3},{"day":12,"shift":"n2","weight":3},{"day":17,"shift":"p2","weight":2},{"day":18,"shift":"p2","weight":2},{"day":19,"shift":"p2","weight":2},{"day":27,"shift":"n2","weight":2}],"offRequests":null},{"id":"BK","maxShifts":[0,0,28,10,6,28,0,28,10,6,28,28,28,0,0,0,2,2],"minTotalMinutes":7440,"maxTotalMinutes":8160,"minConsecutiveShifts":2,"maxConsecutiveShifts":5,"minConsecutiveDaysOff":2,"maxWeekends":2,"daysOff":[1,22],"onRequests":[{"day":6,"shift":"d4","weight":3},{"day":7,"shift":"d4","weight":3},{"day":8,"shift":"d4","weight":3},{"day":9,"shift":"d4","weight":3}],"offRequests":[{"day":16,"shift":"p2","weight":1},{"day":17,"shift":"p2","weight":1},{"day":18,"shift":"p2","weight":1}]},{"id":"BL","maxShifts":[28,28,0,10,6,28,28,28,0,0,28,28,28,10,6,3,0,2],"minTotalMinutes":7440,"maxTotalMinutes":8160,"minConsecutiveShifts":2,"maxConsecutiveShifts":5,"minConsecutiveDaysOff":2,"maxWeekends":2,"daysOff":[0,6],"onRequests":[{"day":13,"shift":"n3","weight":2},{"day":14,"shift":"n3","weight":2}],"offRequests":[{"day":19,"shift":"p4","weight":2},{"day":20,"shift":"p4","weight":2}]},{"id":"BM","maxShifts":[0,28,0,10,6,28,28,28,10,0,28,28,28,0,6,3,2,2],"minTotalMinutes":7440,"maxTotalMinutes":8160,"minConsecutiveShifts":2,"maxConsecutiveShifts":5,"minConsecutiveDaysOff":2,"maxWeekends":2,"daysOff":[3,24],"onRequests":[{"day":2,"shift":"d1","weight":3}],"offRequests":[{"day":15,"shift":"a5","weight":2},{"day":16,"shift":"a5","weight":2},{"day":17,"shift":"a5","weight":2}]},{"id":"BN","maxShifts":[0,28,28,0,6,28,28,0,0,6,28,0,28,0,6,3,2,0],"minTotalMinutes":7440,"maxTotalMinutes":8160,"minConsecutiveShifts":2,"maxConsecutiveShifts":5,"minConsecutiveDaysOff":2,"maxWeekends":2,"daysOff":[18,24],"onRequests":[{"day":1,"shift":"n2","weight":1},{"day":8,"shift":"n1","weight":2},{"day":9,"shift":"n1","weight":2},{"day":10,"shift":"n1","weight":2},{"day":11,"shift":"n1","weight":2},{"day":12,"shift":"n1","weight":2},{"day":20,"shift":"d5","weight":2}],"offRequests":null},{"id":"BO","maxShifts":[28,28,28,10,6,28,28,28,10,6,28,28,0,10,0,3,0,2],"minTotalMinutes":7440,"maxTotalMinutes":8160,"minConsecutiveShifts":2,"maxConsecutiveShifts":5,"minConsecutiveDaysOff":2,"maxWeekends":2,"daysOff":[18,23],"onRequests":[{"day":8,"shift":"n1","weight":3},{"day":9,"shift":"n1","weight":3},{"day":10,"shift":"n1","weight":3},{"day":11,"shift":"n1","weight":3},{"day":12,"shift":"n1","weight":3}],"offRequests":null},{"id":"BP","maxShifts":[0,28,0,10,6,28,28,0,10,6,28,28,28,0,0,0,0,2],"minTotalMinutes":7440,"maxTotalMinutes":8160,"minConsecutiveShifts":2,"maxConsecutiveShifts":5,"minConsecutiveDaysOff":2,"maxWeekends":2,"daysOff":[14,15],"onRequests":null,"offRequests":[{"day":1,"shift":"a5","weight":1},{"day":2,"shift":"a5","weight":1},{"day":3,"shift":"a5","weight":1},{"day":4,"shift":"a5","weight":1},{"day":5,"shift":"a5","weight":1},{"day":24,"shift":"d2","weight":3},{"day":25,"shift":"d2","weight":3}]},{"id":"BQ","maxShifts":[28,0,0,10,0,28,28,28,10,6,28,28,0,10,6,0,2,2],"minTotalMinutes":7440,"maxTotalMinutes":8160,"minConsecutiveShifts":2,"maxConsecutiveShifts":5,"minConsecutiveDaysOff":2,"maxWeekends":2,"daysOff":[22,23],"onRequests":[{"day":9,"shift":"n3","weight":3},{"day":10,"shift":"n3","weight":3},{"day":11,"shift":"n3","weight":3},{"day":12,"shift":"n3","weight":3},{"day":13,"shift":"n3","weight":3}],"offRequests":[{"day":2,"shift":"a1","weight":3},{"day":3,"shift":"a1","weight":3},{"day":4,"shift":"a1","weight":3},{"day":5,"shift":"a1","weight":3}]},{"id":"BR","maxShifts":[0,28,0,10,0,28,28,28,10,6,0,0,0,10,6,0,2,2],"minTotalMinutes":7440,"maxTotalMinutes":8160,"minConsecutiveShifts":2,"maxConsecutiveShifts":5,"minConsecutiveDaysOff":2,"maxWeekends":2,"daysOff":[6,7],"onRequests":[{"day":0,"shift":"d3","weight":2},{"day":13,"shift":"n3","weight":2},{"day":14,"shift":"n3","weight":2},{"day":15,"shift":"n3","weight":2},{"day":16,"shift":"n3","weight":2},{"day":22,"shift":"p5","weight":1},{"day":23,"shift":"p5","weight":1}],"offRequests":null},{"id":"BS","maxShifts":[0,28,0,10,0,0,0,28,10,6,28,0,0,10,6,3,0,0],"minTotalMinutes":7440,"maxTotalMinutes":8160,"minConsecutiveShifts":2,"maxConsecutiveShifts":5,"minConsecutiveDaysOff":2,"maxWeekends":2,"daysOff":[15,16],"onRequests":[{"day":6,"shift":"d5","weight":1},{"day":7,"shift":"d5","weight":1},{"day":8,"shift":"d5","weight":1},{"day":18,"shift":"p1","weight":2},{"day":19,"shift":"p1","weight":2},{"day":20,"shift":"p1","weight":2},{"day":21,"shift":"p1","weight":2},{"day":25,"shift":"n1","weight":3},{"day":26,"shift":"n1","weight":3},{"day":27,"shift":"n1","weight":3}],"offRequests":[{"day":2,"shift":"p4","weight":2}]},{"id":"BT","maxShifts":[0,0,0,10,0,0,28,28,10,6,28,0,28,0,0,3,2,0],"minTotalMinutes":7440,"maxTotalMinutes":8160,"minConsecutiveShifts":2,"maxConsecutiveShifts":5,"minConsecutiveDaysOff":2,"maxWeekends":2,"daysOff":[14,15],"onRequests":[{"day":16,"shift":"a4","weight":3},{"day":17,"shift":"a4","weight":3},{"day":18,"shift":"a4","weight":3},{"day":19,"shift":"a4","weight":3},{"day":20,"shift":"a4","weight":3}],"offRequests":[{"day":6,"shift":"d5","weight":1},{"day":7,"shift":"d5","weight":1},{"day":8,"shift":"d5","weight":1},{"day":9,"shift":"d5","weight":1},{"day":10,"shift":"d5","weight":1},{"day":24,"shift":"d2","weight":1},{"day":25,"shift":"d2","weight":1},{"day":26,"shift":"d2","weight":1},{"day":27,"shift":"d2","weight":1}]},{"id":"BU","maxShifts":[28,0,28,10,6,28,28,28,10,0,28,0,0,10,6,3,2,2],"minTotalMinutes":7440,"maxTotalMinutes":8160,"minConsecutiveShifts":2,"maxConsecutiveShifts":5,"minConsecutiveDaysOff":2,"maxWeekends":2,"daysOff":[14,27],"onRequests":[{"day":4,"shift":"p5","weight":3},{"day":5,"shift":"p5","weight":3},{"day":6,"shift":"p5","weight":3},{"day":18,"shift":"n1","weight":2},{"day":19,"shift":"n1","weight":2},{"day":24,"shift":"a4","weight":1}],"offRequests":null},{"id":"BV","maxShifts":[28,28,28,10,6,28,0,28,10,0,0,28,28,0,0,0,0,2],"minTotalMinutes":7440,"maxTotalMinutes":8160,"minConsecutiveShifts":2,"maxConsecutiveShifts":5,"minConsecutiveDaysOff":2,"maxWeekends":2,"daysOff":[14,15],"onRequests":[{"day":11,"shift":"d3","weight":3},{"day":17,"shift":"a2","weight":3},{"day":21,"shift":"d4","weight":1},{"day":22,"shift":"d4","weight":1}],"offRequests":[{"day":2,"shift":"a3","weight":2},{"day":3,"shift":"a3","weight":2},{"day":4,"shift":"a3","weight":2}]},{"id":"BW","maxShifts":[0,28,28,0,6,28,28,28,10,0,0,28,28,0,6,0,2,2],"minTotalMinutes":7440,"maxTotalMinutes":8160,"minConsecutiveShifts":2,"maxConsecutiveShifts":5,"minConsecutiveDaysOff":2,"maxWeekends":2,"daysOff":[13,14],"onRequests":null,"offRequests":[{"day":1,"shift":"d3","weight":2},{"day":2,"shift":"d3","weight":2},{"day":3,"shift":"d3","weight":2},{"day":4,"shift":"d3","weight":2},{"day":5,"shift":"d3","weight":2},{"day":22,"shift":"a5","weight":1},{"day":23,"shift":"a5","weight":1}]},{"id":"BX","maxShifts":[0,0,0,10,6,28,28,0,10,6,28,28,28,10,6,0,2,2],"minTotalMinutes":7440,"maxTotalMinutes":8160,"minConsecutiveShifts":2,"maxConsecutiveShifts":5,"minConsecutiveDaysOff":2,"maxWeekends":2,"daysOff":[22,23],"onRequests":[{"day":1,"shift":"p1","weight":2},{"day":2,"shift":"p1","weight":2},{"day":3,"shift":"p1","weight":2},{"day":16,"shift":"d5","weight":1},{"day":17,"shift":"d5","weight":1},{"day":25,"shift":"a5","weight":2},{"day":26,"shift":"a5","weight":2},{"day":27,"shift":"a5","weight":2}],"offRequests":[{"day":7,"shift":"p1","weight":1},{"day":8,"shift":"p1","weight":1},{"day":9,"shift":"p1","weight":1}]},{"id":"BY","maxShifts":[28,28,28,10,0,28,28,28,10,0,0,28,0,10,6,0,2,2],"minTotalMinutes":7440,"maxTotalMinutes":8160,"minConsecutiveShifts":2,"maxConsecutiveShifts":5,"minConsecutiveDaysOff":2,"maxWeekends":2,"daysOff":[15,16],"onRequests":[{"day":26,"shift":"n2","weight":1},{"day":27,"shift":"n2","weight":1}],"offRequests":[{"day":0,"shift":"n3","weight":1},{"day":1,"shift":"n3","weight":1},{"day":8,"shift":"a4","weight":1},{"day":9,"shift":"a4","weight":1},{"day":10,"shift":"a4","weight":1}]},{"id":"BZ","maxShifts":[28,28,0,10,6,28,28,28,10,6,28,28,28,0,6,0,2,2],"minTotalMinutes":7440,"maxTotalMinutes":8160,"minConsecutiveShifts":2,"maxConsecutiveShifts":5,"minConsecutiveDaysOff":2,"maxWeekends":2,"daysOff":[7,23],"onRequests":[{"day":3,"shift":"p5","weight":3},{"day":12,"shift":"a4","weight":3},{"day":13,"shift":"a4","weight":3},{"day":14,"shift":"a4","weight":3},{"day":15,"shift":"a4","weight":3},{"day":16,"shift":"a4","weight":3},{"day":26,"shift":"d3","weight":2}],"offRequests":null},{"id":"CA","maxShifts":[28,28,28,10,6,28,28,28,10,0,28,28,28,10,6,3,2,2],"minTotalMinutes":7440,"maxTotalMinutes":8160,"minConsecutiveShifts":2,"maxConsecutiveShifts":5,"minConsecutiveDaysOff":2,"maxWeekends":2,"daysOff":[25,26],"onRequests":null,"offRequests":[{"day":3,"shift":"p5","weight":1},{"day":14,"shift":"d2","weight":3},{"day":15,"shift":"d2","weight":3}]},{"id":"CB","maxShifts":[28,28,28,0,6,28,0,28,10,6,28,28,0,10,6,3,2,0],"minTotalMinutes":7440,"maxTotalMinutes":8160,"minConsecutiveShifts":2,"maxConsecutiveShifts":5,"minConsecutiveDaysOff":2,"maxWeekends":2,"daysOff":[10,17],"onRequests":[{"day":3,"shift":"d4","weight":1},{"day":4,"shift":"d4","weight":1},{"day":5,"shift":"d4","weight":1},{"day":6,"shift":"d4","weight":1},{"day":7,"shift":"d4","weight":1}],"offRequests":[{"day":22,"shift":"d5","weight":3},{"day":23,"shift":"d5","weight":3},{"day":24,"shift":"d5","weight":3},{"day":25,"shift":"d5","weight":3},{"day":26,"shift":"d5","weight":3}]},{"id":"CC","maxShifts":[0,28,28,10,6,28,28,28,10,0,28,28,0,0,0,3,2,2],"minTotalMinutes":7440,"maxTotalMinutes":8160,"minConsecutiveShifts":2,"maxConsecutiveShifts":5,"minConsecutiveDaysOff":2,"maxWeekends":2,"daysOff":[1,7],"onRequests":[{"day":22,"shift":"a4","weight":3},{"day":23,"shift":"a4","weight":3},{"day":24,"shift":"a4","weight":3},{"day":25,"shift":"a4","weight":3}],"offRequests":[{"day":9,"shift":"n2","weight":2},{"day":10,"shift":"n2","weight":2},{"day":11,"shift":"n2","weight":2}]},{"id":"CD","maxShifts":[28,28,28,10,6,28,28,28,0,6,0,28,28,0,6,3,2,2],"minTotalMinutes":7440,"maxTotalMinutes":8160,"minConsecutiveShifts":2,"maxConsecutiveShifts":5,"minConsecutiveDaysOff":2,"maxWeekends":2,"daysOff":[22,23],"onRequests":null,"offRequests":[{"day":2,"shift":"n2","weight":3},{"day":9,"shift":"n1","weight":3},{"day":10,"shift":"n1","weight":3},{"day":11,"shift":"n1","weight":3}]},{"id":"CE","maxShifts":[28,28,0,0,0,0,28,0,0,6,28,0,28,10,6,0,2,2],"minTotalMinutes":7440,"maxTotalMinutes":8160,"minConsecutiveShifts":2,"maxConsecutiveShifts":5,"minConsecutiveDaysOff":2,"maxWeekends":2,"daysOff":[19,24],"onRequests":[{"day":13,"shift":"n2","weight":2},{"day":14,"shift":"n2","weight":2}],"offRequests":[{"day":23,"shift":"a2","weight":3}]},{"id":"CF","maxShifts":[28,28,0,10,0,0,28,28,0,6,28,28,0,0,6,3,2,2],"minTotalMinutes":7440,"maxTotalMinutes":8160,"minConsecutiveShifts":2,"maxConsecutiveShifts":5,"minConsecutiveDaysOff":2,"maxWeekends":2,"daysOff":[23,24],"onRequests":[{"day":2,"shift":"n1","weight":3},{"day":3,"shift":"n1","weight":3},{"day":10,"shift":"a1","weight":3},{"day":11,"shift":"a1","weight":3},{"day":16,"shift":"d3","weight":1},{"day":17,"shift":"d3","weight":1},{"day":18,"shift":"d3","weight":1},{"day":19,"shift":"d3","weight":1},{"day":20,"shift":"d3","weight":1},{"day":25,"shift":"d3","weight":3}],"offRequests":null},{"id":"CG","maxShifts":[28,28,28,10,6,28,28,0,0,6,28,0,0,10,6,0,2,2],"minTotalMinutes":7440,"maxTotalMinutes":8160,"minConsecutiveShifts":2,"maxConsecutiveShifts":5,"minConsecutiveDaysOff":2,"maxWeekends":2,"daysOff":[0,9],"onRequests":[{"day":7,"shift":"a5","weight":1},{"day":14,"shift":"a1","weight":3},{"day":15,"shift":"a1","weight":3}],"offRequests":[{"day":3,"shift":"a2","weight":1}]},{"id":"CH","maxShifts":[0,28,28,10,6,28,28,0,0,6,28,28,28,10,0,0,0,2],"minTotalMinutes":7440,"maxTotalMinutes":8160,"minConsecutiveShifts":2,"maxConsecutiveShifts":5,"minConsecutiveDaysOff":2,"maxWeekends":2,"daysOff":[9,18],"onRequests":[{"day":0,"shift":"p2","weight":1},{"day":1,"shift":"p2","weight":1},{"day":2,"shift":"p2","weight":1},{"day":3,"shift":"p2","weight":1},{"day":4,"shift":"p2","weight":1}],"offRequests":null},{"id":"CI","maxShifts":[0,28,28,10,6,28,28,28,0,0,28,28,28,0,6,0,0,2],"minTotalMinutes":7440,"maxTotalMinutes":8160,"minConsecutiveShifts":2,"maxConsecutiveShifts":5,"minConsecutiveDaysOff":2,"maxWeekends":2,"daysOff":[4,16],"onRequests":[{"day":2,"shift":"d2","weight":2},{"day":3,"shift":"d2","weight":2},{"day":8,"shift":"a2","weight":2},{"day":9,"shift":"a2","weight":2},{"day":10,"shift":"a2","weight":2},{"day":11,"shift":"a2","weight":2},{"day":12,"shift":"a2","weight":2},{"day":24,"shift":"n3","weight":2}],"offRequests":[{"day":18,"shift":"d1","weight":3}]},{"id":"CJ","maxShifts":[0,28,0,10,6,0,28,28,10,6,28,28,28,10,6,3,0,2],"minTotalMinutes":7440,"maxTotalMinutes":8160,"minConsecutiveShifts":2,"maxConsecutiveShifts":5,"minConsecutiveDaysOff":2,"maxWeekends":2,"daysOff":[13,14],"onRequests":[{"day":1,"shift":"n1","weight":1},{"day":2,"shift":"n1","weight":1},{"day":3,"shift":"n1","weight":1},{"day":15,"shift":"d3","weight":2},{"day":23,"shift":"d3","weight":2},{"day":24,"shift":"d3","weight":2},{"day":25,"shift":"d3","weight":2}],"offRequests":null},{"id":"CK","maxShifts":[28,28,0,10,6,28,28,28,10,6,28,28,0,10,0,3,2,2],"minTotalMinutes":7440,"maxTotalMinutes":8160,"minConsecutiveShifts":2,"maxConsecutiveShifts":5,"minConsecutiveDaysOff":2,"maxWeekends":2,"daysOff":[0,24],"onRequests":[{"day":8,"shift":"a4","weight":2},{"day":9,"shift":"a4","weight":2},{"day":26,"shift":"p2","weight":1},{"day":27,"shift":"p2","weight":1}],"offRequests":null},{"id":"CL","maxShifts":[28,28,28,10,6,28,28,0,0,0,28,28,28,10,0,3,2,2],"minTotalMinutes":7440,"maxTotalMinutes":8160,"minConsecutiveShifts":2,"maxConsecutiveShifts":5,"minConsecutiveDaysOff":2,"maxWeekends":2,"daysOff":[8,12],"onRequests":null,"offRequests":[{"day":15,"shift":"a4","weight":1},{"day":16,"shift":"a4","weight":1},{"day":17,"shift":"a4","weight":1},{"day":18,"shift":"a4","weight":1},{"day":23,"shift":"n1","weight":3},{"day":24,"shift":"n1","weight":3}]},{"id":"CM","maxShifts":[0,28,0,11,0,28,28,28,11,7,0,28,0,11,7,3,0,2],"minTotalMinutes":7920,"maxTotalMinutes":8640,"minConsecutiveShifts":2,"maxConsecutiveShifts":6,"minConsecutiveDaysOff":3,"maxWeekends":2,"daysOff":[2,3],"onRequests":[{"day":11,"shift":"d2","weight":2},{"day":12,"shift":"d2","weight":2},{"day":13,"shift":"d2","weight":2},{"day":14,"shift":"d2","weight":2},{"day":15,"shift":"d2","weight":2}],"offRequests":null},{"id":"CN","maxShifts":[28,0,0,11,0,28,28,28,11,7,28,28,28,11,7,0,0,0],"minTotalMinutes":7920,"maxTotalMinutes":8640,"minConsecutiveShifts":2,"maxConsecutiveShifts":6,"minConsecutiveDaysOff":3,"maxWeekends":2,"daysOff":[15,20],"onRequests":[{"day":9,"shift":"p2","weight":3},{"day":10,"shift":"p2","weight":3},{"day":11,"shift":"p2","weight":3},{"day":12,"shift":"p2","weight":3},{"day":19,"shift":"p2","weight":3},{"day":23,"shift":"d4","weight":3},{"day":24,"shift":"d4","weight":3},{"day":25,"shift":"d4","weight":3},{"day":26,"shift":"d4","weight":3}],"offRequests":null},{"id":"CO","maxShifts":[28,0,28,11,7,28,28,28,11,0,28,0,28,11,7,0,2,2],"minTotalMinutes":7920,"maxTotalMinutes":8640,"minConsecutiveShifts":2,"maxConsecutiveShifts":6,"minConsecutiveDaysOff":3,"maxWeekends":2,"daysOff":[3,4],"onRequests":[{"day":16,"shift":"p1","weight":2},{"day":17,"shift":"p1","weight":2},{"day":18,"shift":"p1","weight":2},{"day":19,"shift":"p1","weight":2}],"offRequests":[{"day":5,"shift":"n2","weight":1},{"day":6,"shift":"n2","weight":1}]},{"id":"CP","maxShifts":[28,28,0,11,7,28,28,28,11,7,28,28,0,11,0,3,0,0],"minTotalMinutes":7920,"maxTotalMinutes":8640,"minConsecutiveShifts":2,"maxConsecutiveShifts":6,"minConsecutiveDaysOff":3,"maxWeekends":2,"daysOff":[18,19],"onRequests":[{"day":13,"shift":"a5","weight":1},{"day":14,"shift":"a5","weight":1},{"day":15,"shift":"a5","weight":1},{"day":16,"shift":"a5","weight":1},{"day":17,"shift":"a5","weight":1}],"offRequests":null},{"id":"CQ","maxShifts":[28,0,28,11,7,28,0,0,0,7,28,28,28,0,0,0,2,2],"minTotalMinutes":7920,"maxTotalMinutes":8640,"minConsecutiveShifts":2,"maxConsecutiveShifts":6,"minConsecutiveDaysOff":3,"maxWeekends":2,"daysOff":[3,4],"onRequests":[{"day":5,"shift":"a1","weight":1},{"day":6,"shift":"a1","weight":1},{"day":7,"shift":"a1","weight":1},{"day":8,"shift":"a1","weight":1},{"day":12,"shift":"a5","weight":2},{"day":13,"shift":"a5","weight":2},{"day":14,"shift":"a5","weight":2},{"day":15,"shift":"a5","weight":2},{"day":16,"shift":"a5","weight":2}],"offRequests":[{"day":20,"shift":"a4","weight":2},{"day":21,"shift":"a4","weight":2},{"day":22,"shift":"a4","weight":2},{"day":23,"shift":"a4","weight":2}]},{"id":"CR","maxShifts":[0,28,28,11,7,0,28,0,11,0,28,0,28,11,0,3,2,2],"minTotalMinutes":7920,"maxTotalMinutes":8640,"minConsecutiveShifts":2,"maxConsecutiveShifts":6,"minConsecutiveDaysOff":3,"maxWeekends":2,"daysOff":[13,14],"onRequests":[{"day":2,"shift":"d2","weight":3},{"day":3,"shift":"d2","weight":3},{"day":4,"shift":"d2","weight":3},{"day":8,"shift":"a2","weight":2},{"day":9,"shift":"a2","weight":2},{"day":10,"shift":"a2","weight":2},{"day":11,"shift":"a2","weight":2},{"day":17,"shift":"d2","weight":2},{"day":18,"shift":"d2","weight":2},{"day":19,"shift":"d2","weight":2}],"offRequests":null},{"id":"CS","maxShifts":[0,0,28,0,7,0,0,28,11,7,28,28,28,11,7,3,2,0],"minTotalMinutes":7920,"maxTotalMinutes":8640,"minConsecutiveShifts":2,"maxConsecutiveShifts":6,"minConsecutiveDaysOff":3,"maxWeekends":2,"daysOff":[15,16],"onRequests":[{"day":0,"shift":"d5","weight":3},{"day":1,"shift":"d5","weight":3},{"day":2,"shift":"d5","weight":3},{"day":3,"shift":"d5","weight":3},{"day":18,"shift":"a5","weight":1},{"day":19,"shift":"a5","weight":1}],"offRequests":[{"day":9,"shift":"p5","weight":3},{"day":10,"shift":"p5","weight":3}]},{"id":"CT","maxShifts":[28,28,28,11,7,28,28,0,11,0,0,0,28,0,7,0,2,2],"minTotalMinutes":7920,"maxTotalMinutes":8640,"minConsecutiveShifts":2,"maxConsecutiveShifts":6,"minConsecutiveDaysOff":3,"maxWeekends":2,"daysOff":[22,23],"onRequests":[{"day":5,"shift":"a1","weight":1},{"day":6,"shift":"a1","weight":1},{"day":7,"shift":"a1","weight":1},{"day":14,"shift":"d1","weight":2},{"day":15,"shift":"d1","weight":2},{"day":16,"shift":"d1","weight":2}],"offRequests":[{"day":25,"shift":"d4","weight":1},{"day":26,"shift":"d4","weight":1}]},{"id":"CU","maxShifts":[28,28,28,0,7,28,28,0,0,7,0,28,0,0,7,3,0,2],"minTotalMinutes":7920,"maxTotalMinutes":8640,"minConsecutiveShifts":2,"maxConsecutiveShifts":6,"minConsecutiveDaysOff":3,"maxWeekends":2,"daysOff":[25,26],"onRequests":[{"day":2,"shift":"a2","weight":1},{"day":3,"shift":"a2","weight":1},{"day":4,"shift":"a2","weight":1},{"day":13,"shift":"a3","weight":1},{"day":14,"shift":"a3","weight":1},{"day":15,"shift":"a3","weight":1},{"day":16,"shift":"a3","weight":1}],"offRequests":null},{"id":"CV","maxShifts":[28,28,28,11,0,28,28,28,0,0,28,0,28,11,0,3,2,2],"minTotalMinutes":7920,"maxTotalMinutes":8640,"minConsecutiveShifts":2,"maxConsecutiveShifts":6,"minConsecutiveDaysOff":3,"maxWeekends":2,"daysOff":[6,7],"onRequests":[{"day":13,"shift":"p4","weight":1},{"day":14,"shift":"p4","weight":1},{"day":15,"shift":"p4","weight":1},{"day":16,"shift":"p4","weight":1},{"day":17,"shift":"p4","weight":1}],"offRequests":null},{"id":"CW","maxShifts":[28,28,28,6,4,28,28,28,6,4,28,28,0,6,4,2,0,0],"minTotalMinutes":4440,"maxTotalMinutes":5160,"minConsecutiveShifts":2,"maxConsecutiveShifts":5,"minConsecutiveDaysOff":2,"maxWeekends":3,"daysOff":[17,18],"onRequests":[{"day":0,"shift":"p1","weight":3},{"day":1,"shift":"p1","weight":3},{"day":6,"shift":"p2","weight":1},{"day":14,"shift":"a3","weight":1},{"day":15,"shift":"a3","weight":1},{"day":16,"shift":"a3","weight":1}],"offRequests":null},{"id":"CX","maxShifts":[28,0,28,6,4,0,28,28,0,4,28,0,28,6,4,2,1,1],"minTotalMinutes":4440,"maxTotalMinutes":5160,"minConsecutiveShifts":2,"maxConsecutiveShifts":5,"minConsecutiveDaysOff":2,"maxWeekends":3,"daysOff":[17,23],"onRequests":[{"day":11,"shift":"n3","weight":3},{"day":12,"shift":"n3","weight":3}],"offRequests":[{"day":0,"shift":"p4","weight":1},{"day":1,"shift":"p4","weight":1},{"day":2,"shift":"p4","weight":1},{"day":3,"shift":"p4","weight":1},{"day":4,"shift":"p4","weight":1},{"day":19,"shift":"n3","weight":3},{"day":20,"shift":"n3","weight":3},{"day":24,"shift":"p3","weight":2}]},{"id":"CY","maxShifts":[28,28,28,0,4,0,28,0,6,0,28,28,0,6,0,2,0,1],"minTotalMinutes":4440,"maxTotalMinutes":5160,"minConsecutiveShifts":2,"maxConsecutiveShifts":5,"minConsecutiveDaysOff":2,"maxWeekends":3,"daysOff":[12,15],"onRequests":[{"day":3,"shift":"a1","weight":1},{"day":8,"shift":"n1","weight":3},{"day":9,"shift":"n1","weight":3}],"offRequests":[{"day":16,"shift":"a3","weight":3},{"day":17,"shift":"a3","weight":3},{"day":24,"shift":"p4","weight":2}]},{"id":"CZ","maxShifts":[0,28,28,6,0,28,28,0,6,0,28,28,28,6,4,0,1,1],"minTotalMinutes":4440,"maxTotalMinutes":5160,"minConsecutiveShifts":2,"maxConsecutiveShifts":5,"minConsecutiveDaysOff":2,"maxWeekends":3,"daysOff":[25,26],"onRequests":null,"offRequests":[{"day":1,"shift":"d4","weight":1},{"day":2,"shift":"d4","weight":1},{"day":3,"shift":"d4","weight":1},{"day":9,"shift":"p4","weight":1},{"day":10,"shift":"p4","weight":1},{"day":11,"shift":"p4","weight":1},{"day":12,"shift":"p4","weight":1},{"day":19,"shift":"n3","weight":1},{"day":20,"shift":"n3","weight":1},{"day":21,"shift":"n3","weight":1},{"day":22,"shift":"n3","weight":1}]},{"id":"DA","maxShifts":[0,28,28,0,4,0,28,28,6,4,28,0,28,0,4,2,1,1],"minTotalMinutes":4440,"maxTotalMinutes":5160,"minConsecutiveShifts":2,"maxConsecutiveShifts":5,"minConsecutiveDaysOff":2,"maxWeekends":3,"daysOff":[11,26],"onRequests":[{"day":6,"shift":"d3","weight":3},{"day":21,"shift":"d3","weight":2}],"offRequests":[{"day":12,"shift":"n1","weight":2},{"day":13,"shift":"n1","weight":2}]},{"id":"DB","maxShifts":[28,0,28,6,4,28,0,28,0,4,0,28,28,0,4,2,1,0],"minTotalMinutes":4440,"maxTotalMinutes":5160,"minConsecutiveShifts":2,"maxConsecutiveShifts":5,"minConsecutiveDaysOff":2,"maxWeekends":3,"daysOff":[15,16],"onRequests":[{"day":18,"shift":"p2","weight":3},{"day":19,"shift":"p2","weight":3},{"day":20,"shift":"p2","weight":3}],"offRequests":null},{"id":"DC","maxShifts":[28,28,28,0,4,28,0,28,6,0,28,0,28,6,0,2,0,1],"minTotalMinutes":4440,"maxTotalMinutes":5160,"minConsecutiveShifts":2,"maxConsecutiveShifts":5,"minConsecutiveDaysOff":2,"maxWeekends":3,"daysOff":[15,16],"onRequests":[{"day":18,"shift":"a5","weight":3},{"day":19,"shift":"a5","weight":3},{"day":20,"shift":"a5","weight":3}],"offRequests":[{"day":1,"shift":"n1","weight":2},{"day":2,"shift":"n1","weight":2},{"day":3,"shift":"n1","weight":2},{"day":4,"shift":"n1","weight":2}]},{"id":"DD","maxShifts":[0,28,28,0,4,28,28,28,0,4,0,28,28,6,4,2,1,0],"minTotalMinutes":4440,"maxTotalMinutes":5160,"minConsecutiveShifts":2,"maxConsecutiveShifts":5,"minConsecutiveDaysOff":2,"maxWeekends":3,"daysOff":[5,6],"onRequests":[{"day":0,"shift":"d1","weight":2},{"day":1,"shift":"d1","weight":2},{"day":7,"shift":"d1","weight":2},{"day":8,"shift":"d1","weight":2},{"day":9,"shift":"d1","weight":2},{"day":10,"shift":"d1","weight":2},{"day":18,"shift":"n1","weight":1},{"day":19,"shift":"n1","weight":1},{"day":20,"shift":"n1","weight":1},{"day":21,"shift":"n1","weight":1}],"offRequests":null},{"id":"DE","maxShifts":[28,0,0,0,0,28,28,28,0,0,28,0,28,0,4,0,0,1],"minTotalMinutes":4440,"maxTotalMinutes":5160,"minConsecutiveShifts":2,"maxConsecutiveShifts":5,"minConsecutiveDaysOff":2,"maxWeekends":3,"daysOff":[6,24],"onRequests":null,"offRequests":[{"day":16,"shift":"n3","weight":3},{"day":17,"shift":"n3","weight":3},{"day":18,"shift":"n3","weight":3},{"day":19,"shift":"n3","weight":3},{"day":20,"shift":"n3","weight":3},{"day":26,"shift":"p3","weight":3}]},{"id":"DF","maxShifts":[28,28,28,6,4,28,0,28,0,4,0,28,28,6,4,2,0,0],"minTotalMinutes":4440,"maxTotalMinutes":5160,"minConsecutiveShifts":2,"maxConsecutiveShifts":5,"minConsecutiveDaysOff":2,"maxWeekends":3,"daysOff":[4,5],"onRequests":[{"day":1,"shift":"n1","weight":3},{"day":2,"shift":"n1","weight":3},{"day":3,"shift":"n1","weight":3},{"day":19,"shift":"p2","weight":1},{"day":20,"shift":"p2","weight":1},{"day":21,"shift":"p2","weight":1}],"offRequests":[{"day":13,"shift":"a2","weight":2}]},{"id":"DG","maxShifts":[28,0,28,6,4,28,28,0,6,4,28,28,0,0,4,2,1,1],"minTotalMinutes":4440,"maxTotalMinutes":5160,"minConsecutiveShifts":2,"maxConsecutiveShifts":5,"minConsecutiveDaysOff":2,"maxWeekends":3,"daysOff":[9,19],"onRequests":[{"day":1,"shift":"d5","weight":1},{"day":2,"shift":"d5","weight":1},{"day":3,"shift":"d5","weight":1},{"day":4,"shift":"d5","weight":1},{"day":10,"shift":"n2","weight":2},{"day":11,"shift":"n2","weight":2},{"day":12,"shift":"n2","weight":2}],"offRequests":null},{"id":"DH","maxShifts":[28,0,28,6,0,0,28,0,6,0,0,28,28,6,4,0,1,1],"minTotalMinutes":4440,"maxTotalMinutes":5160,"minConsecutiveShifts":2,"maxConsecutiveShifts":5,"minConsecutiveDaysOff":2,"maxWeekends":3,"daysOff":[5,14],"onRequests":[{"day":12,"shift":"p3","weight":2},{"day":17,"shift":"p4","weight":3},{"day":18,"shift":"p4","weight":3}],"offRequests":null},{"id":"DI","maxShifts":[28,28,0,0,0,28,28,28,6,4,28,0,28,0,0,2,0,0],"minTotalMinutes":4440,"maxTotalMinutes":5160,"minConsecutiveShifts":2,"maxConsecutiveShifts":5,"minConsecutiveDaysOff":2,"maxWeekends":3,"daysOff":[2,5],"onRequests":[{"day":18,"shift":"d5","weight":2},{"day":19,"shift":"d5","weight":2},{"day":20,"shift":"d5","weight":2},{"day":27,"shift":"d1","weight":3}],"offRequests":null},{"id":"DJ","maxShifts":[0,0,28,6,4,28,28,28,0,4,0,0,28,6,4,0,1,0],"minTotalMinutes":4440,"maxTotalMinutes":5160,"minConsecutiveShifts":2,"maxConsecutiveShifts":5,"minConsecutiveDaysOff":2,"maxWeekends":3,"daysOff":[8,17],"onRequests":[{"day":0,"shift":"p4","weight":1},{"day":1,"shift":"p4","weight":1},{"day":2,"shift":"p4","weight":1},{"day":13,"shift":"p4","weight":3},{"day":14,"shift":"p4","weight":3},{"day":15,"shift":"p4","weight":3},{"day":16,"shift":"p4","weight":3}],"offRequests":null},{"id":"DK","maxShifts":[28,28,0,6,4,28,28,28,6,4,28,0,28,6,4,2,1,1],"minTotalMinutes":4440,"maxTotalMinutes":5160,"minConsecutiveShifts":2,"maxConsecutiveShifts":5,"minConsecutiveDaysOff":2,"maxWeekends":3,"daysOff":[1,24],"onRequests":[{"day":2,"shift":"n2","weight":2},{"day":3,"shift":"n2","weight":2},{"day":15,"shift":"n1","weight":2}],"offRequests":[{"day":27,"shift":"a5","weight":3}]},{"id":"DL","maxShifts":[0,28,0,5,3,28,0,0,0,3,0,28,28,0,3,0,1,0],"minTotalMinutes":3120,"maxTotalMinutes":3840,"minConsecutiveShifts":1,"maxConsecutiveShifts":5,"minConsecutiveDaysOff":2,"maxWeekends":1,"daysOff":[4,5],"onRequests":null,"offRequests":null},{"id":"DM","maxShifts":[0,28,28,0,3,28,28,28,0,3,28,28,28,5,3,1,1,1],"minTotalMinutes":3120,"maxTotalMinutes":3840,"minConsecutiveShifts":1,"maxConsecutiveShifts":5,"minConsecutiveDaysOff":2,"maxWeekends":1,"daysOff":[3,13],"onRequests":[{"day":14,"shift":"d1","weight":3},{"day":15,"shift":"d1","weight":3},{"day":16,"shift":"d1","weight":3},{"day":17,"shift":"d1","weight":3},{"day":18,"shift":"d1","weight":3},{"day":23,"shift":"p4","weight":2},{"day":24,"shift":"p4","weight":2}],"offRequests":null},{"id":"DN","maxShifts":[28,28,28,5,3,0,28,28,5,3,0,0,0,5,3,0,1,1],"minTotalMinutes":3120,"maxTotalMinutes":3840,"minConsecutiveShifts":1,"maxConsecutiveShifts":5,"minConsecutiveDaysOff":2,"maxWeekends":1,"daysOff":[6,13],"onRequests":[{"day":14,"shift":"a3","weight":1},{"day":15,"shift":"a3","weight":1},{"day":16,"shift":"a3","weight":1}],"offRequests":[{"day":20,"shift":"a5","weight":2},{"day":21,"shift":"a5","weight":2},{"day":22,"shift":"a5","weight":2},{"day":23,"shift":"a5","weight":2},{"day":24,"shift":"a5","weight":2}]},{"id":"DO","maxShifts":[28,28,28,5,3,28,28,28,0,0,0,0,28,5,0,1,1,1],"minTotalMinutes":3120,"maxTotalMinutes":3840,"minConsecutiveShifts":1,"maxConsecutiveShifts":5,"minConsecutiveDaysOff":2,"maxWeekends":1,"daysOff":[23,26],"onRequests":[{"day":16,"shift":"a4","weight":1},{"day":17,"shift":"a4","weight":1},{"day":18,"shift":"a4","weight":1},{"day":19,"shift":"a4","weight":1},{"day":20,"shift":"a4","weight":1}],"offRequests":[{"day":9,"shift":"p3","weight":3},{"day":10,"shift":"p3","weight":3}]},{"id":"DP","maxShifts":[28,28,28,0,3,28,28,28,0,0,28,28,28,5,3,0,1,1],"minTotalMinutes":3120,"maxTotalMinutes":3840,"minConsecutiveShifts":1,"maxConsecutiveShifts":5,"minConsecutiveDaysOff":2,"maxWeekends":1,"daysOff":[7,8],"onRequests":[{"day":9,"shift":"a2","weight":3},{"day":14,"shift":"n3","weight":3}],"offRequests":[{"day":20,"shift":"d3","weight":3}]}],"covers":[[{"requirement":5,"weightIfUnder":100,"weightIfOver":1},{"requirement":4,"weightIfUnder":100,"weightIfOver":1},{"requirement":3,"weightIfUnder":100,"weightIfOver":1},{"requirement":2,"weightIfUnder":100,"weightIfOver":1},{"requirement":4,"weightIfUnder":100,"weightIfOver":1},{"requirement":4,"weightIfUnder":100,"weightIfOver":1},{"requirement":5,"weightIfUnder":100,"weightIfOver":1},{"requirement":4,"weightIfUnder":100,"weightIfOver":1},{"requirement":4,"weightIfUnder":100,"weightIfOver":1},{"requirement":3,"weightIfUnder":100,"weightIfOver":1},{"requirement":4,"weightIfUnder":100,"weightIfOver":1},{"requirement":4,"weightIfUnder":100,"weightIfOver":1},{"requirement":5,"weightIfUnder":100,"weightIfOver":1},{"requirement":3,"weightIfUnder":100,"weightIfOver":1},{"requirement":2,"weightIfUnder":100,"weightIfOver":1},{"requirement":3,"weightIfUnder":100,"weightIfOver":1},{"requirement":2,"weightIfUnder":100,"weightIfOver":1},{"requirement":3,"weightIfUnder":100,"weightIfOver":1}],[{"requirement":4,"weightIfUnder":100,"weightIfOver":1},{"requirement":3,"weightIfUnder":100,"weightIfOver":1},{"requirement":4,"weightIfUnder":100,"weightIfOver":1},{"requirement":3,"weightIfUnder":100,"weightIfOver":1},{"requirement":3,"weightIfUnder":100,"weightIfOver":1},{"requirement":5,"weightIfUnder":100,"weightIfOver":1},{"requirement":5,"weightIfUnder":100,"weightIfOver":1},{"requirement":2,"weightIfUnder":100,"weightIfOver":1},{"requirement":3,"weightIfUnder":100,"weightIfOver":1},{"requirement":3,"weightIfUnder":100,"weightIfOver":1},{"requirement":4,"weightIfUnder":100,"weightIfOver":1},{"requirement":4,"weightIfUnder":100,"weightIfOver":1},{"requirement":4,"weightIfUnder":100,"weightIfOver":1},{"requirement":3,"weightIfUnder":100,"weightIfOver":1},{"requirement":3,"weightIfUnder":100,"weightIfOver":1},{"requirement":2,"weightIfUnder":100,"weightIfOver":1},{"requirement":3,"weightIfUnder":100,"weightIfOver":1},{"requirement":3,"weightIfUnder":100,"weightIfOver":1}],[{"requirement":4,"weightIfUnder":100,"weightIfOver":1},{"requirement":4,"weightIfUnder":100,"weightIfOver":1},{"requirement":5,"weightIfUnder":100,"weightIfOver":1},{"requirement":3,"weightIfUnder":100,"weightIfOver":1},{"requirement":3,"weightIfUnder":100,"weightIfOver":1},{"requirement":4,"weightIfUnder":100,"weightIfOver":1},{"requirement":4,"weightIfUnder":100,"weightIfOver":1},{"requirement":5,"weightIfUnder":100,"weightIfOver":1},{"requirement":2,"weightIfUnder":100,"weightIfOver":1},{"requirement":4,"weightIfUnder":100,"weightIfOver":1},{"requirement":2,"weightIfUnder":100,"weightIfOver":1},{"requirement":5,"weightIfUnder":100,"weightIfOver":1},{"requirement":3,"weightIfUnder":100,"weightIfOver":1},{"requirement":4,"weightIfUnder":100,"weightIfOver":1},{"requirement":5,"weightIfUnder":100,"weightIfOver":1},{"requirement":3,"weightIfUnder":100,"weightIfOver":1},{"requirement":3,"weightIfUnder":100,"weightIfOver":1},{"requirement":4,"weightIfUnder":100,"weightIfOver":1}],[{"requirement":4,"weightIfUnder":100,"weightIfOver":1},{"requirement":3,"weightIfUnder":100,"weightIfOver":1},{"requirement":4,"weightIfUnder":100,"weightIfOver":1},{"requirement":3,"weightIfUnder":100,"weightIfOver":1},{"requirement":3,"weightIfUnder":100,"weightIfOver":1},{"requirement":2,"weightIfUnder":100,"weightIfOver":1},{"requirement":4,"weightIfUnder":100,"weightIfOver":1},{"requirement":4,"weightIfUnder":100,"weightIfOver":1},{"requirement":4,"weightIfUnder":100,"weightIfOver":1},{"requirement":3,"weightIfUnder":100,"weightIfOver":1},{"requirement":6,"weightIfUnder":100,"weightIfOver":1},{"requirement":4,"weightIfUnder":100,"weightIfOver":1},{"requirement":6,"weightIfUnder":100,"weightIfOver":1},{"requirement":2,"weightIfUnder":100,"weightIfOver":1},{"requirement":3,"weightIfUnder":100,"weightIfOver":1},{"requirement":5,"weightIfUnder":100,"weightIfOver":1},{"requirement":3,"weightIfUnder":100,"weightIfOver":1},{"requirement":4,"weightIfUnder":100,"weightIfOver":1}],[{"requirement":4,"weightIfUnder":100,"weightIfOver":1},{"requirement":4,"weightIfUnder":100,"weightIfOver":1},{"requirement":2,"weightIfUnder":100,"weightIfOver":1},{"requirement":2,"weightIfUnder":100,"weightIfOver":1},{"requirement":3,"weightIfUnder":100,"weightIfOver":1},{"requirement":4,"weightIfUnder":100,"weightIfOver":1},{"requirement":4,"weightIfUnder":100,"weightIfOver":1},{"requirement":4,"weightIfUnder":100,"weightIfOver":1},{"requirement":2,"weightIfUnder":100,"weightIfOver":1},{"requirement":3,"weightIfUnder":100,"weightIfOver":1},{"requirement":4,"weightIfUnder":100,"weightIfOver":1},{"requirement":4,"weightIfUnder":100,"weightIfOver":1},{"requirement":5,"weightIfUnder":100,"weightIfOver":1},{"requirement":3,"weightIfUnder":100,"weightIfOver":1},{"requirement":3,"weightIfUnder":100,"weightIfOver":1},{"requirement":4,"weightIfUnder":100,"weightIfOver":1},{"requirement":5,"weightIfUnder":100,"weightIfOver":1},{"requirement":2,"weightIfUnder":100,"weightIfOver":1}],[{"requirement":5,"weightIfUnder":100,"weightIfOver":1},{"requirement":4,"weightIfUnder":100,"weightIfOver":1},{"requirement":4,"weightIfUnder":100,"weightIfOver":1},{"requirement":5,"weightIfUnder":100,"weightIfOver":1},{"requirement":2,"weightIfUnder":100,"weightIfOver":1},{"requirement":4,"weightIfUnder":100,"weightIfOver":1},{"requirement":4,"weightIfUnder":100,"weightIfOver":1},{"requirement":5,"weightIfUnder":100,"weightIfOver":1},{"requirement":2,"weightIfUnder":100,"weightIfOver":1},{"requirement":3,"weightIfUnder":100,"weightIfOver":1},{"requirement":5,"weightIfUnder":100,"weightIfOver":1},{"requirement":4,"weightIfUnder":100,"weightIfOver":1},{"requirement":4,"weightIfUnder":100,"weightIfOver":1},{"requirement":2,"weightIfUnder":100,"weightIfOver":1},{"requirement":3,"weightIfUnder":100,"weightIfOver":1},{"requirement":2,"weightIfUnder":100,"weightIfOver":1},{"requirement":5,"weightIfUnder":100,"weightIfOver":1},{"requirement":3,"weightIfUnder":100,"weightIfOver":1}],[{"requirement":4,"weightIfUnder":100,"weightIfOver":1},{"requirement":5,"weightIfUnder":100,"weightIfOver":1},{"requirement":4,"weightIfUnder":100,"weightIfOver":1},{"requirement":3,"weightIfUnder":100,"weightIfOver":1},{"requirement":3,"weightIfUnder":100,"weightIfOver":1},{"requirement":3,"weightIfUnder":100,"weightIfOver":1},{"requirement":3,"weightIfUnder":100,"weightIfOver":1},{"requirement":4,"weightIfUnder":100,"weightIfOver":1},{"requirement":2,"weightIfUnder":100,"weightIfOver":1},{"requirement":2,"weightIfUnder":100,"weightIfOver":1},{"requirement":3,"weightIfUnder":100,"weightIfOver":1},{"requirement":4,"weightIfUnder":100,"weightIfOver":1},{"requirement":4,"weightIfUnder":100,"weightIfOver":1},{"requirement":5,"weightIfUnder":100,"weightIfOver":1},{"requirement":3,"weightIfUnder":100,"weightIfOver":1},{"requirement":4,"weightIfUnder":100,"weightIfOver":1},{"requirement":5,"weightIfUnder":100,"weightIfOver":1},{"requirement":2,"weightIfUnder":100,"weightIfOver":1}],[{"requirement":5,"weightIfUnder":100,"weightIfOver":1},{"requirement":4,"weightIfUnder":100,"weightIfOver":1},{"requirement":4,"weightIfUnder":100,"weightIfOver":1},{"requirement":5,"weightIfUnder":100,"weightIfOver":1},{"requirement":2,"weightIfUnder":100,"weightIfOver":1},{"requirement":5,"weightIfUnder":100,"weightIfOver":1},{"requirement":4,"weightIfUnder":100,"weightIfOver":1},{"requirement":5,"weightIfUnder":100,"weightIfOver":1},{"requirement":2,"weightIfUnder":100,"weightIfOver":1},{"requirement":2,"weightIfUnder":100,"weightIfOver":1},{"requirement":5,"weightIfUnder":100,"weightIfOver":1},{"requirement":5,"weightIfUnder":100,"weightIfOver":1},{"requirement":4,"weightIfUnder":100,"weightIfOver":1},{"requirement":3,"weightIfUnder":100,"weightIfOver":1},{"requirement":4,"weightIfUnder":100,"weightIfOver":1},{"requirement":4,"weightIfUnder":100,"weightIfOver":1},{"requirement":3,"weightIfUnder":100,"weightIfOver":1},{"requirement":2,"weightIfUnder":100,"weightIfOver":1}],[{"requirement":4,"weightIfUnder":100,"weightIfOver":1},{"requirement":3,"weightIfUnder":100,"weightIfOver":1},{"requirement":2,"weightIfUnder":100,"weightIfOver":1},{"requirement":3,"weightIfUnder":100,"weightIfOver":1},{"requirement":2,"weightIfUnder":100,"weightIfOver":1},{"requirement":4,"weightIfUnder":100,"weightIfOver":1},{"requirement":4,"weightIfUnder":100,"weightIfOver":1},{"requirement":4,"weightIfUnder":100,"weightIfOver":1},{"requirement":3,"weightIfUnder":100,"weightIfOver":1},{"requirement":2,"weightIfUnder":100,"weightIfOver":1},{"requirement":4,"weightIfUnder":100,"weightIfOver":1},{"requirement":5,"weightIfUnder":100,"weightIfOver":1},{"requirement":5,"weightIfUnder":100,"weightIfOver":1},{"requirement":2,"weightIfUnder":100,"weightIfOver":1},{"requirement":3,"weightIfUnder":100,"weightIfOver":1},{"requirement":4,"weightIfUnder":100,"weightIfOver":1},{"requirement":4,"weightIfUnder":100,"weightIfOver":1},{"requirement":3,"weightIfUnder":100,"weightIfOver":1}],[{"requirement":5,"weightIfUnder":100,"weightIfOver":1},{"requirement":3,"weightIfUnder":100,"weightIfOver":1},{"requirement":6,"weightIfUnder":100,"weightIfOver":1},{"requirement":2,"weightIfUnder":100,"weightIfOver":1},{"requirement":3,"weightIfUnder":100,"weightIfOver":1},{"requirement":4,"weightIfUnder":100,"weightIfOver":1},{"requirement":4,"weightIfUnder":100,"weightIfOver":1},{"requirement":5,"weightIfUnder":100,"weightIfOver":1},{"requirement":2,"weightIfUnder":100,"weightIfOver":1},{"requirement":3,"weightIfUnder":100,"weightIfOver":1},{"requirement":4,"weightIfUnder":100,"weightIfOver":1},{"requirement":4,"weightIfUnder":100,"weightIfOver":1},{"requirement":4,"weightIfUnder":100,"weightIfOver":1},{"requirement":5,"weightIfUnder":100,"weightIfOver":1},{"requirement":3,"weightIfUnder":100,"weightIfOver":1},{"requirement":4,"weightIfUnder":100,"weightIfOver":1},{"requirement":3,"weightIfUnder":100,"weightIfOver":1},{"requirement":3,"weightIfUnder":100,"weightIfOver":1}],[{"requirement":4,"weightIfUnder":100,"weightIfOver":1},{"requirement":3,"weightIfUnder":100,"weightIfOver":1},{"requirement":4,"weightIfUnder":100,"weightIfOver":1},{"requirement":3,"weightIfUnder":100,"weightIfOver":1},{"requirement":4,"weightIfUnder":100,"weightIfOver":1},{"requirement":4,"weightIfUnder":100,"weightIfOver":1},{"requirement":6,"weightIfUnder":100,"weightIfOver":1},{"requirement":3,"weightIfUnder":100,"weightIfOver":1},{"requirement":3,"weightIfUnder":100,"weightIfOver":1},{"requirement":3,"weightIfUnder":100,"weightIfOver":1},{"requirement":4,"weightIfUnder":100,"weightIfOver":1},{"requirement":6,"weightIfUnder":100,"weightIfOver":1},{"requirement":4,"weightIfUnder":100,"weightIfOver":1},{"requirement":2,"weightIfUnder":100,"weightIfOver":1},{"requirement":5,"weightIfUnder":100,"weightIfOver":1},{"requirement":3,"weightIfUnder":100,"weightIfOver":1},{"requirement":2,"weightIfUnder":100,"weightIfOver":1},{"requirement":3,"weightIfUnder":100,"weightIfOver":1}],[{"requirement":4,"weightIfUnder":100,"weightIfOver":1},{"requirement":4,"weightIfUnder":100,"weightIfOver":1},{"requirement":6,"weightIfUnder":100,"weightIfOver":1},{"requirement":4,"weightIfUnder":100,"weightIfOver":1},{"requirement":3,"weightIfUnder":100,"weightIfOver":1},{"requirement":4,"weightIfUnder":100,"weightIfOver":1},{"requirement":3,"weightIfUnder":100,"weightIfOver":1},{"requirement":5,"weightIfUnder":100,"weightIfOver":1},{"requirement":3,"weightIfUnder":100,"weightIfOver":1},{"requirement":3,"weightIfUnder":100,"weightIfOver":1},{"requirement":5,"weightIfUnder":100,"weightIfOver":1},{"requirement":4,"weightIfUnder":100,"weightIfOver":1},{"requirement":3,"weightIfUnder":100,"weightIfOver":1},{"requirement":3,"weightIfUnder":100,"weightIfOver":1},{"requirement":2,"weightIfUnder":100,"weightIfOver":1},{"requirement":4,"weightIfUnder":100,"weightIfOver":1},{"requirement":3,"weightIfUnder":100,"weightIfOver":1},{"requirement":2,"weightIfUnder":100,"weightIfOver":1}],[{"requirement":4,"weightIfUnder":100,"weightIfOver":1},{"requirement":4,"weightIfUnder":100,"weightIfOver":1},{"requirement":2,"weightIfUnder":100,"weightIfOver":1},{"requirement":4,"weightIfUnder":100,"weightIfOver":1},{"requirement":4,"weightIfUnder":100,"weightIfOver":1},{"requirement":4,"weightIfUnder":100,"weightIfOver":1},{"requirement":4,"weightIfUnder":100,"weightIfOver":1},{"requirement":4,"weightIfUnder":100,"weightIfOver":1},{"requirement":3,"weightIfUnder":100,"weightIfOver":1},{"requirement":2,"weightIfUnder":100,"weightIfOver":1},{"requirement":4,"weightIfUnder":100,"weightIfOver":1},{"requirement":3,"weightIfUnder":100,"weightIfOver":1},{"requirement":3,"weightIfUnder":100,"weightIfOver":1},{"requirement":3,"weightIfUnder":100,"weightIfOver":1},{"requirement":2,"weightIfUnder":100,"weightIfOver":1},{"requirement":4,"weightIfUnder":100,"weightIfOver":1},{"requirement":5,"weightIfUnder":100,"weightIfOver":1},{"requirement":2,"weightIfUnder":100,"weightIfOver":1}],[{"requirement":6,"weightIfUnder":100,"weightIfOver":1},{"requirement":4,"weightIfUnder":100,"weightIfOver":1},{"requirement":4,"weightIfUnder":100,"weightIfOver":1},{"requirement":3,"weightIfUnder":100,"weightIfOver":1},{"requirement":1,"weightIfUnder":100,"weightIfOver":1},{"requirement":4,"weightIfUnder":100,"weightIfOver":1},{"requirement":5,"weightIfUnder":100,"weightIfOver":1},{"requirement":4,"weightIfUnder":100,"weightIfOver":1},{"requirement":3,"weightIfUnder":100,"weightIfOver":1},{"requirement":3,"weightIfUnder":100,"weightIfOver":1},{"requirement":2,"weightIfUnder":100,"weightIfOver":1},{"requirement":4,"weightIfUnder":100,"weightIfOver":1},{"requirement":4,"weightIfUnder":100,"weightIfOver":1},{"requirement":3,"weightIfUnder":100,"weightIfOver":1},{"requirement":3,"weightIfUnder":100,"weightIfOver":1},{"requirement":4,"weightIfUnder":100,"weightIfOver":1},{"requirement":5,"weightIfUnder":100,"weightIfOver":1},{"requirement":2,"weightIfUnder":100,"weightIfOver":1}],[{"requirement":5,"weightIfUnder":100,"weightIfOver":1},{"requirement":4,"weightIfUnder":100,"weightIfOver":1},{"requirement":6,"weightIfUnder":100,"weightIfOver":1},{"requirement":3,"weightIfUnder":100,"weightIfOver":1},{"requirement":4,"weightIfUnder":100,"weightIfOver":1},{"requirement":5,"weightIfUnder":100,"weightIfOver":1},{"requirement":4,"weightIfUnder":100,"weightIfOver":1},{"requirement":4,"weightIfUnder":100,"weightIfOver":1},{"requirement":2,"weightIfUnder":100,"weightIfOver":1},{"requirement":1,"weightIfUnder":100,"weightIfOver":1},{"requirement":4,"weightIfUnder":100,"weightIfOver":1},{"requirement":6,"weightIfUnder":100,"weightIfOver":1},{"requirement":4,"weightIfUnder":100,"weightIfOver":1},{"requirement":2,"weightIfUnder":100,"weightIfOver":1},{"requirement":2,"weightIfUnder":100,"weightIfOver":1},{"requirement":2,"weightIfUnder":100,"weightIfOver":1},{"requirement":3,"weightIfUnder":100,"weightIfOver":1},{"requirement":2,"weightIfUnder":100,"weightIfOver":1}],[{"requirement":4,"weightIfUnder":100,"weightIfOver":1},{"requirement":4,"weightIfUnder":100,"weightIfOver":1},{"requirement":5,"weightIfUnder":100,"weightIfOver":1},{"requirement":3,"weightIfUnder":100,"weightIfOver":1},{"requirement":2,"weightIfUnder":100,"weightIfOver":1},{"requirement":4,"weightIfUnder":100,"weightIfOver":1},{"requirement":2,"weightIfUnder":100,"weightIfOver":1},{"requirement":6,"weightIfUnder":100,"weightIfOver":1},{"requirement":3,"weightIfUnder":100,"weightIfOver":1},{"requirement":3,"weightIfUnder":100,"weightIfOver":1},{"requirement":4,"weightIfUnder":100,"weightIfOver":1},{"requirement":4,"weightIfUnder":100,"weightIfOver":1},{"requirement":4,"weightIfUnder":100,"weightIfOver":1},{"requirement":4,"weightIfUnder":100,"weightIfOver":1},{"requirement":4,"weightIfUnder":100,"weightIfOver":1},{"requirement":5,"weightIfUnder":100,"weightIfOver":1},{"requirement":4,"weightIfUnder":100,"weightIfOver":1},{"requirement":2,"weightIfUnder":100,"weightIfOver":1}],[{"requirement":6,"weightIfUnder":100,"weightIfOver":1},{"requirement":4,"weightIfUnder":100,"weightIfOver":1},{"requirement":4,"weightIfUnder":100,"weightIfOver":1},{"requirement":3,"weightIfUnder":100,"weightIfOver":1},{"requirement":2,"weightIfUnder":100,"weightIfOver":1},{"requirement":4,"weightIfUnder":100,"weightIfOver":1},{"requirement":5,"weightIfUnder":100,"weightIfOver":1},{"requirement":5,"weightIfUnder":100,"weightIfOver":1},{"requirement":3,"weightIfUnder":100,"weightIfOver":1},{"requirement":2,"weightIfUnder":100,"weightIfOver":1},{"requirement":4,"weightIfUnder":100,"weightIfOver":1},{"requirement":4,"weightIfUnder":100,"weightIfOver":1},{"requirement":3,"weightIfUnder":100,"weightIfOver":1},{"requirement":3,"weightIfUnder":100,"weightIfOver":1},{"requirement":3,"weightIfUnder":100,"weightIfOver":1},{"requirement":2,"weightIfUnder":100,"weightIfOver":1},{"requirement":3,"weightIfUnder":100,"weightIfOver":1},{"requirement":3,"weightIfUnder":100,"weightIfOver":1}],[{"requirement":4,"weightIfUnder":100,"weightIfOver":1},{"requirement":3,"weightIfUnder":100,"weightIfOver":1},{"requirement":4,"weightIfUnder":100,"weightIfOver":1},{"requirement":2,"weightIfUnder":100,"weightIfOver":1},{"requirement":2,"weightIfUnder":100,"weightIfOver":1},{"requirement":4,"weightIfUnder":100,"weightIfOver":1},{"requirement":3,"weightIfUnder":100,"weightIfOver":1},{"requirement":2,"weightIfUnder":100,"weightIfOver":1},{"requirement":3,"weightIfUnder":100,"weightIfOver":1},{"requirement":3,"weightIfUnder":100,"weightIfOver":1},{"requirement":3,"weightIfUnder":100,"weightIfOver":1},{"requirement":5,"weightIfUnder":100,"weightIfOver":1},{"requirement":4,"weightIfUnder":100,"weightIfOver":1},{"requirement":2,"weightIfUnder":100,"weightIfOver":1},{"requirement":1,"weightIfUnder":100,"weightIfOver":1},{"requirement":6,"weightIfUnder":100,"weightIfOver":1},{"requirement":5,"weightIfUnder":100,"weightIfOver":1},{"requirement":1,"weightIfUnder":100,"weightIfOver":1}],[{"requirement":4,"weightIfUnder":100,"weightIfOver":1},{"requirement":4,"weightIfUnder":100,"weightIfOver":1},{"requirement":6,"weightIfUnder":100,"weightIfOver":1},{"requirement":3,"weightIfUnder":100,"weightIfOver":1},{"requirement":2,"weightIfUnder":100,"weightIfOver":1},{"requirement":4,"weightIfUnder":100,"weightIfOver":1},{"requirement":4,"weightIfUnder":100,"weightIfOver":1},{"requirement":4,"weightIfUnder":100,"weightIfOver":1},{"requirement":4,"weightIfUnder":100,"weightIfOver":1},{"requirement":1,"weightIfUnder":100,"weightIfOver":1},{"requirement":5,"weightIfUnder":100,"weightIfOver":1},{"requirement":5,"weightIfUnder":100,"weightIfOver":1},{"requirement":6,"weightIfUnder":100,"weightIfOver":1},{"requirement":3,"weightIfUnder":100,"weightIfOver":1},{"requirement":2,"weightIfUnder":100,"weightIfOver":1},{"requirement":5,"weightIfUnder":100,"weightIfOver":1},{"requirement":2,"weightIfUnder":100,"weightIfOver":1},{"requirement":3,"weightIfUnder":100,"weightIfOver":1}],[{"requirement":3,"weightIfUnder":100,"weightIfOver":1},{"requirement":5,"weightIfUnder":100,"weightIfOver":1},{"requirement":4,"weightIfUnder":100,"weightIfOver":1},{"requirement":3,"weightIfUnder":100,"weightIfOver":1},{"requirement":1,"weightIfUnder":100,"weightIfOver":1},{"requirement":3,"weightIfUnder":100,"weightIfOver":1},{"requirement":3,"weightIfUnder":100,"weightIfOver":1},{"requirement":6,"weightIfUnder":100,"weightIfOver":1},{"requirement":3,"weightIfUnder":100,"weightIfOver":1},{"requirement":2,"weightIfUnder":100,"weightIfOver":1},{"requirement":4,"weightIfUnder":100,"weightIfOver":1},{"requirement":4,"weightIfUnder":100,"weightIfOver":1},{"requirement":3,"weightIfUnder":100,"weightIfOver":1},{"requirement":4,"weightIfUnder":100,"weightIfOver":1},{"requirement":2,"weightIfUnder":100,"weightIfOver":1},{"requirement":5,"weightIfUnder":100,"weightIfOver":1},{"requirement":2,"weightIfUnder":100,"weightIfOver":1},{"requirement":3,"weightIfUnder":100,"weightIfOver":1}],[{"requirement":4,"weightIfUnder":100,"weightIfOver":1},{"requirement":2,"weightIfUnder":100,"weightIfOver":1},{"requirement":4,"weightIfUnder":100,"weightIfOver":1},{"requirement":3,"weightIfUnder":100,"weightIfOver":1},{"requirement":2,"weightIfUnder":100,"weightIfOver":1},{"requirement":4,"weightIfUnder":100,"weightIfOver":1},{"requirement":4,"weightIfUnder":100,"weightIfOver":1},{"requirement":4,"weightIfUnder":100,"weightIfOver":1},{"requirement":5,"weightIfUnder":100,"weightIfOver":1},{"requirement":1,"weightIfUnder":100,"weightIfOver":1},{"requirement":2,"weightIfUnder":100,"weightIfOver":1},{"requirement":3,"weightIfUnder":100,"weightIfOver":1},{"requirement":2,"weightIfUnder":100,"weightIfOver":1},{"requirement":2,"weightIfUnder":100,"weightIfOver":1},{"requirement":2,"weightIfUnder":100,"weightIfOver":1},{"requirement":4,"weightIfUnder":100,"weightIfOver":1},{"requirement":3,"weightIfUnder":100,"weightIfOver":1},{"requirement":1,"weightIfUnder":100,"weightIfOver":1}],[{"requirement":4,"weightIfUnder":100,"weightIfOver":1},{"requirement":5,"weightIfUnder":100,"weightIfOver":1},{"requirement":4,"weightIfUnder":100,"weightIfOver":1},{"requirement":2,"weightIfUnder":100,"weightIfOver":1},{"requirement":1,"weightIfUnder":100,"weightIfOver":1},{"requirement":4,"weightIfUnder":100,"weightIfOver":1},{"requirement":4,"weightIfUnder":100,"weightIfOver":1},{"requirement":4,"weightIfUnder":100,"weightIfOver":1},{"requirement":2,"weightIfUnder":100,"weightIfOver":1},{"requirement":1,"weightIfUnder":100,"weightIfOver":1},{"requirement":4,"weightIfUnder":100,"weightIfOver":1},{"requirement":3,"weightIfUnder":100,"weightIfOver":1},{"requirement":4,"weightIfUnder":100,"weightIfOver":1},{"requirement":3,"weightIfUnder":100,"weightIfOver":1},{"requirement":3,"weightIfUnder":100,"weightIfOver":1},{"requirement":6,"weightIfUnder":100,"weightIfOver":1},{"requirement":3,"weightIfUnder":100,"weightIfOver":1},{"requirement":3,"weightIfUnder":100,"weightIfOver":1}],[{"requirement":4,"weightIfUnder":100,"weightIfOver":1},{"requirement":3,"weightIfUnder":100,"weightIfOver":1},{"requirement":4,"weightIfUnder":100,"weightIfOver":1},{"requirement":2,"weightIfUnder":100,"weightIfOver":1},{"requirement":2,"weightIfUnder":100,"weightIfOver":1},{"requirement":5,"weightIfUnder":100,"weightIfOver":1},{"requirement":4,"weightIfUnder":100,"weightIfOver":1},{"requirement":4,"weightIfUnder":100,"weightIfOver":1},{"requirement":4,"weightIfUnder":100,"weightIfOver":1},{"requirement":2,"weightIfUnder":100,"weightIfOver":1},{"requirement":5,"weightIfUnder":100,"weightIfOver":1},{"requirement":4,"weightIfUnder":100,"weightIfOver":1},{"requirement":4,"weightIfUnder":100,"weightIfOver":1},{"requirement":3,"weightIfUnder":100,"weightIfOver":1},{"requirement":1,"weightIfUnder":100,"weightIfOver":1},{"requirement":4,"weightIfUnder":100,"weightIfOver":1},{"requirement":3,"weightIfUnder":100,"weightIfOver":1},{"requirement":1,"weightIfUnder":100,"weightIfOver":1}],[{"requirement":3,"weightIfUnder":100,"weightIfOver":1},{"requirement":6,"weightIfUnder":100,"weightIfOver":1},{"requirement":4,"weightIfUnder":100,"weightIfOver":1},{"requirement":2,"weightIfUnder":100,"weightIfOver":1},{"requirement":2,"weightIfUnder":100,"weightIfOver":1},{"requirement":4,"weightIfUnder":100,"weightIfOver":1},{"requirement":5,"weightIfUnder":100,"weightIfOver":1},{"requirement":4,"weightIfUnder":100,"weightIfOver":1},{"requirement":3,"weightIfUnder":100,"weightIfOver":1},{"requirement":2,"weightIfUnder":100,"weightIfOver":1},{"requirement":4,"weightIfUnder":100,"weightIfOver":1},{"requirement":4,"weightIfUnder":100,"weightIfOver":1},{"requirement":4,"weightIfUnder":100,"weightIfOver":1},{"requirement":4,"weightIfUnder":100,"weightIfOver":1},{"requirement":1,"weightIfUnder":100,"weightIfOver":1},{"requirement":3,"weightIfUnder":100,"weightIfOver":1},{"requirement":2,"weightIfUnder":100,"weightIfOver":1},{"requirement":2,"weightIfUnder":100,"weightIfOver":1}],[{"requirement":4,"weightIfUnder":100,"weightIfOver":1},{"requirement":6,"weightIfUnder":100,"weightIfOver":1},{"requirement":4,"weightIfUnder":100,"weightIfOver":1},{"requirement":3,"weightIfUnder":100,"weightIfOver":1},{"requirement":2,"weightIfUnder":100,"weightIfOver":1},{"requirement":4,"weightIfUnder":100,"weightIfOver":1},{"requirement":2,"weightIfUnder":100,"weightIfOver":1},{"requirement":4,"weightIfUnder":100,"weightIfOver":1},{"requirement":3,"weightIfUnder":100,"weightIfOver":1},{"requirement":3,"weightIfUnder":100,"weightIfOver":1},{"requirement":5,"weightIfUnder":100,"weightIfOver":1},{"requirement":5,"weightIfUnder":100,"weightIfOver":1},{"requirement":5,"weightIfUnder":100,"weightIfOver":1},{"requirement":3,"weightIfUnder":100,"weightIfOver":1},{"requirement":1,"weightIfUnder":100,"weightIfOver":1},{"requirement":4,"weightIfUnder":100,"weightIfOver":1},{"requirement":4,"weightIfUnder":100,"weightIfOver":1},{"requirement":1,"weightIfUnder":100,"weightIfOver":1}],[{"requirement":3,"weightIfUnder":100,"weightIfOver":1},{"requirement":4,"weightIfUnder":100,"weightIfOver":1},{"requirement":2,"weightIfUnder":100,"weightIfOver":1},{"requirement":3,"weightIfUnder":100,"weightIfOver":1},{"requirement":3,"weightIfUnder":100,"weightIfOver":1},{"requirement":2,"weightIfUnder":100,"weightIfOver":1},{"requirement":2,"weightIfUnder":100,"weightIfOver":1},{"requirement":4,"weightIfUnder":100,"weightIfOver":1},{"requirement":3,"weightIfUnder":100,"weightIfOver":1},{"requirement":2,"weightIfUnder":100,"weightIfOver":1},{"requirement":3,"weightIfUnder":100,"weightIfOver":1},{"requirement":2,"weightIfUnder":100,"weightIfOver":1},{"requirement":3,"weightIfUnder":100,"weightIfOver":1},{"requirement":3,"weightIfUnder":100,"weightIfOver":1},{"requirement":2,"weightIfUnder":100,"weightIfOver":1},{"requirement":2,"weightIfUnder":100,"weightIfOver":1},{"requirement":3,"weightIfUnder":100,"weightIfOver":1},{"requirement":3,"weightIfUnder":100,"weightIfOver":1}],[{"requirement":3,"weightIfUnder":100,"weightIfOver":1},{"requirement":3,"weightIfUnder":100,"weightIfOver":1},{"requirement":2,"weightIfUnder":100,"weightIfOver":1},{"requirement":3,"weightIfUnder":100,"weightIfOver":1},{"requirement":1,"weightIfUnder":100,"weightIfOver":1},{"requirement":3,"weightIfUnder":100,"weightIfOver":1},{"requirement":6,"weightIfUnder":100,"weightIfOver":1},{"requirement":4,"weightIfUnder":100,"weightIfOver":1},{"requirement":2,"weightIfUnder":100,"weightIfOver":1},{"requirement":4,"weightIfUnder":100,"weightIfOver":1},{"requirement":4,"weightIfUnder":100,"weightIfOver":1},{"requirement":4,"weightIfUnder":100,"weightIfOver":1},{"requirement":3,"weightIfUnder":100,"weightIfOver":1},{"requirement":2,"weightIfUnder":100,"weightIfOver":1},{"requirement":1,"weightIfUnder":100,"weightIfOver":1},{"requirement":4,"weightIfUnder":100,"weightIfOver":1},{"requirement":4,"weightIfUnder":100,"weightIfOver":1},{"requirement":2,"weightIfUnder":100,"weightIfOver":1}],[{"requirement":4,"weightIfUnder":100,"weightIfOver":1},{"requirement":4,"weightIfUnder":100,"weightIfOver":1},{"requirement":2,"weightIfUnder":100,"weightIfOver":1},{"requirement":4,"weightIfUnder":100,"weightIfOver":1},{"requirement":1,"weightIfUnder":100,"weightIfOver":1},{"requirement":4,"weightIfUnder":100,"weightIfOver":1},{"requirement":4,"weightIfUnder":100,"weightIfOver":1},{"requirement":4,"weightIfUnder":100,"weightIfOver":1},{"requirement":4,"weightIfUnder":100,"weightIfOver":1},{"requirement":3,"weightIfUnder":100,"weightIfOver":1},{"requirement":2,"weightIfUnder":100,"weightIfOver":1},{"requirement":4,"weightIfUnder":100,"weightIfOver":1},{"requirement":4,"weightIfUnder":100,"weightIfOver":1},{"requirement":5,"weightIfUnder":100,"weightIfOver":1},{"requirement":1,"weightIfUnder":100,"weightIfOver":1},{"requirement":4,"weightIfUnder":100,"weightIfOver":1},{"requirement":5,"weightIfUnder":100,"weightIfOver":1},{"requirement":2,"weightIfUnder":100,"weightIfOver":1}]]}