{"nDays":14,"shifts":[{"id":"D","length":480,"forbiddenFollowingShifts":null}],"staffs":[{"id":"A","maxShifts":[14],"minTotalMinutes":3360,"maxTotalMinutes":4320,"minConsecutiveShifts":2,"maxConsecutiveShifts":5,"minConsecutiveDaysOff":2,"maxWeekends":1,"daysOff":[0],"onRequests":[{"day":2,"shift":"D","weight":2},{"day":3,"shift":"D","weight":2}],"offRequests":null},{"id":"B","maxShifts":[14],"minTotalMinutes":3360,"maxTotalMinutes":4320,"minConsecutiveShifts":2,"maxConsecutiveShifts":5,"minConsecutiveDaysOff":2,"maxWeekends":1,"daysOff":[5],"onRequests":[{"day":0,"shift":"D","weight":3},{"day":1,"shift":"D","weight":3},{"day":2,"shift":"D","weight":3},{"day":3,"shift":"D","weight":3},{"day":4,"shift":"D","weight":3}],"offRequests":null},{"id":"C","maxShifts":[14],"minTotalMinutes":3360,"maxTotalMinutes":4320,"minConsecutiveShifts":2,"maxConsecutiveShifts":5,"minConsecutiveDaysOff":2,"maxWeekends":1,"daysOff":[8],"onRequests":[{"day":0,"shift":"D","weight":1},{"day":1,"shift":"D","weight":1},{"day":2,"shift":"D","weight":1},{"day":3,"shift":"D","weight":1},{"day":4,"shift":"D","weight":1}],"offRequests":[{"day":12,"shift":"D","weight":1},{"day":13,"shift":"D","weight":1}]},{"id":"D","maxShifts":[14],"minTotalMinutes":3360,"maxTotalMinutes":4320,"minConsecutiveShifts":2,"maxConsecutiveShifts":5,"minConsecutiveDaysOff":2,"maxWeekends":1,"daysOff":[2],"onRequests":[{"day":8,"shift":"D","weight":2},{"day":9,"shift":"D","weight":2}],"offRequests":null},{"id":"E","maxShifts":[14],"minTotalMinutes":3360,"maxTotalMinutes":4320,"minConsecutiveShifts":2,"maxConsecutiveShifts":5,"minConsecutiveDaysOff":2,"maxWeekends":1,"daysOff":[9],"onRequests":null,"offRequests":null},{"id":"F","maxShifts":[14],"minTotalMinutes":3360,"maxTotalMinutes":4320,"minConsecutiveShifts":2,"maxConsecutiveShifts":5,"minConsecutiveDaysOff":2,"maxWeekends":1,"daysOff":[5],"onRequests":[{"day":0,"shift":"D","weight":2},{"day":1,"shift":"D","weight":2}],"offRequests":[{"day":8,"shift":"D","weight":3}]},{"id":"G","maxShifts":[14],"minTotalMinutes":3360,"maxTotalMinutes":4320,"minConsecutiveShifts":2,"maxConsecutiveShifts":5,"minConsecutiveDaysOff":2,"maxWeekends":1,"daysOff":[1],"onRequests":null,"offRequests":null},{"id":"H","maxShifts":[14],"minTotalMinutes":3360,"maxTotalMinutes":4320,"minConsecutiveShifts":2,"maxConsecutiveShifts":5,"minConsecutiveDaysOff":2,"maxWeekends":1,"daysOff":[7],"onRequests":[{"day":9,"shift":"D","weight":1},{"day":10,"shift":"D","weight":1},{"day":11,"shift":"D","weight":1},{"day":12,"shift":"D","weight":1},{"day":13,"shift":"D","weight":1}],"offRequests":[{"day":2,"shift":"D","weight":3},{"day":3,"shift":"D","weight":3}]}],"covers":[[{"requirement":5,"weightIfUnder":100,"weightIfOver":1}],[{"requirement":7,"weightIfUnder":100,"weightIfOver":1}],[{"requirement":6,"weightIfUnder":100,"weightIfOver":1}],[{"requirement":4,"weightIfUnder":100,"weightIfOver":1}],[{"requirement":5,"weightIfUnder":100,"weightIfOver":1}],[{"requirement":5,"weightIfUnder":100,"weightIfOver":1}],[{"requirement":5,"weightIfUnder":100,"weightIfOver":1}],[{"requirement":6,"weightIfUnder":100,"weightIfOver":1}],[{"requirement":7,"weightIfUnder":100,"weightIfOver":1}],[{"requirement":4,"weightIfUnder":100,"weightIfOver":1}],[{"requirement":2,"weightIfUnder":100,"weightIfOver":1}],[{"requirement":5,"weightIfUnder":100,"weightIfOver":1}],[{"requirement":6,"weightIfUnder":100,"weightIfOver":1}],[{"requirement":4,"weightIfUnder":100,"weightIfOver":1}]]}