{"nDays":28,"shifts":[{"id":"E","length":480,"forbiddenFollowingShifts":null},{"id":"D","length":480,"forbiddenFollowingShifts":["E"]},{"id":"L","length":480,"forbiddenFollowingShifts":["E","D"]}],"staffs":[{"id":"A","maxShifts":[28,28,0],"minTotalMinutes":7680,"maxTotalMinutes":8640,"minConsecutiveShifts":2,"maxConsecutiveShifts":5,"minConsecutiveDaysOff":2,"maxWeekends":2,"daysOff":[18,19],"onRequests":[{"day":0,"shift":"E","weight":3},{"day":1,"shift":"E","weight":3},{"day":2,"shift":"E","weight":3},{"day":3,"shift":"E","weight":3},{"day":4,"shift":"E","weight":3}],"offRequests":[{"day":11,"shift":"D","weight":3},{"day":12,"shift":"D","weight":3},{"day":21,"shift":"E","weight":2},{"day":22,"shift":"E","weight":2},{"day":23,"shift":"E","weight":2},{"day":24,"shift":"E","weight":2}]},{"id":"B","maxShifts":[0,0,28],"minTotalMinutes":7680,"maxTotalMinutes":8640,"minConsecutiveShifts":2,"maxConsecutiveShifts":5,"minConsecutiveDaysOff":2,"maxWeekends":2,"daysOff":[24,25],"onRequests":[{"day":0,"shift":"L","weight":2},{"day":1,"shift":"L","weight":2},{"day":2,"shift":"L","weight":2},{"day":10,"shift":"L","weight":2},{"day":18,"shift":"L","weight":2},{"day":19,"shift":"L","weight":2},{"day":20,"shift":"L","weight":2},{"day":21,"shift":"L","weight":2},{"day":22,"shift":"L","weight":2}],"offRequests":null},{"id":"C","maxShifts":[0,28,28],"minTotalMinutes":7680,"maxTotalMinutes":8640,"minConsecutiveShifts":2,"maxConsecutiveShifts":5,"minConsecutiveDaysOff":2,"maxWeekends":2,"daysOff":[22,23],"onRequests":[{"day":6,"shift":"L","weight":1},{"day":7,"shift":"L","weight":1},{"day":8,"shift":"L","weight":1},{"day":9,"shift":"L","weight":1},{"day":17,"shift":"D","weight":1},{"day":18,"shift":"D","weight":1},{"day":19,"shift":"D","weight":1},{"day":20,"shift":"D","weight":1},{"day":27,"shift":"D","weight":2}],"offRequests":null},{"id":"D","maxShifts":[28,28,0],"minTotalMinutes":7680,"maxTotalMinutes":8640,"minConsecutiveShifts":2,"maxConsecutiveShifts":5,"minConsecutiveDaysOff":2,"maxWeekends":2,"daysOff":[4,5],"onRequests":[{"day":12,"shift":"D","weight":3},{"day":13,"shift":"D","weight":3}],"offRequests":[{"day":17,"shift":"E","weight":1},{"day":18,"shift":"E","weight":1}]},{"id":"E","maxShifts":[28,28,28],"minTotalMinutes":7680,"maxTotalMinutes":8640,"minConsecutiveShifts":2,"maxConsecutiveShifts":5,"minConsecutiveDaysOff":2,"maxWeekends":2,"daysOff":[23,27],"onRequests":[{"day":1,"shift":"L","weight":1},{"day":8,"shift":"D","weight":1},{"day":9,"shift":"D","weight":1},{"day":10,"shift":"D","weight":1},{"day":11,"shift":"D","weight":1},{"day":12,"shift":"D","weight":1}],"offRequests":null},{"id":"F","maxShifts":[28,0,28],"minTotalMinutes":7680,"maxTotalMinutes":8640,"minConsecutiveShifts":2,"maxConsecutiveShifts":5,"minConsecutiveDaysOff":2,"maxWeekends":2,"daysOff":[11,12],"onRequests":[{"day":2,"shift":"L","weight":1},{"day":3,"shift":"L","weight":1},{"day":4,"shift":"L","weight":1}],"offRequests":[{"day":15,"shift":"E","weight":2}]},{"id":"G","maxShifts":[28,0,28],"minTotalMinutes":7680,"maxTotalMinutes":8640,"minConsecutiveShifts":2,"maxConsecutiveShifts":5,"minConsecutiveDaysOff":2,"maxWeekends":2,"daysOff":[16,20],"onRequests":[{"day":8,"shift":"E","weight":2},{"day":9,"shift":"E","weight":2},{"day":10,"shift":"E","weight":2},{"day":11,"shift":"E","weight":2},{"day":12,"shift":"E","weight":2},{"day":21,"shift":"L","weight":2},{"day":22,"shift":"L","weight":2},{"day":23,"shift":"L","weight":2}],"offRequests":[{"day":0,"shift":"E","weight":1},{"day":1,"shift":"E","weight":1}]},{"id":"H","maxShifts":[0,0,28],"minTotalMinutes":7680,"maxTotalMinutes":8640,"minConsecutiveShifts":2,"maxConsecutiveShifts":5,"minConsecutiveDaysOff":2,"maxWeekends":2,"daysOff":[9,13],"onRequests":[{"day":2,"shift":"L","weight":1},{"day":15,"shift":"L","weight":3},{"day":16,"shift":"L","weight":3},{"day":17,"shift":"L","weight":3},{"day":18,"shift":"L","weight":3},{"day":22,"shift":"L","weight":1},{"day":23,"shift":"L","weight":1},{"day":24,"shift":"L","weight":1},{"day":25,"shift":"L","weight":1}],"offRequests":null},{"id":"I","maxShifts":[0,28,0],"minTotalMinutes":7680,"maxTotalMinutes":8640,"minConsecutiveShifts":2,"maxConsecutiveShifts":5,"minConsecutiveDaysOff":2,"maxWeekends":2,"daysOff":[17,27],"onRequests":[{"day":3,"shift":"D","weight":3}],"offRequests":[{"day":19,"shift":"D","weight":2},{"day":20,"shift":"D","weight":2},{"day":21,"shift":"D","weight":2},{"day":22,"shift":"D","weight":2}]},{"id":"J","maxShifts":[28,0,28],"minTotalMinutes":7680,"maxTotalMinutes":8640,"minConsecutiveShifts":2,"maxConsecutiveShifts":5,"minConsecutiveDaysOff":2,"maxWeekends":2,"daysOff":[14,15],"onRequests":[{"day":11,"shift":"L","weight":3},{"day":12,"shift":"L","weight":3},{"day":27,"shift":"E","weight":1}],"offRequests":[{"day":2,"shift":"E","weight":3},{"day":3,"shift":"E","weight":3},{"day":4,"shift":"E","weight":3},{"day":5,"shift":"E","weight":3},{"day":17,"shift":"E","weight":2},{"day":18,"shift":"E","weight":2},{"day":19,"shift":"E","weight":2},{"day":20,"shift":"E","weight":2}]},{"id":"K","maxShifts":[0,28,28],"minTotalMinutes":7680,"maxTotalMinutes":8640,"minConsecutiveShifts":2,"maxConsecutiveShifts":6,"minConsecutiveDaysOff":3,"maxWeekends":2,"daysOff":[15,16],"onRequests":[{"day":3,"shift":"L","weight":1},{"day":4,"shift":"L","weight":1},{"day":5,"shift":"L","weight":1},{"day":6,"shift":"L","weight":1},{"day":7,"shift":"L","weight":1}],"offRequests":null},{"id":"L","maxShifts":[28,28,28],"minTotalMinutes":7680,"maxTotalMinutes":8640,"minConsecutiveShifts":2,"maxConsecutiveShifts":6,"minConsecutiveDaysOff":3,"maxWeekends":2,"daysOff":[11,12],"onRequests":[{"day":9,"shift":"D","weight":1},{"day":10,"shift":"D","weight":1}],"offRequests":[{"day":2,"shift":"E","weight":3},{"day":16,"shift":"D","weight":3},{"day":17,"shift":"D","weight":3},{"day":18,"shift":"D","weight":3},{"day":25,"shift":"L","weight":2},{"day":26,"shift":"L","weight":2},{"day":27,"shift":"L","weight":2}]},{"id":"M","maxShifts":[28,28,28],"minTotalMinutes":7680,"maxTotalMinutes":8640,"minConsecutiveShifts":2,"maxConsecutiveShifts":6,"minConsecutiveDaysOff":3,"maxWeekends":2,"daysOff":[2,23],"onRequests":[{"day":8,"shift":"E","weight":2},{"day":9,"shift":"E","weight":2},{"day":10,"shift":"E","weight":2},{"day":11,"shift":"E","weight":2},{"day":12,"shift":"E","weight":2}],"offRequests":[{"day":3,"shift":"L","weight":3},{"day":16,"shift":"E","weight":3},{"day":17,"shift":"E","weight":3},{"day":18,"shift":"E","weight":3},{"day":19,"shift":"E","weight":3},{"day":20,"shift":"E","weight":3}]},{"id":"N","maxShifts":[28,28,28],"minTotalMinutes":7680,"maxTotalMinutes":8640,"minConsecutiveShifts":2,"maxConsecutiveShifts":6,"minConsecutiveDaysOff":3,"maxWeekends":2,"daysOff":[16,17],"onRequests":[{"day":19,"shift":"E","weight":3},{"day":20,"shift":"E","weight":3}],"offRequests":[{"day":0,"shift":"D","weight":2},{"day":1,"shift":"D","weight":2},{"day":2,"shift":"D","weight":2},{"day":3,"shift":"D","weight":2},{"day":4,"shift":"D","weight":2},{"day":9,"shift":"L","weight":3},{"day":10,"shift":"L","weight":3},{"day":11,"shift":"L","weight":3},{"day":12,"shift":"L","weight":3},{"day":13,"shift":"L","weight":3}]},{"id":"O","maxShifts":[28,28,28],"minTotalMinutes":7680,"maxTotalMinutes":8640,"minConsecutiveShifts":2,"maxConsecutiveShifts":6,"minConsecutiveDaysOff":3,"maxWeekends":2,"daysOff":[0,1],"onRequests":[{"day":3,"shift":"D","weight":1},{"day":4,"shift":"D","weight":1},{"day":13,"shift":"L","weight":3},{"day":19,"shift":"D","weight":1},{"day":20,"shift":"D","weight":1},{"day":21,"shift":"D","weight":1},{"day":22,"shift":"D","weight":1},{"day":23,"shift":"D","weight":1}],"offRequests":null},{"id":"P","maxShifts":[28,28,28],"minTotalMinutes":3360,"maxTotalMinutes":4320,"minConsecutiveShifts":1,"maxConsecutiveShifts":5,"minConsecutiveDaysOff":2,"maxWeekends":1,"daysOff":[4,24],"onRequests":[{"day":8,"shift":"D","weight":2},{"day":9,"shift":"D","weight":2}],"offRequests":[{"day":15,"shift":"D","weight":3}]},{"id":"Q","maxShifts":[28,28,0],"minTotalMinutes":3360,"maxTotalMinutes":4320,"minConsecutiveShifts":1,"maxConsecutiveShifts":5,"minConsecutiveDaysOff":2,"maxWeekends":1,"daysOff":[11,16],"onRequests":[{"day":6,"shift":"D","weight":1},{"day":7,"shift":"D","weight":1},{"day":13,"shift":"E","weight":3},{"day":14,"shift":"E","weight":3},{"day":15,"shift":"E","weight":3},{"day":25,"shift":"E","weight":3}],"offRequests":null},{"id":"R","maxShifts":[28,28,28],"minTotalMinutes":3360,"maxTotalMinutes":4320,"minConsecutiveShifts":1,"maxConsecutiveShifts":5,"minConsecutiveDaysOff":2,"maxWeekends":1,"daysOff":[26,27],"onRequests":[{"day":3,"shift":"L","weight":2},{"day":11,"shift":"L","weight":3}],"offRequests":[{"day":23,"shift":"L","weight":2}]}],"covers":[[{"requirement":3,"weightIfUnder":100,"weightIfOver":1},{"requirement":4,"weightIfUnder":100,"weightIfOver":1},{"requirement":4,"weightIfUnder":100,"weightIfOver":1}],[{"requirement":4,"weightIfUnder":100,"weightIfOver":1},{"requirement":4,"weightIfUnder":100,"weightIfOver":1},{"requirement":2,"weightIfUnder":100,"weightIfOver":1}],[{"requirement":4,"weightIfUnder":100,"weightIfOver":1},{"requirement":4,"weightIfUnder":100,"weightIfOver":1},{"requirement":5,"weightIfUnder":100,"weightIfOver":1}],[{"requirement":4,"weightIfUnder":100,"weightIfOver":1},{"requirement":3,"weightIfUnder":100,"weightIfOver":1},{"requirement":4,"weightIfUnder":100,"weightIfOver":1}],[{"requirement":4,"weightIfUnder":100,"weightIfOver":1},{"requirement":6,"weightIfUnder":100,"weightIfOver":1},{"requirement":5,"weightIfUnder":100,"weightIfOver":1}],[{"requirement":3,"weightIfUnder":100,"weightIfOver":1},{"requirement":3,"weightIfUnder":100,"weightIfOver":1},{"requirement":2,"weightIfUnder":100,"weightIfOver":1}],[{"requirement":3,"weightIfUnder":100,"weightIfOver":1},{"requirement":3,"weightIfUnder":100,"weightIfOver":1},{"requirement":4,"weightIfUnder":100,"weightIfOver":1}],[{"requirement":4,"weightIfUnder":100,"weightIfOver":1},{"requirement":3,"weightIfUnder":100,"weightIfOver":1},{"requirement":3,"weightIfUnder":100,"weightIfOver":1}],[{"requirement":3,"weightIfUnder":100,"weightIfOver":1},{"requirement":4,"weightIfUnder":100,"weightIfOver":1},{"requirement":2,"weightIfUnder":100,"weightIfOver":1}],[{"requirement":4,"weightIfUnder":100,"weightIfOver":1},{"requirement":2,"weightIfUnder":100,"weightIfOver":1},{"requirement":6,"weightIfUnder":100,"weightIfOver":1}],[{"requirement":3,"weightIfUnder":100,"weightIfOver":1},{"requirement":2,"weightIfUnder":100,"weightIfOver":1},{"requirement":3,"weightIfUnder":100,"weightIfOver":1}],[{"requirement":5,"weightIfUnder":100,"weightIfOver":1},{"requirement":3,"weightIfUnder":100,"weightIfOver":1},{"requirement":2,"weightIfUnder":100,"weightIfOver":1}],[{"requirement":4,"weightIfUnder":100,"weightIfOver":1},{"requirement":3,"weightIfUnder":100,"weightIfOver":1},{"requirement":6,"weightIfUnder":100,"weightIfOver":1}],[{"requirement":2,"weightIfUnder":100,"weightIfOver":1},{"requirement":4,"weightIfUnder":100,"weightIfOver":1},{"requirement":4,"weightIfUnder":100,"weightIfOver":1}],[{"requirement":4,"weightIfUnder":100,"weightIfOver":1},{"requirement":4,"weightIfUnder":100,"weightIfOver":1},{"requirement":4,"weightIfUnder":100,"weightIfOver":1}],[{"requirement":2,"weightIfUnder":100,"weightIfOver":1},{"requirement":3,"weightIfUnder":100,"weightIfOver":1},{"requirement":4,"weightIfUnder":100,"weightIfOver":1}],[{"requirement":5,"weightIfUnder":100,"weightIfOver":1},{"requirement":4,"weightIfUnder":100,"weightIfOver":1},{"requirement":6,"weightIfUnder":100,"weightIfOver":1}],[{"requirement":2,"weightIfUnder":100,"weightIfOver":1},{"requirement":2,"weightIfUnder":100,"weightIfOver":1},{"requirement":2,"weightIfUnder":100,"weightIfOver":1}],[{"requirement":5,"weightIfUnder":100,"weightIfOver":1},{"requirement":3,"weightIfUnder":100,"weightIfOver":1},{"requirement":5,"weightIfUnder":100,"weightIfOver":1}],[{"requirement":3,"weightIfUnder":100,"weightIfOver":1},{"requirement":3,"weightIfUnder":100,"weightIfOver":1},{"requirement":3,"weightIfUnder":100,"weightIfOver":1}],[{"requirement":2,"weightIfUnder":100,"weightIfOver":1},{"requirement":2,"weightIfUnder":100,"weightIfOver":1},{"requirement":3,"weightIfUnder":100,"weightIfOver":1}],[{"requirement":4,"weightIfUnder":100,"weightIfOver":1},{"requirement":4,"weightIfUnder":100,"weightIfOver":1},{"requirement":3,"weightIfUnder":100,"weightIfOver":1}],[{"requirement":6,"weightIfUnder":100,"weightIfOver":1},{"requirement":3,"weightIfUnder":100,"weightIfOver":1},{"requirement":3,"weightIfUnder":100,"weightIfOver":1}],[{"requirement":4,"weightIfUnder":100,"weightIfOver":1},{"requirement":5,"weightIfUnder":100,"weightIfOver":1},{"requirement":2,"weightIfUnder":100,"weightIfOver":1}],[{"requirement":4,"weightIfUnder":100,"weightIfOver":1},{"requirement":3,"weightIfUnder":100,"weightIfOver":1},{"requirement":4,"weightIfUnder":100,"weightIfOver":1}],[{"requirement":2,"weightIfUnder":100,"weightIfOver":1},{"requirement":2,"weightIfUnder":100,"weightIfOver":1},{"requirement":2,"weightIfUnder":100,"weightIfOver":1}],[{"requirement":5,"weightIfUnder":100,"weightIfOver":1},{"requirement":4,"weightIfUnder":100,"weightIfOver":1},{"requirement":4,"weightIfUnder":100,"weightIfOver":1}],[{"requirement":5,"weightIfUnder":100,"weightIfOver":1},{"requirement":5,"weightIfUnder":100,"weightIfOver":1},{"requirement":4,"weightIfUnder":100,"weightIfOver":1}]]}