{"stops": {"minimal_waits": [10, 4, 4, 4, 4, 10, 0], "skip_costs": [0, 6, 6, 6, 6, 0, 0], "n_platforms": [2, 1, 1, 1, 1, 2, 0], "types": [0, 1, 1, 1, 1, 0, 1], "travel_times": [[0, 7, -1, -1, -1, -1, 0], [7, 0, 8, -1, -1, -1, 0], [-1, 9, 0, 10, -1, -1, 0], [-1, -1, 10, 0, 8, -1, 0], [-1, -1, -1, 8, 0, 15, 0], [-1, -1, -1, -1, 15, 0, 0], [0, 0, 0, 0, 0, 0, 0]], "lines": [[3, 2, 3, 3, 3, 3, 3], [2, 3, 2, 3, 3, 3, 3], [3, 2, 3, 2, 3, 3, 3], [3, 3, 2, 3, 2, 3, 3], [3, 3, 3, 2, 3, 2, 3], [3, 3, 3, 3, 2, 3, 3], [3, 3, 3, 3, 3, 3, 3]]}, "routes": [[0, 1, 2, 3, 4, 5], [5, 4, 3, 2, 1, 0]], "services": {"routes": [0, 0, 0, 0, 0, 0, 1, 1, 1, 1, 1, 1], "starts": [0, 30, 60, 90, 120, 150, 0, 30, 60, 90, 120, 150], "ends": [60, 90, 120, 150, 180, 210, 60, 90, 120, 150, 180, 210]}, "engines": {"names": ["E1", "E2", "E3", "E4", "E5", "E6"], "starts": [0, 0, 0, 5, 5, 5]}, "makespan": 240, "min_sep": 4}