{"stops": {"minimal_waits": [10, 10, 20, 10, 10, 10, 10, 10, 10, 0], "skip_costs": [0, 6, 0, 8, 0, 0, 9, 12, 0, 0], "n_platforms": [1, 1, 2, 1, 1, 1, 1, 1, 1, 0], "types": [0, 1, 2, 1, 0, 0, 1, 1, 0, 1], "travel_times": [[0, 9, -1, -1, -1, -1, -1, -1, -1, 0], [7, 0, 12, -1, -1, -1, -1, -1, -1, 0], [-1, 9, 0, 10, -1, -1, 11, 6, -1, 0], [-1, -1, 10, 0, 8, -1, -1, -1, -1, 0], [-1, -1, -1, 9, 0, -1, -1, -1, -1, 0], [-1, -1, -1, -1, -1, 0, 8, -1, -1, 0], [-1, -1, 12, -1, -1, 9, 0, -1, -1, 0], [-1, -1, 4, -1, -1, -1, -1, 0, 9, 0], [-1, -1, -1, -1, -1, -1, -1, 12, 0, 0], [0, 0, 0, 0, 0, 0, 0, 0, 0, 0]], "lines": [[3, 0, 3, 3, 3, 3, 3, 3, 3, 3], [0, 3, 0, 3, 3, 3, 3, 3, 3, 3], [3, 0, 3, 1, 3, 3, 0, 1, 3, 3], [3, 3, 1, 3, 1, 3, 3, 3, 3, 3], [3, 3, 3, 1, 3, 3, 3, 3, 3, 3], [3, 3, 3, 3, 3, 3, 0, 3, 3, 3], [3, 3, 0, 3, 3, 0, 3, 3, 3, 3], [3, 3, 1, 3, 3, 3, 3, 3, 1, 3], [3, 3, 3, 3, 3, 3, 3, 1, 3, 3], [3, 3, 3, 3, 3, 3, 3, 3, 3, 3]]}, "routes": [[0, 1, 2, 3, 4], [4, 3, 2, 7, 8], [8, 7, 2, 6, 5], [5, 6, 2, 1, 0], [2, 3, 4, 9, 9], [4, 3, 2, 9, 9], [2, 7, 8, 9, 9], [8, 7, 2, 9, 9]], "services": {"routes": [0, 1, 2, 3, 4, 5, 6, 7, 0, 1, 2, 3, 4, 5, 6, 7], "starts": [0, 0, 0, 0, 0, 90, 0, 90, 120, 120, 120, 120, 120, 210, 120, 210], "ends": [360, 360, 360, 360, 150, 210, 150, 210, 360, 360, 360, 360, 180, 360, 180, 360]}, "engines": {"names": ["E1", "E2", "E3", "E4"], "starts": [0, 4, 2, 2]}, "makespan": 360, "min_sep": 8}