{"stops": {"minimal_waits": [10, 4, 8, 8, 4, 10, 10, 8, 10, 0], "skip_costs": [0, 0, 0, 20, 10, 0, 0, 5, 0, 0], "n_platforms": [2, 1, 1, 1, 1, 2, 2, 1, 2, 0], "types": [0, 2, 2, 1, 1, 0, 0, 1, 0, 1], "travel_times": [[0, 7, -1, -1, -1, -1, -1, -1, -1, 0], [7, 0, 8, -1, -1, -1, 12, -1, -1, 0], [-1, 9, 0, 10, -1, -1, -1, 4, -1, 0], [-1, -1, 10, 0, 8, -1, -1, -1, -1, 0], [-1, -1, -1, 8, 0, 15, -1, -1, -1, 0], [-1, -1, -1, -1, 15, 0, -1, -1, -1, 0], [-1, 12, -1, -1, -1, -1, 0, -1, -1, 0], [-1, -1, 4, -1, -1, -1, -1, 0, 6, 0], [-1, -1, -1, -1, -1, -1, -1, 6, 0, 0], [0, 0, 0, 0, 0, 0, 0, 0, 0, 0]], "lines": [[3, 1, 3, 3, 3, 3, 3, 3, 3, 3], [1, 3, 2, 3, 3, 3, 1, 3, 3, 3], [3, 2, 3, 1, 3, 3, 3, 1, 3, 3], [3, 3, 1, 3, 1, 3, 3, 3, 3, 3], [3, 3, 3, 1, 3, 1, 3, 3, 3, 3], [3, 3, 3, 3, 1, 3, 3, 3, 3, 3], [3, 1, 3, 3, 3, 3, 3, 3, 3, 3], [3, 3, 1, 3, 3, 3, 3, 3, 1, 3], [3, 3, 3, 3, 3, 3, 3, 1, 3, 3], [3, 3, 3, 3, 3, 3, 3, 3, 3, 3]]}, "routes": [[0, 1, 2, 3, 4, 5], [6, 1, 2, 7, 8, 9], [5, 4, 3, 2, 1, 0], [8, 7, 2, 1, 6, 9]], "services": {"routes": [0, 0, 0, 1, 1, 2, 3, 3], "starts": [0, 0, 0, 0, 0, 0, 0, 0], "ends": [60, 70, 80, 90, 180, 190, 200, 210]}, "engines": {"names": ["E1", "E2", "E3", "E4"], "starts": [0, 0, 0, 6]}, "makespan": 300, "min_sep": 20}