{"stops": {"minimal_waits": [10, 4, 8, 8, 4, 10, 10, 8, 10, 6, 10, 0], "skip_costs": [0, 6, 0, 0, 20, 0, 0, 5, 0, 5, 0, 0], "n_platforms": [2, 1, 2, 1, 1, 1, 2, 1, 1, 1, 2, 0], "types": [0, 1, 2, 2, 1, 0, 0, 1, 0, 1, 0, 1], "travel_times": [[0, 7, -1, -1, -1, -1, -1, -1, -1, -1, -1, 0], [7, 0, 8, -1, -1, -1, 12, -1, -1, -1, -1, 0], [-1, 9, 0, 10, -1, -1, -1, -1, -1, 5, -1, 0], [-1, -1, 10, 0, 8, -1, -1, 4, -1, -1, -1, 0], [-1, -1, -1, 8, 0, 15, -1, -1, -1, -1, -1, 0], [-1, -1, -1, -1, 15, 0, -1, -1, -1, -1, -1, 0], [-1, 12, -1, -1, -1, -1, 0, -1, -1, -1, -1, 0], [-1, -1, -1, 4, -1, -1, -1, 0, 6, -1, -1, 0], [-1, -1, -1, -1, -1, -1, -1, 6, 0, -1, -1, 0], [-1, -1, 6, -1, -1, -1, -1, -1, -1, 0, 10, 0], [-1, -1, -1, -1, -1, -1, -1, -1, -1, 10, 0, 0], [0, 0, 0, 0, 0, 0, 0, 0, 0, 0, 0, 0]], "lines": [[3, 0, 3, 3, 3, 3, 3, 3, 3, 3, 3, 3], [0, 3, 2, 3, 3, 3, 1, 3, 3, 3, 3, 3], [3, 2, 3, 1, 3, 3, 3, 3, 3, 1, 3, 3], [3, 3, 1, 3, 1, 3, 3, 0, 3, 3, 3, 3], [3, 3, 3, 1, 3, 1, 3, 3, 3, 3, 3, 3], [3, 3, 3, 3, 1, 3, 3, 3, 3, 3, 3, 3], [3, 1, 3, 3, 3, 3, 3, 3, 3, 3, 3, 3], [3, 3, 3, 0, 3, 3, 3, 3, 0, 3, 3, 3], [3, 3, 3, 3, 3, 3, 3, 0, 3, 3, 3, 3], [3, 3, 1, 3, 3, 3, 3, 3, 3, 3, 0, 3], [3, 3, 3, 3, 3, 3, 3, 3, 3, 0, 3, 3], [3, 3, 3, 3, 3, 3, 3, 3, 3, 3, 3, 3]]}, "routes": [[0, 1, 2, 3, 4, 5], [6, 1, 2, 9, 10, 11], [5, 4, 3, 2, 1, 0], [10, 9, 2, 3, 7, 8], [8, 7, 3, 4, 5, 11]], "services": {"routes": [0, 1, 2, 3, 4], "starts": [0, 0, 0, 0, 0], "ends": [120, 120, 120, 120, 120]}, "engines": {"names": ["E1", "E2", "E3", "E4", "E5"], "starts": [0, 6, 5, 10, 8]}, "makespan": 240, "min_sep": 4}