{"stops": {"minimal_waits": [1, 1, 2, 1, 1, 1, 1, 1, 1, 0], "skip_costs": [0, 1, 0, 2, 0, 0, 2, 2, 0, 0], "n_platforms": [1, 1, 2, 1, 1, 1, 1, 1, 1, 0], "types": [0, 1, 2, 1, 0, 0, 1, 1, 0, 1], "travel_times": [[0, 1, -1, -1, -1, -1, -1, -1, -1, 0], [1, 0, 1, -1, -1, -1, -1, -1, -1, 0], [-1, 1, 0, 1, -1, -1, 1, 1, -1, 0], [-1, -1, 1, 0, 1, -1, -1, -1, -1, 0], [-1, -1, -1, 1, 0, -1, -1, -1, -1, 0], [-1, -1, -1, -1, -1, 0, 1, -1, -1, 0], [-1, -1, 1, -1, -1, 1, 0, -1, -1, 0], [-1, -1, 1, -1, -1, -1, -1, 0, 1, 0], [-1, -1, -1, -1, -1, -1, -1, 1, 0, 0], [0, 0, 0, 0, 0, 0, 0, 0, 0, 0]], "lines": [[3, 2, 3, 3, 3, 3, 3, 3, 3, 3], [2, 3, 2, 3, 3, 3, 3, 3, 3, 3], [3, 2, 3, 2, 3, 3, 2, 2, 3, 3], [3, 3, 2, 3, 2, 3, 3, 3, 3, 3], [3, 3, 3, 2, 3, 3, 3, 3, 3, 3], [3, 3, 3, 3, 3, 3, 2, 3, 3, 3], [3, 3, 2, 3, 3, 2, 3, 3, 3, 3], [3, 3, 2, 3, 3, 3, 3, 3, 2, 3], [3, 3, 3, 3, 3, 3, 3, 2, 3, 3], [3, 3, 3, 3, 3, 3, 3, 3, 3, 3]]}, "routes": [[0, 1, 2, 3, 4], [4, 3, 2, 7, 8], [8, 7, 2, 6, 5], [5, 6, 2, 1, 0], [2, 3, 4, 9, 9], [4, 3, 2, 9, 9], [2, 7, 8, 9, 9], [8, 7, 2, 9, 9]], "services": {"routes": [0, 1, 2, 3, 4, 5, 6, 7, 0, 1, 2, 3, 4, 5, 6, 7], "starts": [0, 0, 0, 0, 0, 0, 0, 0, 12, 12, 12, 12, 12, 12, 12, 12], "ends": [60, 60, 60, 60, 60, 60, 60, 60, 60, 60, 60, 60, 60, 60, 60, 60]}, "engines": {"names": ["E1", "E2"], "starts": [0, 2]}, "makespan": 60, "min_sep": 1}