{"nPieces": 35, "pieceLength": 1000, "items": [{"length": 190, "demand": 12}, {"length": 169, "demand": 13}, {"length": 167, "demand": 1}, {"length": 157, "demand": 6}, {"length": 155, "demand": 11}, {"length": 150, "demand": 11}, {"length": 142, "demand": 11}, {"length": 140, "demand": 16}, {"length": 128, "demand": 17}, {"length": 121, "demand": 7}, {"length": 112, "demand": 4}, {"length": 108, "demand": 11}, {"length": 106, "demand": 10}, {"length": 102, "demand": 8}, {"length": 79, "demand": 12}, {"length": 77, "demand": 5}, {"length": 69, "demand": 1}, {"length": 65, "demand": 8}, {"length": 35, "demand": 15}, {"length": 30, "demand": 21}]}