{"nPieces": 253, "pieceLength": 1000, "items": [{"length": 190, "demand": 125}, {"length": 169, "demand": 131}, {"length": 167, "demand": 7}, {"length": 157, "demand": 61}, {"length": 155, "demand": 109}, {"length": 150, "demand": 108}, {"length": 142, "demand": 111}, {"length": 140, "demand": 164}, {"length": 128, "demand": 167}, {"length": 121, "demand": 70}, {"length": 112, "demand": 43}, {"length": 108, "demand": 108}, {"length": 106, "demand": 101}, {"length": 102, "demand": 75}, {"length": 79, "demand": 124}, {"length": 77, "demand": 55}, {"length": 69, "demand": 15}, {"length": 65, "demand": 84}, {"length": 35, "demand": 153}, {"length": 30, "demand": 189}]}