{"nPieces": 147, "pieceLength": 1000, "items": [{"length": 759, "demand": 12}, {"length": 669, "demand": 13}, {"length": 664, "demand": 1}, {"length": 619, "demand": 6}, {"length": 614, "demand": 11}, {"length": 592, "demand": 11}, {"length": 559, "demand": 11}, {"length": 550, "demand": 16}, {"length": 501, "demand": 17}, {"length": 472, "demand": 7}, {"length": 433, "demand": 4}, {"length": 418, "demand": 11}, {"length": 411, "demand": 10}, {"length": 392, "demand": 8}, {"length": 298, "demand": 12}, {"length": 290, "demand": 5}, {"length": 257, "demand": 1}, {"length": 240, "demand": 8}, {"length": 117, "demand": 15}, {"length": 93, "demand": 21}]}