{"nPieces": 1322, "pieceLength": 1000, "items": [{"length": 759, "demand": 125}, {"length": 669, "demand": 131}, {"length": 664, "demand": 7}, {"length": 619, "demand": 61}, {"length": 614, "demand": 109}, {"length": 592, "demand": 108}, {"length": 559, "demand": 111}, {"length": 550, "demand": 164}, {"length": 501, "demand": 167}, {"length": 472, "demand": 70}, {"length": 433, "demand": 43}, {"length": 418, "demand": 108}, {"length": 411, "demand": 101}, {"length": 392, "demand": 75}, {"length": 298, "demand": 124}, {"length": 290, "demand": 55}, {"length": 257, "demand": 15}, {"length": 240, "demand": 84}, {"length": 117, "demand": 153}, {"length": 93, "demand": 189}]}