{"nPieces": 178, "pieceLength": 1000, "items": [{"length": 769, "demand": 12}, {"length": 700, "demand": 13}, {"length": 697, "demand": 1}, {"length": 663, "demand": 6}, {"length": 659, "demand": 11}, {"length": 642, "demand": 11}, {"length": 617, "demand": 11}, {"length": 610, "demand": 16}, {"length": 573, "demand": 17}, {"length": 551, "demand": 7}, {"length": 522, "demand": 4}, {"length": 510, "demand": 11}, {"length": 504, "demand": 10}, {"length": 490, "demand": 8}, {"length": 418, "demand": 12}, {"length": 412, "demand": 5}, {"length": 388, "demand": 1}, {"length": 374, "demand": 8}, {"length": 281, "demand": 15}, {"length": 263, "demand": 21}]}