{"nPieces": 1614, "pieceLength": 1000, "items": [{"length": 769, "demand": 125}, {"length": 700, "demand": 131}, {"length": 697, "demand": 7}, {"length": 663, "demand": 61}, {"length": 659, "demand": 109}, {"length": 642, "demand": 108}, {"length": 617, "demand": 111}, {"length": 610, "demand": 164}, {"length": 573, "demand": 167}, {"length": 551, "demand": 70}, {"length": 522, "demand": 43}, {"length": 510, "demand": 108}, {"length": 504, "demand": 101}, {"length": 490, "demand": 75}, {"length": 418, "demand": 124}, {"length": 412, "demand": 55}, {"length": 388, "demand": 15}, {"length": 374, "demand": 84}, {"length": 281, "demand": 153}, {"length": 263, "demand": 189}]}