{"nPieces": 1513, "pieceLength": 1000, "items": [{"length": 778, "demand": 43}, {"length": 734, "demand": 86}, {"length": 723, "demand": 138}, {"length": 625, "demand": 131}, {"length": 596, "demand": 106}, {"length": 553, "demand": 194}, {"length": 546, "demand": 129}, {"length": 540, "demand": 3}, {"length": 528, "demand": 86}, {"length": 518, "demand": 169}, {"length": 490, "demand": 131}, {"length": 485, "demand": 130}, {"length": 453, "demand": 24}, {"length": 444, "demand": 174}, {"length": 400, "demand": 24}, {"length": 389, "demand": 44}, {"length": 367, "demand": 101}, {"length": 304, "demand": 138}, {"length": 275, "demand": 72}, {"length": 266, "demand": 77}]}