{"nPieces": 1569, "pieceLength": 1000, "items": [{"length": 800, "demand": 106}, {"length": 747, "demand": 143}, {"length": 712, "demand": 51}, {"length": 697, "demand": 199}, {"length": 686, "demand": 21}, {"length": 666, "demand": 175}, {"length": 656, "demand": 151}, {"length": 568, "demand": 113}, {"length": 520, "demand": 201}, {"length": 514, "demand": 3}, {"length": 510, "demand": 28}, {"length": 474, "demand": 126}, {"length": 397, "demand": 93}, {"length": 355, "demand": 74}, {"length": 345, "demand": 115}, {"length": 334, "demand": 159}, {"length": 294, "demand": 108}, {"length": 255, "demand": 84}, {"length": 204, "demand": 37}, {"length": 202, "demand": 13}]}