{"domains":[null,[16,30,44,58,72,86,100,114,128,142,156,254,268,282,296,310,324,338,352,366,380,394,414,428,442,456,470,484,498,512,526,540,554,652,666,680,694,708,722,736,750,764,778,792],[30,58,86,114,142,268,296,324,352,380,414,442,470,498,526,554,652,680,708,736,764,792],[30,44,58,72,86,100,114,128,142,268,282,296,310,324,338,352,366,380,428,442,456,470,484,498,512,526,540,666,680,694,708,722,736,750,764,778],[16,30,58,86,114,142,254,268,296,324,352,380,414,442,470,498,526,554,652,680,708,736,764,792],[142,170,240,380,408,478],[30,44,58,72,86,100,114,128,142,156,268,282,296,310,324,338,352,366,380,394,414,428,442,456,470,484,498,512,526,540,554,652,666,680,694,708,722,736,750,764,778,792],[16,30,44,58,72,86,100,114,128,142,156,254,268,282,296,310,324,338,352,366,380,394]],"vars":[{"domain":6,"value":null,"mobility":null},{"domain":6,"value":null,"mobility":null},{"domain":6,"value":null,"mobility":null},{"domain":6,"value":null,"mobility":null},{"domain":4,"value":null,"mobility":null},{"domain":4,"value":null,"mobility":null},{"domain":6,"value":null,"mobility":null},{"domain":6,"value":null,"mobility":null},{"domain":6,"value":null,"mobility":null},{"domain":6,"value":null,"mobility":null},{"domain":6,"value":null,"mobility":null},{"domain":6,"value":null,"mobility":null},{"domain":1,"value":null,"mobility":null},{"domain":1,"value":null,"mobility":null},{"domain":7,"value":null,"mobility":null},{"domain":7,"value":null,"mobility":null},{"domain":4,"value":null,"mobility":null},{"domain":4,"value":null,"mobility":null},{"domain":1,"value":null,"mobility":null},{"domain":1,"value":null,"mobility":null},{"domain":4,"value":null,"mobility":null},{"domain":4,"value":null,"mobility":null},{"domain":7,"value":null,"mobility":null},{"domain":7,"value":null,"mobility":null},{"domain":6,"value":null,"mobility":null},{"domain":6,"value":null,"mobility":null},{"domain":6,"value":null,"mobility":null},{"domain":6,"value":null,"mobility":null},{"domain":1,"value":null,"mobility":null},{"domain":1,"value":null,"mobility":null},{"domain":7,"value":null,"mobility":null},{"domain":7,"value":null,"mobility":null},{"domain":3,"value":null,"mobility":null},{"domain":3,"value":null,"mobility":null},{"domain":6,"value":null,"mobility":null},{"domain":6,"value":null,"mobility":null},{"domain":6,"value":null,"mobility":null},{"domain":6,"value":null,"mobility":null},{"domain":4,"value":null,"mobility":null},{"domain":4,"value":null,"mobility":null},{"domain":1,"value":null,"mobility":null},{"domain":1,"value":null,"mobility":null},{"domain":3,"value":null,"mobility":null},{"domain":3,"value":null,"mobility":null},{"domain":1,"value":null,"mobility":null},{"domain":1,"value":null,"mobility":null},{"domain":3,"value":null,"mobility":null},{"domain":3,"value":null,"mobility":null},{"domain":3,"value":null,"mobility":null},{"domain":3,"value":null,"mobility":null},{"domain":3,"value":null,"mobility":null},{"domain":3,"value":null,"mobility":null},{"domain":6,"value":null,"mobility":null},{"domain":6,"value":null,"mobility":null},{"domain":3,"value":null,"mobility":null},{"domain":3,"value":null,"mobility":null},{"domain":3,"value":null,"mobility":null},{"domain":3,"value":null,"mobility":null},{"domain":1,"value":null,"mobility":null},{"domain":1,"value":null,"mobility":null},{"domain":3,"value":null,"mobility":null},{"domain":3,"value":null,"mobility":null},{"domain":1,"value":null,"mobility":null},{"domain":1,"value":null,"mobility":null},{"domain":1,"value":null,"mobility":null},{"domain":1,"value":null,"mobility":null},{"domain":6,"value":null,"mobility":null},{"domain":6,"value":null,"mobility":null},{"domain":3,"value":null,"mobility":null},{"domain":3,"value":null,"mobility":null},{"domain":6,"value":null,"mobility":null},{"domain":6,"value":null,"mobility":null},{"domain":6,"value":null,"mobility":null},{"domain":6,"value":null,"mobility":null},{"domain":1,"value":null,"mobility":null},{"domain":1,"value":null,"mobility":null},{"domain":3,"value":null,"mobility":null},{"domain":3,"value":null,"mobility":null},{"domain":1,"value":null,"mobility":null},{"domain":1,"value":null,"mobility":null},{"domain":3,"value":null,"mobility":null},{"domain":3,"value":null,"mobility":null},{"domain":3,"value":null,"mobility":null},{"domain":3,"value":null,"mobility":null},{"domain":1,"value":null,"mobility":null},{"domain":1,"value":null,"mobility":null},{"domain":1,"value":null,"mobility":null},{"domain":1,"value":null,"mobility":null},{"domain":6,"value":null,"mobility":null},{"domain":6,"value":null,"mobility":null},{"domain":1,"value":null,"mobility":null},{"domain":1,"value":null,"mobility":null},{"domain":3,"value":null,"mobility":null},{"domain":3,"value":null,"mobility":null},{"domain":5,"value":null,"mobility":null},{"domain":5,"value":null,"mobility":null},{"domain":3,"value":null,"mobility":null},{"domain":3,"value":null,"mobility":null},{"domain":3,"value":null,"mobility":null},{"domain":3,"value":null,"mobility":null},{"domain":1,"value":null,"mobility":null},{"domain":1,"value":null,"mobility":null},{"domain":6,"value":null,"mobility":null},{"domain":6,"value":null,"mobility":null},{"domain":3,"value":null,"mobility":null},{"domain":3,"value":null,"mobility":null},{"domain":6,"value":null,"mobility":null},{"domain":6,"value":null,"mobility":null},{"domain":6,"value":null,"mobility":null},{"domain":6,"value":null,"mobility":null},{"domain":1,"value":null,"mobility":null},{"domain":1,"value":null,"mobility":null},{"domain":1,"value":null,"mobility":null},{"domain":1,"value":null,"mobility":null},{"domain":1,"value":null,"mobility":null},{"domain":1,"value":null,"mobility":null},{"domain":6,"value":null,"mobility":null},{"domain":6,"value":null,"mobility":null},{"domain":3,"value":null,"mobility":null},{"domain":3,"value":null,"mobility":null},{"domain":1,"value":null,"mobility":null},{"domain":1,"value":null,"mobility":null},{"domain":1,"value":null,"mobility":null},{"domain":1,"value":null,"mobility":null},{"domain":6,"value":null,"mobility":null},{"domain":6,"value":null,"mobility":null},{"domain":6,"value":null,"mobility":null},{"domain":6,"value":null,"mobility":null},{"domain":1,"value":null,"mobility":null},{"domain":1,"value":null,"mobility":null},{"domain":6,"value":null,"mobility":null},{"domain":6,"value":null,"mobility":null},{"domain":6,"value":null,"mobility":null},{"domain":6,"value":null,"mobility":null},{"domain":6,"value":null,"mobility":null},{"domain":6,"value":null,"mobility":null},{"domain":1,"value":null,"mobility":null},{"domain":1,"value":null,"mobility":null},{"domain":3,"value":null,"mobility":null},{"domain":3,"value":null,"mobility":null},{"domain":6,"value":null,"mobility":null},{"domain":6,"value":null,"mobility":null},{"domain":1,"value":null,"mobility":null},{"domain":1,"value":null,"mobility":null},{"domain":3,"value":null,"mobility":null},{"domain":3,"value":null,"mobility":null},{"domain":6,"value":null,"mobility":null},{"domain":6,"value":null,"mobility":null},{"domain":3,"value":null,"mobility":null},{"domain":3,"value":null,"mobility":null},{"domain":3,"value":null,"mobility":null},{"domain":3,"value":null,"mobility":null},{"domain":1,"value":null,"mobility":null},{"domain":1,"value":null,"mobility":null},{"domain":3,"value":null,"mobility":null},{"domain":3,"value":null,"mobility":null},{"domain":1,"value":null,"mobility":null},{"domain":1,"value":null,"mobility":null},{"domain":1,"value":null,"mobility":null},{"domain":1,"value":null,"mobility":null},{"domain":6,"value":null,"mobility":null},{"domain":6,"value":null,"mobility":null},{"domain":1,"value":null,"mobility":null},{"domain":1,"value":null,"mobility":null},{"domain":3,"value":null,"mobility":null},{"domain":3,"value":null,"mobility":null},{"domain":1,"value":null,"mobility":null},{"domain":1,"value":null,"mobility":null},{"domain":1,"value":null,"mobility":null},{"domain":1,"value":null,"mobility":null},{"domain":3,"value":null,"mobility":null},{"domain":3,"value":null,"mobility":null},{"domain":3,"value":null,"mobility":null},{"domain":3,"value":null,"mobility":null},{"domain":6,"value":null,"mobility":null},{"domain":6,"value":null,"mobility":null},{"domain":3,"value":null,"mobility":null},{"domain":3,"value":null,"mobility":null},{"domain":6,"value":null,"mobility":null},{"domain":6,"value":null,"mobility":null},{"domain":1,"value":null,"mobility":null},{"domain":1,"value":null,"mobility":null},{"domain":3,"value":null,"mobility":null},{"domain":3,"value":null,"mobility":null},{"domain":6,"value":null,"mobility":null},{"domain":6,"value":null,"mobility":null},{"domain":1,"value":null,"mobility":null},{"domain":1,"value":null,"mobility":null},{"domain":3,"value":null,"mobility":null},{"domain":3,"value":null,"mobility":null},{"domain":1,"value":null,"mobility":null},{"domain":1,"value":null,"mobility":null},{"domain":1,"value":null,"mobility":null},{"domain":1,"value":null,"mobility":null},{"domain":3,"value":null,"mobility":null},{"domain":3,"value":null,"mobility":null},{"domain":3,"value":null,"mobility":null},{"domain":3,"value":null,"mobility":null},{"domain":3,"value":null,"mobility":null},{"domain":3,"value":null,"mobility":null}],"ctrs":[{"x":0,"y":1,"operator":"=","limit":238,"weight":0},{"x":0,"y":4,"operator":">","limit":41,"weight":0},{"x":0,"y":5,"operator":">","limit":274,"weight":0},{"x":0,"y":18,"operator":">","limit":39,"weight":0},{"x":0,"y":19,"operator":">","limit":193,"weight":0},{"x":0,"y":198,"operator":">","limit":67,"weight":0},{"x":0,"y":199,"operator":">","limit":165,"weight":0},{"x":1,"y":4,"operator":">","limit":192,"weight":0},{"x":1,"y":5,"operator":">","limit":36,"weight":0},{"x":1,"y":18,"operator":">","limit":274,"weight":0},{"x":1,"y":19,"operator":">","limit":41,"weight":0},{"x":1,"y":198,"operator":">","limit":303,"weight":0},{"x":1,"y":199,"operator":">","limit":66,"weight":0},{"x":2,"y":3,"operator":"=","limit":238,"weight":0},{"x":2,"y":44,"operator":">","limit":78,"weight":0},{"x":2,"y":46,"operator":">","limit":52,"weight":0},{"x":2,"y":47,"operator":">","limit":180,"weight":0},{"x":2,"y":50,"operator":">","limit":10,"weight":0},{"x":2,"y":51,"operator":">","limit":222,"weight":0},{"x":2,"y":62,"operator":">","limit":124,"weight":0},{"x":2,"y":63,"operator":">","limit":106,"weight":0},{"x":2,"y":183,"operator":">","limit":179,"weight":0},{"x":3,"y":44,"operator":">","limit":301,"weight":0},{"x":3,"y":45,"operator":">","limit":80,"weight":0},{"x":3,"y":46,"operator":">","limit":290,"weight":0},{"x":3,"y":47,"operator":">","limit":52,"weight":0},{"x":3,"y":50,"operator":">","limit":248,"weight":0},{"x":3,"y":51,"operator":">","limit":13,"weight":0},{"x":3,"y":62,"operator":">","limit":321,"weight":0},{"x":3,"y":63,"operator":">","limit":121,"weight":0},{"x":3,"y":83,"operator":">","limit":108,"weight":0},{"x":3,"y":182,"operator":">","limit":293,"weight":0},{"x":3,"y":183,"operator":">","limit":51,"weight":0},{"x":4,"y":5,"operator":"=","limit":238,"weight":0},{"x":4,"y":18,"operator":">","limit":79,"weight":0},{"x":4,"y":19,"operator":">","limit":150,"weight":0},{"x":4,"y":198,"operator":">","limit":108,"weight":0},{"x":4,"y":199,"operator":">","limit":121,"weight":0},{"x":5,"y":18,"operator":">","limit":300,"weight":0},{"x":5,"y":19,"operator":">","limit":83,"weight":0},{"x":5,"y":198,"operator":">","limit":344,"weight":0},{"x":5,"y":199,"operator":">","limit":108,"weight":0},{"x":6,"y":7,"operator":"=","limit":238,"weight":0},{"x":6,"y":32,"operator":">","limit":94,"weight":0},{"x":6,"y":33,"operator":">","limit":134,"weight":0},{"x":6,"y":36,"operator":">","limit":69,"weight":0},{"x":6,"y":37,"operator":">","limit":166,"weight":0},{"x":6,"y":40,"operator":">","limit":121,"weight":0},{"x":6,"y":41,"operator":">","limit":107,"weight":0},{"x":6,"y":96,"operator":">","limit":111,"weight":0},{"x":6,"y":97,"operator":">","limit":122,"weight":0},{"x":6,"y":104,"operator":">","limit":51,"weight":0},{"x":6,"y":105,"operator":">","limit":177,"weight":0},{"x":6,"y":196,"operator":">","limit":12,"weight":0},{"x":6,"y":197,"operator":">","limit":223,"weight":0},{"x":7,"y":32,"operator":">","limit":321,"weight":0},{"x":7,"y":41,"operator":">","limit":124,"weight":0},{"x":7,"y":96,"operator":">","limit":325,"weight":0},{"x":7,"y":97,"operator":">","limit":107,"weight":0},{"x":7,"y":104,"operator":">","limit":292,"weight":0},{"x":7,"y":105,"operator":">","limit":53,"weight":0},{"x":7,"y":196,"operator":">","limit":247,"weight":0},{"x":7,"y":197,"operator":">","limit":10,"weight":0},{"x":8,"y":9,"operator":"=","limit":238,"weight":0},{"x":8,"y":12,"operator":">","limit":81,"weight":0},{"x":8,"y":13,"operator":">","limit":151,"weight":0},{"x":8,"y":56,"operator":">","limit":53,"weight":0},{"x":8,"y":57,"operator":">","limit":178,"weight":0},{"x":8,"y":88,"operator":">","limit":66,"weight":0},{"x":8,"y":89,"operator":">","limit":164,"weight":0},{"x":8,"y":190,"operator":">","limit":124,"weight":0},{"x":8,"y":191,"operator":">","limit":109,"weight":0},{"x":8,"y":194,"operator":">","limit":96,"weight":0},{"x":8,"y":195,"operator":">","limit":136,"weight":0},{"x":9,"y":12,"operator":">","limit":310,"weight":0},{"x":9,"y":13,"operator":">","limit":80,"weight":0},{"x":9,"y":56,"operator":">","limit":293,"weight":0},{"x":9,"y":57,"operator":">","limit":52,"weight":0},{"x":9,"y":88,"operator":">","limit":306,"weight":0},{"x":9,"y":89,"operator":">","limit":66,"weight":0},{"x":9,"y":110,"operator":">","limit":322,"weight":0},{"x":9,"y":111,"operator":">","limit":122,"weight":0},{"x":9,"y":191,"operator":">","limit":124,"weight":0},{"x":9,"y":194,"operator":">","limit":324,"weight":0},{"x":10,"y":11,"operator":"=","limit":238,"weight":0},{"x":10,"y":12,"operator":">","limit":79,"weight":0},{"x":10,"y":13,"operator":">","limit":148,"weight":0},{"x":10,"y":22,"operator":">","limit":53,"weight":0},{"x":10,"y":23,"operator":">","limit":177,"weight":0},{"x":10,"y":26,"operator":">","limit":40,"weight":0},{"x":10,"y":27,"operator":">","limit":195,"weight":0},{"x":10,"y":28,"operator":">","limit":24,"weight":0},{"x":10,"y":29,"operator":">","limit":205,"weight":0},{"x":10,"y":78,"operator":">","limit":125,"weight":0},{"x":10,"y":79,"operator":">","limit":109,"weight":0},{"x":10,"y":126,"operator":">","limit":65,"weight":0},{"x":10,"y":127,"operator":">","limit":165,"weight":0},{"x":11,"y":22,"operator":">","limit":293,"weight":0},{"x":11,"y":23,"operator":">","limit":52,"weight":0},{"x":11,"y":26,"operator":">","limit":279,"weight":0},{"x":11,"y":27,"operator":">","limit":39,"weight":0},{"x":11,"y":28,"operator":">","limit":265,"weight":0},{"x":11,"y":29,"operator":">","limit":25,"weight":0},{"x":11,"y":30,"operator":">","limit":250,"weight":0},{"x":11,"y":31,"operator":">","limit":10,"weight":0},{"x":11,"y":78,"operator":">","limit":308,"weight":0},{"x":11,"y":79,"operator":">","limit":120,"weight":0},{"x":11,"y":126,"operator":">","limit":303,"weight":0},{"x":11,"y":127,"operator":">","limit":64,"weight":0},{"x":12,"y":13,"operator":"=","limit":238,"weight":0},{"x":12,"y":56,"operator":">","limit":25,"weight":0},{"x":12,"y":57,"operator":">","limit":264,"weight":0},{"x":12,"y":68,"operator":">","limit":22,"weight":0},{"x":12,"y":69,"operator":">","limit":207,"weight":0},{"x":12,"y":88,"operator":">","limit":10,"weight":0},{"x":12,"y":190,"operator":">","limit":37,"weight":0},{"x":12,"y":191,"operator":">","limit":193,"weight":0},{"x":12,"y":194,"operator":">","limit":9,"weight":0},{"x":13,"y":56,"operator":">","limit":207,"weight":0},{"x":13,"y":78,"operator":">","limit":279,"weight":0},{"x":13,"y":79,"operator":">","limit":38,"weight":0},{"x":13,"y":88,"operator":">","limit":219,"weight":0},{"x":13,"y":89,"operator":">","limit":10,"weight":0},{"x":13,"y":191,"operator":">","limit":40,"weight":0},{"x":13,"y":194,"operator":">","limit":247,"weight":0},{"x":13,"y":195,"operator":">","limit":8,"weight":0},{"x":14,"y":15,"operator":"=","limit":238,"weight":0},{"x":14,"y":69,"operator":">","limit":149,"weight":0},{"x":14,"y":72,"operator":">","limit":23,"weight":0},{"x":14,"y":76,"operator":">","limit":69,"weight":0},{"x":14,"y":84,"operator":">","limit":94,"weight":0},{"x":14,"y":85,"operator":">","limit":139,"weight":0},{"x":14,"y":116,"operator":">","limit":22,"weight":0},{"x":14,"y":117,"operator":">","limit":260,"weight":0},{"x":14,"y":132,"operator":">","limit":36,"weight":0},{"x":14,"y":133,"operator":">","limit":195,"weight":0},{"x":15,"y":68,"operator":">","limit":318,"weight":0},{"x":15,"y":69,"operator":">","limit":81,"weight":0},{"x":15,"y":72,"operator":">","limit":206,"weight":0},{"x":15,"y":76,"operator":">","limit":300,"weight":0},{"x":15,"y":77,"operator":">","limit":64,"weight":0},{"x":15,"y":84,"operator":">","limit":306,"weight":0},{"x":15,"y":85,"operator":">","limit":97,"weight":0},{"x":15,"y":126,"operator":">","limit":275,"weight":0},{"x":15,"y":127,"operator":">","limit":39,"weight":0},{"x":15,"y":132,"operator":">","limit":275,"weight":0},{"x":16,"y":17,"operator":"=","limit":238,"weight":0},{"x":16,"y":34,"operator":">","limit":25,"weight":0},{"x":16,"y":35,"operator":">","limit":265,"weight":0},{"x":16,"y":38,"operator":">","limit":94,"weight":0},{"x":16,"y":39,"operator":">","limit":137,"weight":0},{"x":16,"y":46,"operator":">","limit":27,"weight":0},{"x":16,"y":47,"operator":">","limit":207,"weight":0},{"x":16,"y":90,"operator":">","limit":97,"weight":0},{"x":16,"y":186,"operator":">","limit":50,"weight":0},{"x":16,"y":187,"operator":">","limit":176,"weight":0},{"x":17,"y":46,"operator":">","limit":265,"weight":0},{"x":17,"y":47,"operator":">","limit":27,"weight":0},{"x":17,"y":90,"operator":">","limit":326,"weight":0},{"x":17,"y":91,"operator":">","limit":93,"weight":0},{"x":17,"y":151,"operator":">","limit":65,"weight":0},{"x":17,"y":156,"operator":">","limit":300,"weight":0},{"x":17,"y":157,"operator":">","limit":93,"weight":0},{"x":17,"y":186,"operator":">","limit":291,"weight":0},{"x":17,"y":187,"operator":">","limit":54,"weight":0},{"x":18,"y":19,"operator":"=","limit":238,"weight":0},{"x":18,"y":198,"operator":">","limit":24,"weight":0},{"x":18,"y":199,"operator":">","limit":206,"weight":0},{"x":19,"y":198,"operator":">","limit":260,"weight":0},{"x":19,"y":199,"operator":">","limit":27,"weight":0},{"x":20,"y":21,"operator":"=","limit":238,"weight":0},{"x":20,"y":28,"operator":">","limit":92,"weight":0},{"x":20,"y":29,"operator":">","limit":304,"weight":0},{"x":20,"y":30,"operator":">","limit":110,"weight":0},{"x":20,"y":31,"operator":">","limit":326,"weight":0},{"x":20,"y":140,"operator":">","limit":81,"weight":0},{"x":20,"y":141,"operator":">","limit":321,"weight":0},{"x":20,"y":192,"operator":">","limit":41,"weight":0},{"x":20,"y":193,"operator":">","limit":278,"weight":0},{"x":21,"y":30,"operator":">","limit":120,"weight":0},{"x":21,"y":31,"operator":">","limit":108,"weight":0},{"x":21,"y":80,"operator":">","limit":162,"weight":0},{"x":21,"y":116,"operator":">","limit":108,"weight":0},{"x":21,"y":117,"operator":">","limit":124,"weight":0},{"x":21,"y":140,"operator":">","limit":151,"weight":0},{"x":21,"y":141,"operator":">","limit":82,"weight":0},{"x":21,"y":192,"operator":">","limit":195,"weight":0},{"x":21,"y":193,"operator":">","limit":36,"weight":0},{"x":22,"y":23,"operator":"=","limit":238,"weight":0},{"x":22,"y":26,"operator":">","limit":9,"weight":0},{"x":22,"y":27,"operator":">","limit":246,"weight":0},{"x":22,"y":28,"operator":">","limit":25,"weight":0},{"x":22,"y":29,"operator":">","limit":260,"weight":0},{"x":22,"y":78,"operator":">","limit":67,"weight":0},{"x":22,"y":79,"operator":">","limit":165,"weight":0},{"x":22,"y":118,"operator":">","limit":41,"weight":0},{"x":22,"y":119,"operator":">","limit":192,"weight":0},{"x":22,"y":126,"operator":">","limit":12,"weight":0},{"x":22,"y":127,"operator":">","limit":223,"weight":0},{"x":23,"y":26,"operator":">","limit":219,"weight":0},{"x":23,"y":27,"operator":">","limit":8,"weight":0},{"x":23,"y":28,"operator":">","limit":204,"weight":0},{"x":23,"y":29,"operator":">","limit":22,"weight":0},{"x":23,"y":48,"operator":">","limit":293,"weight":0},{"x":23,"y":49,"operator":">","limit":53,"weight":0},{"x":23,"y":78,"operator":">","limit":303,"weight":0},{"x":23,"y":79,"operator":">","limit":69,"weight":0},{"x":23,"y":126,"operator":">","limit":250,"weight":0},{"x":23,"y":127,"operator":">","limit":13,"weight":0},{"x":24,"y":25,"operator":"=","limit":238,"weight":0},{"x":24,"y":52,"operator":">","limit":39,"weight":0},{"x":24,"y":53,"operator":">","limit":274,"weight":0},{"x":24,"y":60,"operator":">","limit":13,"weight":0},{"x":24,"y":61,"operator":">","limit":223,"weight":0},{"x":24,"y":64,"operator":">","limit":39,"weight":0},{"x":24,"y":65,"operator":">","limit":194,"weight":0},{"x":24,"y":92,"operator":">","limit":64,"weight":0},{"x":24,"y":93,"operator":">","limit":164,"weight":0},{"x":24,"y":118,"operator":">","limit":53,"weight":0},{"x":24,"y":119,"operator":">","limit":178,"weight":0},{"x":24,"y":152,"operator":">","limit":81,"weight":0},{"x":24,"y":153,"operator":">","limit":148,"weight":0},{"x":25,"y":52,"operator":">","limit":191,"weight":0},{"x":25,"y":53,"operator":">","limit":36,"weight":0},{"x":25,"y":64,"operator":">","limit":274,"weight":0},{"x":25,"y":65,"operator":">","limit":40,"weight":0},{"x":25,"y":92,"operator":">","limit":303,"weight":0},{"x":25,"y":93,"operator":">","limit":67,"weight":0},{"x":25,"y":118,"operator":">","limit":288,"weight":0},{"x":25,"y":119,"operator":">","limit":53,"weight":0},{"x":25,"y":152,"operator":">","limit":310,"weight":0},{"x":25,"y":153,"operator":">","limit":80,"weight":0},{"x":25,"y":162,"operator":">","limit":218,"weight":0},{"x":25,"y":163,"operator":">","limit":11,"weight":0},{"x":26,"y":27,"operator":"=","limit":238,"weight":0},{"x":26,"y":28,"operator":">","limit":11,"weight":0},{"x":26,"y":29,"operator":">","limit":249,"weight":0},{"x":26,"y":68,"operator":">","limit":68,"weight":0},{"x":26,"y":69,"operator":">","limit":164,"weight":0},{"x":26,"y":78,"operator":">","limit":81,"weight":0},{"x":26,"y":79,"operator":">","limit":151,"weight":0},{"x":26,"y":126,"operator":">","limit":26,"weight":0},{"x":26,"y":127,"operator":">","limit":204,"weight":0},{"x":27,"y":28,"operator":">","limit":222,"weight":0},{"x":27,"y":29,"operator":">","limit":12,"weight":0},{"x":27,"y":78,"operator":">","limit":301,"weight":0},{"x":27,"y":79,"operator":">","limit":79,"weight":0},{"x":27,"y":126,"operator":">","limit":264,"weight":0},{"x":27,"y":127,"operator":">","limit":22,"weight":0},{"x":27,"y":196,"operator":">","limit":207,"weight":0},{"x":27,"y":197,"operator":">","limit":22,"weight":0},{"x":28,"y":29,"operator":"=","limit":238,"weight":0},{"x":28,"y":32,"operator":">","limit":68,"weight":0},{"x":28,"y":33,"operator":">","limit":162,"weight":0},{"x":28,"y":78,"operator":">","limit":93,"weight":0},{"x":28,"y":79,"operator":">","limit":137,"weight":0},{"x":28,"y":126,"operator":">","limit":36,"weight":0},{"x":28,"y":127,"operator":">","limit":194,"weight":0},{"x":29,"y":78,"operator":">","limit":320,"weight":0},{"x":29,"y":79,"operator":">","limit":97,"weight":0},{"x":29,"y":84,"operator":">","limit":304,"weight":0},{"x":29,"y":85,"operator":">","limit":94,"weight":0},{"x":29,"y":126,"operator":">","limit":276,"weight":0},{"x":29,"y":127,"operator":">","limit":37,"weight":0},{"x":30,"y":31,"operator":"=","limit":238,"weight":0},{"x":30,"y":80,"operator":">","limit":36,"weight":0},{"x":30,"y":81,"operator":">","limit":195,"weight":0},{"x":30,"y":140,"operator":">","limit":25,"weight":0},{"x":30,"y":192,"operator":">","limit":68,"weight":0},{"x":30,"y":193,"operator":">","limit":164,"weight":0},{"x":31,"y":80,"operator":">","limit":278,"weight":0},{"x":31,"y":81,"operator":">","limit":41,"weight":0},{"x":31,"y":116,"operator":">","limit":220,"weight":0},{"x":31,"y":126,"operator":">","limit":290,"weight":0},{"x":31,"y":127,"operator":">","limit":52,"weight":0},{"x":31,"y":140,"operator":">","limit":263,"weight":0},{"x":31,"y":141,"operator":">","limit":26,"weight":0},{"x":32,"y":33,"operator":"=","limit":238,"weight":0},{"x":32,"y":34,"operator":">","limit":92,"weight":0},{"x":32,"y":35,"operator":">","limit":329,"weight":0},{"x":32,"y":40,"operator":">","limit":22,"weight":0},{"x":32,"y":41,"operator":">","limit":207,"weight":0},{"x":32,"y":97,"operator":">","limit":222,"weight":0},{"x":32,"y":105,"operator":">","limit":277,"weight":0},{"x":32,"y":196,"operator":">","limit":79,"weight":0},{"x":33,"y":41,"operator":">","limit":26,"weight":0},{"x":33,"y":70,"operator":">","limit":134,"weight":0},{"x":33,"y":71,"operator":">","limit":95,"weight":0},{"x":33,"y":96,"operator":">","limit":251,"weight":0},{"x":33,"y":97,"operator":">","limit":11,"weight":0},{"x":33,"y":196,"operator":">","limit":149,"weight":0},{"x":33,"y":197,"operator":">","limit":81,"weight":0},{"x":34,"y":35,"operator":"=","limit":238,"weight":0},{"x":34,"y":38,"operator":">","limit":121,"weight":0},{"x":34,"y":39,"operator":">","limit":108,"weight":0},{"x":34,"y":46,"operator":">","limit":52,"weight":0},{"x":34,"y":47,"operator":">","limit":179,"weight":0},{"x":34,"y":91,"operator":">","limit":107,"weight":0},{"x":34,"y":150,"operator":">","limit":92,"weight":0},{"x":34,"y":151,"operator":">","limit":139,"weight":0},{"x":34,"y":186,"operator":">","limit":79,"weight":0},{"x":34,"y":187,"operator":">","limit":153,"weight":0},{"x":35,"y":46,"operator":">","limit":292,"weight":0},{"x":35,"y":47,"operator":">","limit":50,"weight":0},{"x":35,"y":91,"operator":">","limit":121,"weight":0},{"x":35,"y":150,"operator":">","limit":305,"weight":0},{"x":35,"y":151,"operator":">","limit":96,"weight":0},{"x":35,"y":186,"operator":">","limit":315,"weight":0},{"x":35,"y":187,"operator":">","limit":78,"weight":0},{"x":36,"y":37,"operator":"=","limit":238,"weight":0},{"x":36,"y":66,"operator":">","limit":25,"weight":0},{"x":36,"y":120,"operator":">","limit":37,"weight":0},{"x":36,"y":121,"operator":">","limit":274,"weight":0},{"x":36,"y":134,"operator":">","limit":68,"weight":0},{"x":36,"y":166,"operator":">","limit":51,"weight":0},{"x":36,"y":167,"operator":">","limit":176,"weight":0},{"x":36,"y":186,"operator":">","limit":12,"weight":0},{"x":36,"y":187,"operator":">","limit":222,"weight":0},{"x":36,"y":188,"operator":">","limit":38,"weight":0},{"x":37,"y":67,"operator":">","limit":26,"weight":0},{"x":37,"y":120,"operator":">","limit":192,"weight":0},{"x":37,"y":121,"operator":">","limit":41,"weight":0},{"x":37,"y":166,"operator":">","limit":292,"weight":0},{"x":37,"y":189,"operator":">","limit":39,"weight":0},{"x":37,"y":194,"operator":">","limit":262,"weight":0},{"x":37,"y":195,"operator":">","limit":26,"weight":0},{"x":38,"y":39,"operator":"=","limit":238,"weight":0},{"x":38,"y":94,"operator":">","limit":124,"weight":0},{"x":38,"y":95,"operator":">","limit":321,"weight":0},{"x":38,"y":98,"operator":">","limit":23,"weight":0},{"x":38,"y":99,"operator":">","limit":264,"weight":0},{"x":38,"y":114,"operator":">","limit":38,"weight":0},{"x":38,"y":115,"operator":">","limit":274,"weight":0},{"x":38,"y":116,"operator":">","limit":123,"weight":0},{"x":38,"y":117,"operator":">","limit":344,"weight":0},{"x":38,"y":138,"operator":">","limit":68,"weight":0},{"x":38,"y":139,"operator":">","limit":301,"weight":0},{"x":38,"y":144,"operator":">","limit":13,"weight":0},{"x":39,"y":94,"operator":">","limit":110,"weight":0},{"x":39,"y":99,"operator":">","limit":27,"weight":0},{"x":39,"y":114,"operator":">","limit":192,"weight":0},{"x":39,"y":115,"operator":">","limit":40,"weight":0},{"x":39,"y":138,"operator":">","limit":166,"weight":0},{"x":39,"y":139,"operator":">","limit":69,"weight":0},{"x":39,"y":144,"operator":">","limit":221,"weight":0},{"x":40,"y":41,"operator":"=","limit":238,"weight":0},{"x":40,"y":46,"operator":">","limit":69,"weight":0},{"x":40,"y":47,"operator":">","limit":301,"weight":0},{"x":40,"y":96,"operator":">","limit":13,"weight":0},{"x":40,"y":97,"operator":">","limit":248,"weight":0},{"x":40,"y":104,"operator":">","limit":68,"weight":0},{"x":40,"y":196,"operator":">","limit":106,"weight":0},{"x":40,"y":197,"operator":">","limit":321,"weight":0},{"x":41,"y":96,"operator":">","limit":222,"weight":0},{"x":41,"y":97,"operator":">","limit":11,"weight":0},{"x":41,"y":196,"operator":">","limit":121,"weight":0},{"x":41,"y":197,"operator":">","limit":107,"weight":0},{"x":42,"y":43,"operator":"=","limit":238,"weight":0},{"x":42,"y":107,"operator":">","limit":251,"weight":0},{"x":42,"y":122,"operator":">","limit":65,"weight":0},{"x":42,"y":123,"operator":">","limit":165,"weight":0},{"x":42,"y":128,"operator":">","limit":22,"weight":0},{"x":42,"y":129,"operator":">","limit":260,"weight":0},{"x":42,"y":160,"operator":">","limit":8,"weight":0},{"x":42,"y":161,"operator":">","limit":218,"weight":0},{"x":42,"y":166,"operator":">","limit":68,"weight":0},{"x":42,"y":167,"operator":">","limit":166,"weight":0},{"x":42,"y":184,"operator":">","limit":50,"weight":0},{"x":42,"y":185,"operator":">","limit":288,"weight":0},{"x":43,"y":106,"operator":">","limit":222,"weight":0},{"x":43,"y":122,"operator":">","limit":302,"weight":0},{"x":43,"y":123,"operator":">","limit":64,"weight":0},{"x":43,"y":126,"operator":">","limit":249,"weight":0},{"x":43,"y":127,"operator":">","limit":10,"weight":0},{"x":43,"y":129,"operator":">","limit":23,"weight":0},{"x":43,"y":160,"operator":">","limit":251,"weight":0},{"x":43,"y":161,"operator":">","limit":10,"weight":0},{"x":43,"y":184,"operator":">","limit":177,"weight":0},{"x":44,"y":45,"operator":"=","limit":238,"weight":0},{"x":44,"y":50,"operator":">","limit":65,"weight":0},{"x":44,"y":51,"operator":">","limit":300,"weight":0},{"x":44,"y":63,"operator":">","limit":193,"weight":0},{"x":44,"y":82,"operator":">","limit":24,"weight":0},{"x":44,"y":166,"operator":">","limit":37,"weight":0},{"x":44,"y":167,"operator":">","limit":193,"weight":0},{"x":44,"y":182,"operator":">","limit":23,"weight":0},{"x":44,"y":183,"operator":">","limit":260,"weight":0},{"x":45,"y":50,"operator":">","limit":167,"weight":0},{"x":45,"y":51,"operator":">","limit":68,"weight":0},{"x":45,"y":60,"operator":">","limit":204,"weight":0},{"x":45,"y":61,"operator":">","limit":26,"weight":0},{"x":45,"y":63,"operator":">","limit":37,"weight":0},{"x":45,"y":82,"operator":">","limit":265,"weight":0},{"x":45,"y":83,"operator":">","limit":24,"weight":0},{"x":45,"y":183,"operator":">","limit":22,"weight":0},{"x":46,"y":47,"operator":"=","limit":238,"weight":0},{"x":46,"y":50,"operator":">","limit":38,"weight":0},{"x":46,"y":51,"operator":">","limit":278,"weight":0},{"x":46,"y":90,"operator":">","limit":65,"weight":0},{"x":46,"y":91,"operator":">","limit":162,"weight":0},{"x":46,"y":150,"operator":">","limit":38,"weight":0},{"x":46,"y":151,"operator":">","limit":195,"weight":0},{"x":46,"y":186,"operator":">","limit":27,"weight":0},{"x":46,"y":187,"operator":">","limit":205,"weight":0},{"x":47,"y":90,"operator":">","limit":302,"weight":0},{"x":47,"y":136,"operator":">","limit":208,"weight":0},{"x":47,"y":137,"operator":">","limit":24,"weight":0},{"x":47,"y":151,"operator":">","limit":38,"weight":0},{"x":47,"y":187,"operator":">","limit":24,"weight":0},{"x":48,"y":49,"operator":"=","limit":238,"weight":0},{"x":48,"y":54,"operator":">","limit":9,"weight":0},{"x":48,"y":58,"operator":">","limit":83,"weight":0},{"x":48,"y":59,"operator":">","limit":308,"weight":0},{"x":48,"y":101,"operator":">","limit":218,"weight":0},{"x":48,"y":114,"operator":">","limit":26,"weight":0},{"x":48,"y":115,"operator":">","limit":264,"weight":0},{"x":48,"y":130,"operator":">","limit":108,"weight":0},{"x":48,"y":131,"operator":">","limit":326,"weight":0},{"x":48,"y":154,"operator":">","limit":55,"weight":0},{"x":48,"y":155,"operator":">","limit":293,"weight":0},{"x":49,"y":54,"operator":">","limit":223,"weight":0},{"x":49,"y":55,"operator":">","limit":9,"weight":0},{"x":49,"y":58,"operator":">","limit":150,"weight":0},{"x":49,"y":100,"operator":">","limit":246,"weight":0},{"x":49,"y":101,"operator":">","limit":10,"weight":0},{"x":49,"y":130,"operator":">","limit":124,"weight":0},{"x":49,"y":131,"operator":">","limit":106,"weight":0},{"x":49,"y":154,"operator":">","limit":178,"weight":0},{"x":49,"y":155,"operator":">","limit":51,"weight":0},{"x":50,"y":51,"operator":"=","limit":238,"weight":0},{"x":50,"y":58,"operator":">","limit":9,"weight":0},{"x":50,"y":59,"operator":">","limit":219,"weight":0},{"x":50,"y":63,"operator":">","limit":123,"weight":0},{"x":50,"y":82,"operator":">","limit":95,"weight":0},{"x":50,"y":182,"operator":">","limit":39,"weight":0},{"x":51,"y":62,"operator":">","limit":337,"weight":0},{"x":51,"y":63,"operator":">","limit":109,"weight":0},{"x":51,"y":82,"operator":">","limit":305,"weight":0},{"x":51,"y":83,"operator":">","limit":94,"weight":0},{"x":51,"y":126,"operator":">","limit":293,"weight":0},{"x":51,"y":127,"operator":">","limit":52,"weight":0},{"x":51,"y":182,"operator":">","limit":274,"weight":0},{"x":52,"y":53,"operator":"=","limit":238,"weight":0},{"x":52,"y":64,"operator":">","limit":78,"weight":0},{"x":52,"y":65,"operator":">","limit":150,"weight":0},{"x":52,"y":92,"operator":">","limit":110,"weight":0},{"x":52,"y":93,"operator":">","limit":121,"weight":0},{"x":52,"y":118,"operator":">","limit":94,"weight":0},{"x":52,"y":119,"operator":">","limit":135,"weight":0},{"x":52,"y":152,"operator":">","limit":122,"weight":0},{"x":52,"y":153,"operator":">","limit":110,"weight":0},{"x":53,"y":64,"operator":">","limit":319,"weight":0},{"x":53,"y":65,"operator":">","limit":78,"weight":0},{"x":53,"y":84,"operator":">","limit":354,"weight":0},{"x":53,"y":85,"operator":">","limit":124,"weight":0},{"x":53,"y":92,"operator":">","limit":345,"weight":0},{"x":53,"y":93,"operator":">","limit":109,"weight":0},{"x":53,"y":118,"operator":">","limit":322,"weight":0},{"x":53,"y":119,"operator":">","limit":93,"weight":0},{"x":53,"y":152,"operator":">","limit":329,"weight":0},{"x":53,"y":153,"operator":">","limit":120,"weight":0},{"x":54,"y":55,"operator":"=","limit":238,"weight":0},{"x":54,"y":58,"operator":">","limit":65,"weight":0},{"x":54,"y":101,"operator":">","limit":206,"weight":0},{"x":54,"y":130,"operator":">","limit":92,"weight":0},{"x":54,"y":131,"operator":">","limit":313,"weight":0},{"x":54,"y":154,"operator":">","limit":41,"weight":0},{"x":54,"y":170,"operator":">","limit":78,"weight":0},{"x":54,"y":171,"operator":">","limit":312,"weight":0},{"x":55,"y":58,"operator":">","limit":163,"weight":0},{"x":55,"y":100,"operator":">","limit":260,"weight":0},{"x":55,"y":101,"operator":">","limit":23,"weight":0},{"x":55,"y":130,"operator":">","limit":139,"weight":0},{"x":55,"y":144,"operator":">","limit":248,"weight":0},{"x":55,"y":145,"operator":">","limit":8,"weight":0},{"x":55,"y":154,"operator":">","limit":191,"weight":0},{"x":55,"y":155,"operator":">","limit":40,"weight":0},{"x":56,"y":57,"operator":"=","limit":238,"weight":0},{"x":56,"y":88,"operator":">","limit":9,"weight":0},{"x":56,"y":89,"operator":">","limit":223,"weight":0},{"x":56,"y":144,"operator":">","limit":53,"weight":0},{"x":56,"y":145,"operator":">","limit":179,"weight":0},{"x":56,"y":190,"operator":">","limit":65,"weight":0},{"x":56,"y":194,"operator":">","limit":39,"weight":0},{"x":57,"y":89,"operator":">","limit":11,"weight":0},{"x":57,"y":134,"operator":">","limit":176,"weight":0},{"x":57,"y":135,"operator":">","limit":50,"weight":0},{"x":57,"y":191,"operator":">","limit":66,"weight":0},{"x":57,"y":194,"operator":">","limit":277,"weight":0},{"x":57,"y":195,"operator":">","limit":38,"weight":0},{"x":58,"y":59,"operator":"=","limit":238,"weight":0},{"x":58,"y":100,"operator":">","limit":97,"weight":0},{"x":58,"y":101,"operator":">","limit":135,"weight":0},{"x":58,"y":155,"operator":">","limit":206,"weight":0},{"x":58,"y":172,"operator":">","limit":68,"weight":0},{"x":58,"y":173,"operator":">","limit":162,"weight":0},{"x":59,"y":100,"operator":">","limit":328,"weight":0},{"x":59,"y":130,"operator":">","limit":205,"weight":0},{"x":59,"y":131,"operator":">","limit":23,"weight":0},{"x":59,"y":138,"operator":">","limit":260,"weight":0},{"x":59,"y":139,"operator":">","limit":24,"weight":0},{"x":59,"y":154,"operator":">","limit":260,"weight":0},{"x":60,"y":61,"operator":"=","limit":238,"weight":0},{"x":60,"y":124,"operator":">","limit":52,"weight":0},{"x":60,"y":125,"operator":">","limit":288,"weight":0},{"x":60,"y":140,"operator":">","limit":12,"weight":0},{"x":60,"y":141,"operator":">","limit":250,"weight":0},{"x":60,"y":148,"operator":">","limit":38,"weight":0},{"x":60,"y":149,"operator":">","limit":275,"weight":0},{"x":60,"y":156,"operator":">","limit":68,"weight":0},{"x":60,"y":157,"operator":">","limit":166,"weight":0},{"x":60,"y":172,"operator":">","limit":36,"weight":0},{"x":60,"y":173,"operator":">","limit":192,"weight":0},{"x":60,"y":174,"operator":">","limit":12,"weight":0},{"x":60,"y":175,"operator":">","limit":246,"weight":0},{"x":61,"y":124,"operator":">","limit":181,"weight":0},{"x":61,"y":125,"operator":">","limit":53,"weight":0},{"x":61,"y":148,"operator":">","limit":195,"weight":0},{"x":61,"y":149,"operator":">","limit":38,"weight":0},{"x":61,"y":156,"operator":">","limit":305,"weight":0},{"x":61,"y":157,"operator":">","limit":66,"weight":0},{"x":61,"y":172,"operator":">","limit":277,"weight":0},{"x":61,"y":173,"operator":">","limit":40,"weight":0},{"x":61,"y":174,"operator":">","limit":222,"weight":0},{"x":61,"y":175,"operator":">","limit":12,"weight":0},{"x":62,"y":63,"operator":"=","limit":238,"weight":0},{"x":62,"y":82,"operator":">","limit":11,"weight":0},{"x":62,"y":83,"operator":">","limit":250,"weight":0},{"x":62,"y":182,"operator":">","limit":67,"weight":0},{"x":62,"y":184,"operator":">","limit":124,"weight":0},{"x":62,"y":185,"operator":">","limit":349,"weight":0},{"x":63,"y":83,"operator":">","limit":11,"weight":0},{"x":64,"y":65,"operator":"=","limit":238,"weight":0},{"x":64,"y":72,"operator":">","limit":78,"weight":0},{"x":64,"y":73,"operator":">","limit":315,"weight":0},{"x":64,"y":92,"operator":">","limit":25,"weight":0},{"x":64,"y":93,"operator":">","limit":204,"weight":0},{"x":64,"y":118,"operator":">","limit":10,"weight":0},{"x":64,"y":119,"operator":">","limit":220,"weight":0},{"x":64,"y":152,"operator":">","limit":40,"weight":0},{"x":64,"y":153,"operator":">","limit":193,"weight":0},{"x":65,"y":92,"operator":">","limit":261,"weight":0},{"x":65,"y":93,"operator":">","limit":25,"weight":0},{"x":65,"y":118,"operator":">","limit":249,"weight":0},{"x":65,"y":119,"operator":">","limit":9,"weight":0},{"x":65,"y":152,"operator":">","limit":277,"weight":0},{"x":65,"y":153,"operator":">","limit":39,"weight":0},{"x":66,"y":67,"operator":"=","limit":238,"weight":0},{"x":66,"y":120,"operator":">","limit":13,"weight":0},{"x":66,"y":121,"operator":">","limit":250,"weight":0},{"x":66,"y":134,"operator":">","limit":41,"weight":0},{"x":66,"y":135,"operator":">","limit":277,"weight":0},{"x":66,"y":166,"operator":">","limit":83,"weight":0},{"x":66,"y":167,"operator":">","limit":150,"weight":0},{"x":66,"y":189,"operator":">","limit":166,"weight":0},{"x":67,"y":120,"operator":">","limit":223,"weight":0},{"x":67,"y":121,"operator":">","limit":10,"weight":0},{"x":67,"y":130,"operator":">","limit":194,"weight":0},{"x":67,"y":131,"operator":">","limit":39,"weight":0},{"x":67,"y":134,"operator":">","limit":194,"weight":0},{"x":67,"y":135,"operator":">","limit":39,"weight":0},{"x":67,"y":166,"operator":">","limit":305,"weight":0},{"x":67,"y":167,"operator":">","limit":82,"weight":0},{"x":67,"y":189,"operator":">","limit":69,"weight":0},{"x":68,"y":69,"operator":"=","limit":238,"weight":0},{"x":68,"y":72,"operator":">","limit":108,"weight":0},{"x":68,"y":73,"operator":">","limit":302,"weight":0},{"x":68,"y":74,"operator":">","limit":25,"weight":0},{"x":68,"y":75,"operator":">","limit":261,"weight":0},{"x":68,"y":77,"operator":">","limit":247,"weight":0},{"x":68,"y":133,"operator":">","limit":278,"weight":0},{"x":69,"y":72,"operator":">","limit":123,"weight":0},{"x":69,"y":73,"operator":">","limit":111,"weight":0},{"x":69,"y":76,"operator":">","limit":218,"weight":0},{"x":69,"y":77,"operator":">","limit":9,"weight":0},{"x":69,"y":85,"operator":">","limit":13,"weight":0},{"x":69,"y":133,"operator":">","limit":41,"weight":0},{"x":70,"y":71,"operator":"=","limit":238,"weight":0},{"x":70,"y":112,"operator":">","limit":122,"weight":0},{"x":70,"y":113,"operator":">","limit":109,"weight":0},{"x":70,"y":136,"operator":">","limit":27,"weight":0},{"x":70,"y":137,"operator":">","limit":204,"weight":0},{"x":70,"y":158,"operator":">","limit":82,"weight":0},{"x":70,"y":164,"operator":">","limit":54,"weight":0},{"x":70,"y":165,"operator":">","limit":178,"weight":0},{"x":70,"y":168,"operator":">","limit":9,"weight":0},{"x":70,"y":169,"operator":">","limit":222,"weight":0},{"x":70,"y":171,"operator":">","limit":221,"weight":0},{"x":71,"y":112,"operator":">","limit":325,"weight":0},{"x":71,"y":113,"operator":">","limit":124,"weight":0},{"x":71,"y":136,"operator":">","limit":264,"weight":0},{"x":71,"y":137,"operator":">","limit":26,"weight":0},{"x":71,"y":158,"operator":">","limit":302,"weight":0},{"x":71,"y":164,"operator":">","limit":290,"weight":0},{"x":71,"y":170,"operator":">","limit":251,"weight":0},{"x":71,"y":171,"operator":">","limit":8,"weight":0},{"x":72,"y":73,"operator":"=","limit":238,"weight":0},{"x":72,"y":76,"operator":">","limit":92,"weight":0},{"x":72,"y":77,"operator":">","limit":135,"weight":0},{"x":72,"y":82,"operator":">","limit":109,"weight":0},{"x":72,"y":83,"operator":">","limit":121,"weight":0},{"x":72,"y":85,"operator":">","limit":109,"weight":0},{"x":72,"y":132,"operator":">","limit":67,"weight":0},{"x":72,"y":133,"operator":">","limit":165,"weight":0},{"x":73,"y":76,"operator":">","limit":319,"weight":0},{"x":73,"y":77,"operator":">","limit":97,"weight":0},{"x":73,"y":84,"operator":">","limit":336,"weight":0},{"x":73,"y":85,"operator":">","limit":124,"weight":0},{"x":73,"y":132,"operator":">","limit":301,"weight":0},{"x":74,"y":75,"operator":"=","limit":238,"weight":0},{"x":74,"y":82,"operator":">","limit":22,"weight":0},{"x":74,"y":83,"operator":">","limit":205,"weight":0},{"x":74,"y":102,"operator":">","limit":83,"weight":0},{"x":74,"y":103,"operator":">","limit":302,"weight":0},{"x":74,"y":110,"operator":">","limit":37,"weight":0},{"x":74,"y":111,"operator":">","limit":193,"weight":0},{"x":74,"y":146,"operator":">","limit":9,"weight":0},{"x":74,"y":147,"operator":">","limit":248,"weight":0},{"x":74,"y":168,"operator":">","limit":69,"weight":0},{"x":74,"y":169,"operator":">","limit":301,"weight":0},{"x":74,"y":180,"operator":">","limit":52,"weight":0},{"x":74,"y":181,"operator":">","limit":293,"weight":0},{"x":75,"y":102,"operator":">","limit":148,"weight":0},{"x":75,"y":103,"operator":">","limit":78,"weight":0},{"x":75,"y":106,"operator":">","limit":192,"weight":0},{"x":75,"y":107,"operator":">","limit":38,"weight":0},{"x":75,"y":110,"operator":">","limit":275,"weight":0},{"x":75,"y":111,"operator":">","limit":39,"weight":0},{"x":75,"y":146,"operator":">","limit":222,"weight":0},{"x":75,"y":147,"operator":">","limit":10,"weight":0},{"x":75,"y":168,"operator":">","limit":163,"weight":0},{"x":75,"y":169,"operator":">","limit":65,"weight":0},{"x":75,"y":180,"operator":">","limit":180,"weight":0},{"x":75,"y":181,"operator":">","limit":53,"weight":0},{"x":76,"y":77,"operator":"=","limit":238,"weight":0},{"x":76,"y":78,"operator":">","limit":26,"weight":0},{"x":76,"y":79,"operator":">","limit":208,"weight":0},{"x":76,"y":84,"operator":">","limit":26,"weight":0},{"x":76,"y":133,"operator":">","limit":260,"weight":0},{"x":77,"y":84,"operator":">","limit":262,"weight":0},{"x":77,"y":132,"operator":">","limit":206,"weight":0},{"x":77,"y":133,"operator":">","limit":27,"weight":0},{"x":78,"y":79,"operator":"=","limit":238,"weight":0},{"x":78,"y":126,"operator":">","limit":50,"weight":0},{"x":78,"y":127,"operator":">","limit":289,"weight":0},{"x":79,"y":126,"operator":">","limit":176,"weight":0},{"x":79,"y":127,"operator":">","limit":53,"weight":0},{"x":79,"y":142,"operator":">","limit":193,"weight":0},{"x":79,"y":143,"operator":">","limit":36,"weight":0},{"x":80,"y":81,"operator":"=","limit":238,"weight":0},{"x":80,"y":116,"operator":">","limit":52,"weight":0},{"x":80,"y":117,"operator":">","limit":292,"weight":0},{"x":80,"y":140,"operator":">","limit":9,"weight":0},{"x":80,"y":141,"operator":">","limit":247,"weight":0},{"x":80,"y":192,"operator":">","limit":24,"weight":0},{"x":80,"y":193,"operator":">","limit":207,"weight":0},{"x":80,"y":194,"operator":">","limit":37,"weight":0},{"x":80,"y":195,"operator":">","limit":190,"weight":0},{"x":81,"y":192,"operator":">","limit":264,"weight":0},{"x":81,"y":193,"operator":">","limit":24,"weight":0},{"x":81,"y":194,"operator":">","limit":275,"weight":0},{"x":81,"y":195,"operator":">","limit":39,"weight":0},{"x":82,"y":83,"operator":"=","limit":238,"weight":0},{"x":82,"y":184,"operator":">","limit":111,"weight":0},{"x":82,"y":185,"operator":">","limit":308,"weight":0},{"x":83,"y":183,"operator":">","limit":51,"weight":0},{"x":84,"y":85,"operator":"=","limit":238,"weight":0},{"x":84,"y":92,"operator":">","limit":9,"weight":0},{"x":84,"y":93,"operator":">","limit":248,"weight":0},{"x":84,"y":132,"operator":">","limit":51,"weight":0},{"x":84,"y":133,"operator":">","limit":292,"weight":0},{"x":85,"y":132,"operator":">","limit":179,"weight":0},{"x":85,"y":133,"operator":">","limit":51,"weight":0},{"x":86,"y":87,"operator":"=","limit":238,"weight":0},{"x":86,"y":108,"operator":">","limit":123,"weight":0},{"x":86,"y":109,"operator":">","limit":321,"weight":0},{"x":86,"y":142,"operator":">","limit":39,"weight":0},{"x":86,"y":143,"operator":">","limit":276,"weight":0},{"x":86,"y":162,"operator":">","limit":92,"weight":0},{"x":86,"y":163,"operator":">","limit":306,"weight":0},{"x":86,"y":176,"operator":">","limit":22,"weight":0},{"x":86,"y":177,"operator":">","limit":260,"weight":0},{"x":86,"y":178,"operator":">","limit":51,"weight":0},{"x":86,"y":179,"operator":">","limit":293,"weight":0},{"x":87,"y":108,"operator":">","limit":111,"weight":0},{"x":87,"y":109,"operator":">","limit":124,"weight":0},{"x":87,"y":142,"operator":">","limit":191,"weight":0},{"x":87,"y":143,"operator":">","limit":37,"weight":0},{"x":87,"y":162,"operator":">","limit":135,"weight":0},{"x":87,"y":163,"operator":">","limit":93,"weight":0},{"x":87,"y":176,"operator":">","limit":204,"weight":0},{"x":87,"y":177,"operator":">","limit":23,"weight":0},{"x":87,"y":178,"operator":">","limit":179,"weight":0},{"x":87,"y":179,"operator":">","limit":55,"weight":0},{"x":88,"y":89,"operator":"=","limit":238,"weight":0},{"x":88,"y":190,"operator":">","limit":51,"weight":0},{"x":88,"y":191,"operator":">","limit":177,"weight":0},{"x":88,"y":195,"operator":">","limit":207,"weight":0},{"x":89,"y":190,"operator":">","limit":289,"weight":0},{"x":89,"y":191,"operator":">","limit":55,"weight":0},{"x":89,"y":194,"operator":">","limit":264,"weight":0},{"x":89,"y":195,"operator":">","limit":26,"weight":0},{"x":90,"y":91,"operator":"=","limit":238,"weight":0},{"x":90,"y":126,"operator":">","limit":53,"weight":0},{"x":90,"y":127,"operator":">","limit":291,"weight":0},{"x":90,"y":150,"operator":">","limit":22,"weight":0},{"x":90,"y":151,"operator":">","limit":262,"weight":0},{"x":90,"y":186,"operator":">","limit":37,"weight":0},{"x":90,"y":187,"operator":">","limit":278,"weight":0},{"x":91,"y":151,"operator":">","limit":23,"weight":0},{"x":91,"y":184,"operator":">","limit":110,"weight":0},{"x":91,"y":185,"operator":">","limit":120,"weight":0},{"x":91,"y":186,"operator":">","limit":194,"weight":0},{"x":91,"y":187,"operator":">","limit":40,"weight":0},{"x":92,"y":93,"operator":"=","limit":238,"weight":0},{"x":92,"y":118,"operator":">","limit":11,"weight":0},{"x":92,"y":119,"operator":">","limit":251,"weight":0},{"x":92,"y":120,"operator":">","limit":81,"weight":0},{"x":92,"y":121,"operator":">","limit":303,"weight":0},{"x":92,"y":152,"operator":">","limit":13,"weight":0},{"x":92,"y":153,"operator":">","limit":219,"weight":0},{"x":93,"y":118,"operator":">","limit":222,"weight":0},{"x":93,"y":119,"operator":">","limit":11,"weight":0},{"x":93,"y":120,"operator":">","limit":153,"weight":0},{"x":93,"y":121,"operator":">","limit":83,"weight":0},{"x":93,"y":152,"operator":">","limit":251,"weight":0},{"x":93,"y":153,"operator":">","limit":9,"weight":0},{"x":94,"y":95,"operator":"=","limit":238,"weight":0},{"x":94,"y":99,"operator":">","limit":139,"weight":0},{"x":94,"y":104,"operator":">","limit":51,"weight":0},{"x":94,"y":105,"operator":">","limit":181,"weight":0},{"x":94,"y":138,"operator":">","limit":51,"weight":0},{"x":94,"y":139,"operator":">","limit":181,"weight":0},{"x":94,"y":144,"operator":">","limit":107,"weight":0},{"x":95,"y":98,"operator":">","limit":315,"weight":0},{"x":95,"y":99,"operator":">","limit":97,"weight":0},{"x":95,"y":114,"operator":">","limit":309,"weight":0},{"x":95,"y":138,"operator":">","limit":288,"weight":0},{"x":95,"y":139,"operator":">","limit":50,"weight":0},{"x":95,"y":144,"operator":">","limit":343,"weight":0},{"x":95,"y":145,"operator":">","limit":108,"weight":0},{"x":96,"y":97,"operator":"=","limit":238,"weight":0},{"x":96,"y":104,"operator":">","limit":51,"weight":0},{"x":96,"y":105,"operator":">","limit":289,"weight":0},{"x":96,"y":128,"operator":">","limit":81,"weight":0},{"x":96,"y":129,"operator":">","limit":320,"weight":0},{"x":97,"y":104,"operator":">","limit":176,"weight":0},{"x":97,"y":105,"operator":">","limit":55,"weight":0},{"x":97,"y":196,"operator":">","limit":139,"weight":0},{"x":98,"y":99,"operator":"=","limit":238,"weight":0},{"x":98,"y":114,"operator":">","limit":12,"weight":0},{"x":98,"y":115,"operator":">","limit":249,"weight":0},{"x":98,"y":138,"operator":">","limit":38,"weight":0},{"x":98,"y":139,"operator":">","limit":277,"weight":0},{"x":98,"y":144,"operator":">","limit":10,"weight":0},{"x":98,"y":145,"operator":">","limit":221,"weight":0},{"x":99,"y":114,"operator":">","limit":222,"weight":0},{"x":99,"y":138,"operator":">","limit":195,"weight":0},{"x":99,"y":139,"operator":">","limit":36,"weight":0},{"x":99,"y":144,"operator":">","limit":249,"weight":0},{"x":99,"y":196,"operator":">","limit":152,"weight":0},{"x":99,"y":197,"operator":">","limit":83,"weight":0},{"x":100,"y":101,"operator":"=","limit":238,"weight":0},{"x":100,"y":130,"operator":">","limit":122,"weight":0},{"x":100,"y":154,"operator":">","limit":69,"weight":0},{"x":101,"y":130,"operator":">","limit":109,"weight":0},{"x":101,"y":154,"operator":">","limit":163,"weight":0},{"x":101,"y":155,"operator":">","limit":67,"weight":0},{"x":102,"y":103,"operator":"=","limit":238,"weight":0},{"x":102,"y":110,"operator":">","limit":125,"weight":0},{"x":102,"y":111,"operator":">","limit":109,"weight":0},{"x":102,"y":118,"operator":">","limit":92,"weight":0},{"x":102,"y":119,"operator":">","limit":134,"weight":0},{"x":102,"y":146,"operator":">","limit":67,"weight":0},{"x":102,"y":147,"operator":">","limit":164,"weight":0},{"x":102,"y":168,"operator":">","limit":13,"weight":0},{"x":102,"y":169,"operator":">","limit":222,"weight":0},{"x":102,"y":180,"operator":">","limit":26,"weight":0},{"x":102,"y":181,"operator":">","limit":204,"weight":0},{"x":103,"y":110,"operator":">","limit":352,"weight":0},{"x":103,"y":111,"operator":">","limit":125,"weight":0},{"x":103,"y":146,"operator":">","limit":307,"weight":0},{"x":103,"y":147,"operator":">","limit":67,"weight":0},{"x":103,"y":168,"operator":">","limit":248,"weight":0},{"x":103,"y":169,"operator":">","limit":8,"weight":0},{"x":103,"y":180,"operator":">","limit":260,"weight":0},{"x":103,"y":181,"operator":">","limit":22,"weight":0},{"x":104,"y":105,"operator":"=","limit":238,"weight":0},{"x":104,"y":170,"operator":">","limit":40,"weight":0},{"x":104,"y":171,"operator":">","limit":277,"weight":0},{"x":104,"y":196,"operator":">","limit":37,"weight":0},{"x":104,"y":197,"operator":">","limit":278,"weight":0},{"x":105,"y":196,"operator":">","limit":192,"weight":0},{"x":105,"y":197,"operator":">","limit":39,"weight":0},{"x":106,"y":107,"operator":"=","limit":238,"weight":0},{"x":106,"y":116,"operator":">","limit":36,"weight":0},{"x":106,"y":117,"operator":">","limit":278,"weight":0},{"x":106,"y":122,"operator":">","limit":82,"weight":0},{"x":106,"y":128,"operator":">","limit":10,"weight":0},{"x":106,"y":129,"operator":">","limit":246,"weight":0},{"x":106,"y":160,"operator":">","limit":23,"weight":0},{"x":106,"y":161,"operator":">","limit":205,"weight":0},{"x":106,"y":184,"operator":">","limit":37,"weight":0},{"x":106,"y":185,"operator":">","limit":278,"weight":0},{"x":107,"y":128,"operator":">","limit":221,"weight":0},{"x":107,"y":154,"operator":">","limit":251,"weight":0},{"x":107,"y":155,"operator":">","limit":11,"weight":0},{"x":107,"y":160,"operator":">","limit":261,"weight":0},{"x":107,"y":161,"operator":">","limit":24,"weight":0},{"x":107,"y":184,"operator":">","limit":195,"weight":0},{"x":108,"y":109,"operator":"=","limit":238,"weight":0},{"x":108,"y":142,"operator":">","limit":83,"weight":0},{"x":108,"y":143,"operator":">","limit":151,"weight":0},{"x":108,"y":162,"operator":">","limit":24,"weight":0},{"x":108,"y":163,"operator":">","limit":205,"weight":0},{"x":108,"y":176,"operator":">","limit":94,"weight":0},{"x":108,"y":177,"operator":">","limit":137,"weight":0},{"x":108,"y":178,"operator":">","limit":65,"weight":0},{"x":108,"y":179,"operator":">","limit":167,"weight":0},{"x":109,"y":142,"operator":">","limit":315,"weight":0},{"x":109,"y":143,"operator":">","limit":81,"weight":0},{"x":109,"y":162,"operator":">","limit":261,"weight":0},{"x":109,"y":163,"operator":">","limit":27,"weight":0},{"x":109,"y":176,"operator":">","limit":327,"weight":0},{"x":109,"y":177,"operator":">","limit":94,"weight":0},{"x":109,"y":178,"operator":">","limit":304,"weight":0},{"x":109,"y":179,"operator":">","limit":69,"weight":0},{"x":110,"y":111,"operator":"=","limit":238,"weight":0},{"x":110,"y":146,"operator":">","limit":53,"weight":0},{"x":110,"y":147,"operator":">","limit":290,"weight":0},{"x":110,"y":154,"operator":">","limit":66,"weight":0},{"x":110,"y":155,"operator":">","limit":300,"weight":0},{"x":110,"y":168,"operator":">","limit":106,"weight":0},{"x":110,"y":169,"operator":">","limit":329,"weight":0},{"x":110,"y":180,"operator":">","limit":92,"weight":0},{"x":110,"y":181,"operator":">","limit":301,"weight":0},{"x":111,"y":146,"operator":">","limit":177,"weight":0},{"x":111,"y":147,"operator":">","limit":50,"weight":0},{"x":111,"y":162,"operator":">","limit":134,"weight":0},{"x":111,"y":163,"operator":">","limit":93,"weight":0},{"x":111,"y":168,"operator":">","limit":125,"weight":0},{"x":111,"y":169,"operator":">","limit":107,"weight":0},{"x":111,"y":180,"operator":">","limit":139,"weight":0},{"x":111,"y":181,"operator":">","limit":96,"weight":0},{"x":112,"y":113,"operator":"=","limit":238,"weight":0},{"x":112,"y":124,"operator":">","limit":125,"weight":0},{"x":112,"y":125,"operator":">","limit":341,"weight":0},{"x":112,"y":137,"operator":">","limit":314,"weight":0},{"x":112,"y":158,"operator":">","limit":39,"weight":0},{"x":112,"y":159,"operator":">","limit":278,"weight":0},{"x":112,"y":164,"operator":">","limit":65,"weight":0},{"x":112,"y":171,"operator":">","limit":335,"weight":0},{"x":113,"y":136,"operator":">","limit":135,"weight":0},{"x":113,"y":137,"operator":">","limit":97,"weight":0},{"x":113,"y":138,"operator":">","limit":166,"weight":0},{"x":113,"y":139,"operator":">","limit":68,"weight":0},{"x":113,"y":158,"operator":">","limit":195,"weight":0},{"x":113,"y":159,"operator":">","limit":37,"weight":0},{"x":113,"y":165,"operator":">","limit":64,"weight":0},{"x":113,"y":171,"operator":">","limit":109,"weight":0},{"x":114,"y":115,"operator":"=","limit":238,"weight":0},{"x":114,"y":138,"operator":">","limit":24,"weight":0},{"x":114,"y":139,"operator":">","limit":261,"weight":0},{"x":114,"y":144,"operator":">","limit":23,"weight":0},{"x":114,"y":145,"operator":">","limit":205,"weight":0},{"x":115,"y":138,"operator":">","limit":207,"weight":0},{"x":115,"y":139,"operator":">","limit":27,"weight":0},{"x":115,"y":144,"operator":">","limit":262,"weight":0},{"x":115,"y":145,"operator":">","limit":25,"weight":0},{"x":116,"y":117,"operator":"=","limit":238,"weight":0},{"x":116,"y":140,"operator":">","limit":41,"weight":0},{"x":116,"y":141,"operator":">","limit":192,"weight":0},{"x":116,"y":193,"operator":">","limit":150,"weight":0},{"x":117,"y":140,"operator":">","limit":277,"weight":0},{"x":117,"y":192,"operator":">","limit":317,"weight":0},{"x":118,"y":119,"operator":"=","limit":238,"weight":0},{"x":118,"y":152,"operator":">","limit":22,"weight":0},{"x":118,"y":153,"operator":">","limit":208,"weight":0},{"x":119,"y":152,"operator":">","limit":263,"weight":0},{"x":119,"y":153,"operator":">","limit":26,"weight":0},{"x":120,"y":121,"operator":"=","limit":238,"weight":0},{"x":120,"y":134,"operator":">","limit":22,"weight":0},{"x":120,"y":135,"operator":">","limit":261,"weight":0},{"x":120,"y":166,"operator":">","limit":94,"weight":0},{"x":120,"y":167,"operator":">","limit":134,"weight":0},{"x":120,"y":176,"operator":">","limit":65,"weight":0},{"x":120,"y":177,"operator":">","limit":163,"weight":0},{"x":120,"y":188,"operator":">","limit":83,"weight":0},{"x":120,"y":189,"operator":">","limit":149,"weight":0},{"x":121,"y":134,"operator":">","limit":209,"weight":0},{"x":121,"y":135,"operator":">","limit":23,"weight":0},{"x":121,"y":167,"operator":">","limit":94,"weight":0},{"x":121,"y":188,"operator":">","limit":300,"weight":0},{"x":122,"y":123,"operator":"=","limit":238,"weight":0},{"x":122,"y":128,"operator":">","limit":96,"weight":0},{"x":122,"y":160,"operator":">","limit":50,"weight":0},{"x":122,"y":184,"operator":">","limit":120,"weight":0},{"x":122,"y":185,"operator":">","limit":308,"weight":0},{"x":123,"y":128,"operator":">","limit":134,"weight":0},{"x":123,"y":129,"operator":">","limit":95,"weight":0},{"x":123,"y":148,"operator":">","limit":124,"weight":0},{"x":123,"y":149,"operator":">","limit":110,"weight":0},{"x":123,"y":160,"operator":">","limit":177,"weight":0},{"x":123,"y":184,"operator":">","limit":110,"weight":0},{"x":124,"y":125,"operator":"=","limit":238,"weight":0},{"x":124,"y":148,"operator":">","limit":10,"weight":0},{"x":124,"y":149,"operator":">","limit":221,"weight":0},{"x":124,"y":156,"operator":">","limit":122,"weight":0},{"x":124,"y":157,"operator":">","limit":108,"weight":0},{"x":124,"y":172,"operator":">","limit":92,"weight":0},{"x":124,"y":173,"operator":">","limit":134,"weight":0},{"x":124,"y":174,"operator":">","limit":37,"weight":0},{"x":124,"y":175,"operator":">","limit":190,"weight":0},{"x":125,"y":148,"operator":">","limit":247,"weight":0},{"x":125,"y":149,"operator":">","limit":11,"weight":0},{"x":125,"y":156,"operator":">","limit":339,"weight":0},{"x":125,"y":157,"operator":">","limit":122,"weight":0},{"x":125,"y":162,"operator":">","limit":264,"weight":0},{"x":125,"y":163,"operator":">","limit":25,"weight":0},{"x":125,"y":172,"operator":">","limit":308,"weight":0},{"x":125,"y":173,"operator":">","limit":96,"weight":0},{"x":125,"y":174,"operator":">","limit":276,"weight":0},{"x":125,"y":175,"operator":">","limit":36,"weight":0},{"x":126,"y":127,"operator":"=","limit":238,"weight":0},{"x":127,"y":196,"operator":">","limit":180,"weight":0},{"x":127,"y":197,"operator":">","limit":51,"weight":0},{"x":128,"y":129,"operator":"=","limit":238,"weight":0},{"x":128,"y":148,"operator":">","limit":10,"weight":0},{"x":128,"y":149,"operator":">","limit":250,"weight":0},{"x":128,"y":160,"operator":">","limit":38,"weight":0},{"x":128,"y":161,"operator":">","limit":191,"weight":0},{"x":128,"y":184,"operator":">","limit":24,"weight":0},{"x":128,"y":185,"operator":">","limit":263,"weight":0},{"x":129,"y":160,"operator":">","limit":277,"weight":0},{"x":129,"y":161,"operator":">","limit":41,"weight":0},{"x":129,"y":185,"operator":">","limit":24,"weight":0},{"x":130,"y":131,"operator":"=","limit":238,"weight":0},{"x":130,"y":136,"operator":">","limit":23,"weight":0},{"x":130,"y":137,"operator":">","limit":207,"weight":0},{"x":130,"y":155,"operator":">","limit":178,"weight":0},{"x":131,"y":154,"operator":">","limit":290,"weight":0},{"x":131,"y":155,"operator":">","limit":53,"weight":0},{"x":132,"y":133,"operator":"=","limit":238,"weight":0},{"x":133,"y":144,"operator":">","limit":275,"weight":0},{"x":133,"y":145,"operator":">","limit":39,"weight":0},{"x":134,"y":135,"operator":"=","limit":238,"weight":0},{"x":134,"y":166,"operator":">","limit":123,"weight":0},{"x":134,"y":167,"operator":">","limit":111,"weight":0},{"x":134,"y":189,"operator":">","limit":121,"weight":0},{"x":135,"y":166,"operator":">","limit":319,"weight":0},{"x":135,"y":167,"operator":">","limit":125,"weight":0},{"x":135,"y":188,"operator":">","limit":338,"weight":0},{"x":135,"y":194,"operator":">","limit":325,"weight":0},{"x":135,"y":195,"operator":">","limit":92,"weight":0},{"x":136,"y":137,"operator":"=","limit":238,"weight":0},{"x":136,"y":158,"operator":">","limit":52,"weight":0},{"x":136,"y":164,"operator":">","limit":23,"weight":0},{"x":136,"y":165,"operator":">","limit":207,"weight":0},{"x":136,"y":170,"operator":">","limit":9,"weight":0},{"x":136,"y":171,"operator":">","limit":247,"weight":0},{"x":136,"y":182,"operator":">","limit":25,"weight":0},{"x":136,"y":183,"operator":">","limit":209,"weight":0},{"x":137,"y":158,"operator":">","limit":293,"weight":0},{"x":137,"y":159,"operator":">","limit":55,"weight":0},{"x":137,"y":164,"operator":">","limit":265,"weight":0},{"x":137,"y":165,"operator":">","limit":23,"weight":0},{"x":137,"y":171,"operator":">","limit":11,"weight":0},{"x":138,"y":139,"operator":"=","limit":238,"weight":0},{"x":138,"y":145,"operator":">","limit":179,"weight":0},{"x":139,"y":144,"operator":">","limit":293,"weight":0},{"x":140,"y":141,"operator":"=","limit":238,"weight":0},{"x":140,"y":192,"operator":">","limit":38,"weight":0},{"x":140,"y":193,"operator":">","limit":190,"weight":0},{"x":141,"y":192,"operator":">","limit":279,"weight":0},{"x":141,"y":193,"operator":">","limit":36,"weight":0},{"x":142,"y":143,"operator":"=","limit":238,"weight":0},{"x":142,"y":162,"operator":">","limit":50,"weight":0},{"x":142,"y":163,"operator":">","limit":291,"weight":0},{"x":142,"y":176,"operator":">","limit":13,"weight":0},{"x":142,"y":177,"operator":">","limit":219,"weight":0},{"x":142,"y":178,"operator":">","limit":11,"weight":0},{"x":142,"y":179,"operator":">","limit":248,"weight":0},{"x":143,"y":162,"operator":">","limit":180,"weight":0},{"x":143,"y":163,"operator":">","limit":50,"weight":0},{"x":143,"y":176,"operator":">","limit":247,"weight":0},{"x":143,"y":177,"operator":">","limit":9,"weight":0},{"x":143,"y":178,"operator":">","limit":223,"weight":0},{"x":143,"y":179,"operator":">","limit":11,"weight":0},{"x":144,"y":145,"operator":"=","limit":238,"weight":0},{"x":145,"y":182,"operator":">","limit":177,"weight":0},{"x":145,"y":183,"operator":">","limit":50,"weight":0},{"x":146,"y":147,"operator":"=","limit":238,"weight":0},{"x":146,"y":168,"operator":">","limit":51,"weight":0},{"x":146,"y":169,"operator":">","limit":292,"weight":0},{"x":146,"y":180,"operator":">","limit":41,"weight":0},{"x":146,"y":181,"operator":">","limit":278,"weight":0},{"x":147,"y":168,"operator":">","limit":177,"weight":0},{"x":147,"y":169,"operator":">","limit":52,"weight":0},{"x":147,"y":180,"operator":">","limit":193,"weight":0},{"x":147,"y":181,"operator":">","limit":39,"weight":0},{"x":148,"y":149,"operator":"=","limit":238,"weight":0},{"x":148,"y":156,"operator":">","limit":107,"weight":0},{"x":148,"y":157,"operator":">","limit":124,"weight":0},{"x":148,"y":172,"operator":">","limit":80,"weight":0},{"x":148,"y":173,"operator":">","limit":150,"weight":0},{"x":148,"y":174,"operator":">","limit":27,"weight":0},{"x":148,"y":175,"operator":">","limit":206,"weight":0},{"x":149,"y":156,"operator":">","limit":327,"weight":0},{"x":149,"y":157,"operator":">","limit":110,"weight":0},{"x":149,"y":172,"operator":">","limit":315,"weight":0},{"x":149,"y":173,"operator":">","limit":81,"weight":0},{"x":149,"y":174,"operator":">","limit":263,"weight":0},{"x":149,"y":175,"operator":">","limit":26,"weight":0},{"x":150,"y":151,"operator":"=","limit":238,"weight":0},{"x":150,"y":168,"operator":">","limit":79,"weight":0},{"x":150,"y":169,"operator":">","limit":301,"weight":0},{"x":150,"y":186,"operator":">","limit":11,"weight":0},{"x":150,"y":187,"operator":">","limit":251,"weight":0},{"x":151,"y":186,"operator":">","limit":223,"weight":0},{"x":151,"y":187,"operator":">","limit":11,"weight":0},{"x":152,"y":153,"operator":"=","limit":238,"weight":0},{"x":152,"y":172,"operator":">","limit":26,"weight":0},{"x":152,"y":173,"operator":">","limit":260,"weight":0},{"x":153,"y":176,"operator":">","limit":207,"weight":0},{"x":153,"y":177,"operator":">","limit":27,"weight":0},{"x":154,"y":155,"operator":"=","limit":238,"weight":0},{"x":155,"y":176,"operator":">","limit":277,"weight":0},{"x":155,"y":177,"operator":">","limit":38,"weight":0},{"x":156,"y":157,"operator":"=","limit":238,"weight":0},{"x":156,"y":172,"operator":">","limit":23,"weight":0},{"x":156,"y":173,"operator":">","limit":261,"weight":0},{"x":156,"y":174,"operator":">","limit":81,"weight":0},{"x":156,"y":175,"operator":">","limit":300,"weight":0},{"x":157,"y":172,"operator":">","limit":206,"weight":0},{"x":157,"y":173,"operator":">","limit":22,"weight":0},{"x":157,"y":174,"operator":">","limit":153,"weight":0},{"x":157,"y":175,"operator":">","limit":79,"weight":0},{"x":158,"y":159,"operator":"=","limit":238,"weight":0},{"x":158,"y":164,"operator":">","limit":26,"weight":0},{"x":158,"y":165,"operator":">","limit":262,"weight":0},{"x":158,"y":170,"operator":">","limit":67,"weight":0},{"x":158,"y":171,"operator":">","limit":303,"weight":0},{"x":159,"y":165,"operator":">","limit":26,"weight":0},{"x":159,"y":170,"operator":">","limit":162,"weight":0},{"x":160,"y":161,"operator":"=","limit":238,"weight":0},{"x":160,"y":168,"operator":">","limit":53,"weight":0},{"x":160,"y":169,"operator":">","limit":290,"weight":0},{"x":160,"y":184,"operator":">","limit":67,"weight":0},{"x":160,"y":185,"operator":">","limit":303,"weight":0},{"x":161,"y":184,"operator":">","limit":163,"weight":0},{"x":161,"y":185,"operator":">","limit":67,"weight":0},{"x":162,"y":163,"operator":"=","limit":238,"weight":0},{"x":162,"y":176,"operator":">","limit":64,"weight":0},{"x":162,"y":177,"operator":">","limit":165,"weight":0},{"x":162,"y":178,"operator":">","limit":38,"weight":0},{"x":162,"y":179,"operator":">","limit":195,"weight":0},{"x":162,"y":196,"operator":">","limit":12,"weight":0},{"x":162,"y":197,"operator":">","limit":246,"weight":0},{"x":163,"y":176,"operator":">","limit":302,"weight":0},{"x":163,"y":177,"operator":">","limit":65,"weight":0},{"x":163,"y":178,"operator":">","limit":275,"weight":0},{"x":163,"y":179,"operator":">","limit":39,"weight":0},{"x":164,"y":165,"operator":"=","limit":238,"weight":0},{"x":164,"y":168,"operator":">","limit":36,"weight":0},{"x":164,"y":169,"operator":">","limit":274,"weight":0},{"x":164,"y":170,"operator":">","limit":38,"weight":0},{"x":164,"y":171,"operator":">","limit":277,"weight":0},{"x":166,"y":167,"operator":"=","limit":238,"weight":0},{"x":166,"y":168,"operator":">","limit":106,"weight":0},{"x":166,"y":169,"operator":">","limit":317,"weight":0},{"x":166,"y":188,"operator":">","limit":12,"weight":0},{"x":166,"y":189,"operator":">","limit":250,"weight":0},{"x":167,"y":188,"operator":">","limit":220,"weight":0},{"x":167,"y":196,"operator":">","limit":122,"weight":0},{"x":167,"y":197,"operator":">","limit":111,"weight":0},{"x":168,"y":169,"operator":"=","limit":238,"weight":0},{"x":168,"y":172,"operator":">","limit":78,"weight":0},{"x":168,"y":173,"operator":">","limit":150,"weight":0},{"x":168,"y":180,"operator":">","limit":8,"weight":0},{"x":168,"y":181,"operator":">","limit":221,"weight":0},{"x":169,"y":180,"operator":">","limit":248,"weight":0},{"x":169,"y":181,"operator":">","limit":11,"weight":0},{"x":170,"y":171,"operator":"=","limit":238,"weight":0},{"x":171,"y":184,"operator":">","limit":222,"weight":0},{"x":171,"y":185,"operator":">","limit":12,"weight":0},{"x":172,"y":173,"operator":"=","limit":238,"weight":0},{"x":172,"y":174,"operator":">","limit":54,"weight":0},{"x":172,"y":175,"operator":">","limit":293,"weight":0},{"x":173,"y":174,"operator":">","limit":180,"weight":0},{"x":173,"y":175,"operator":">","limit":52,"weight":0},{"x":174,"y":175,"operator":"=","limit":238,"weight":0},{"x":175,"y":196,"operator":">","limit":209,"weight":0},{"x":175,"y":197,"operator":">","limit":27,"weight":0},{"x":176,"y":177,"operator":"=","limit":238,"weight":0},{"x":176,"y":178,"operator":">","limit":23,"weight":0},{"x":176,"y":179,"operator":">","limit":261,"weight":0},{"x":177,"y":178,"operator":">","limit":206,"weight":0},{"x":177,"y":179,"operator":">","limit":25,"weight":0},{"x":178,"y":179,"operator":"=","limit":238,"weight":0},{"x":179,"y":194,"operator":">","limit":262,"weight":0},{"x":179,"y":195,"operator":">","limit":24,"weight":0},{"x":180,"y":181,"operator":"=","limit":238,"weight":0},{"x":181,"y":182,"operator":">","limit":264,"weight":0},{"x":181,"y":183,"operator":">","limit":23,"weight":0},{"x":182,"y":183,"operator":"=","limit":238,"weight":0},{"x":183,"y":192,"operator":">","limit":265,"weight":0},{"x":183,"y":193,"operator":">","limit":25,"weight":0},{"x":184,"y":185,"operator":"=","limit":238,"weight":0},{"x":185,"y":192,"operator":">","limit":319,"weight":0},{"x":185,"y":193,"operator":">","limit":78,"weight":0},{"x":186,"y":187,"operator":"=","limit":238,"weight":0},{"x":187,"y":188,"operator":">","limit":264,"weight":0},{"x":187,"y":189,"operator":">","limit":27,"weight":0},{"x":188,"y":189,"operator":"=","limit":238,"weight":0},{"x":188,"y":196,"operator":">","limit":97,"weight":0},{"x":188,"y":197,"operator":">","limit":321,"weight":0},{"x":189,"y":190,"operator":">","limit":251,"weight":0},{"x":189,"y":191,"operator":">","limit":13,"weight":0},{"x":190,"y":191,"operator":"=","limit":238,"weight":0},{"x":190,"y":192,"operator":">","limit":40,"weight":0},{"x":190,"y":193,"operator":">","limit":278,"weight":0},{"x":190,"y":195,"operator":">","limit":261,"weight":0},{"x":191,"y":194,"operator":">","limit":205,"weight":0},{"x":191,"y":195,"operator":">","limit":25,"weight":0},{"x":192,"y":193,"operator":"=","limit":238,"weight":0},{"x":193,"y":194,"operator":">","limit":248,"weight":0},{"x":193,"y":195,"operator":">","limit":10,"weight":0},{"x":194,"y":195,"operator":"=","limit":238,"weight":0},{"x":195,"y":196,"operator":">","limit":151,"weight":0},{"x":195,"y":197,"operator":">","limit":80,"weight":0},{"x":196,"y":197,"operator":"=","limit":238,"weight":0},{"x":197,"y":198,"operator":">","limit":301,"weight":0},{"x":197,"y":199,"operator":">","limit":97,"weight":0},{"x":198,"y":199,"operator":"=","limit":238,"weight":0}],"interferenceCosts":[0,1000,100,10,1],"mobilityCosts":[0,1000,100,10,1]}