{"domains":[null,[16,30,44,58,72,86,100,114,128,142,156,254,268,282,296,310,324,338,352,366,380,394,414,428,442,456,470,484,498,512,526,540,554,652,666,680,694,708,722,736,750,764,778,792],[30,58,86,114,142,268,296,324,352,380,414,442,470,498,526,554,652,680,708,736,764,792],[30,44,58,72,86,100,114,128,142,268,282,296,310,324,338,352,366,380,428,442,456,470,484,498,512,526,540,666,680,694,708,722,736,750,764,778],[16,30,58,86,114,142,254,268,296,324,352,380,414,442,470,498,526,554,652,680,708,736,764,792],[142,170,240,380,408,478],[30,44,58,72,86,100,114,128,142,156,268,282,296,310,324,338,352,366,380,394,414,428,442,456,470,484,498,512,526,540,554,652,666,680,694,708,722,736,750,764,778,792],[16,30,44,58,72,86,100,114,128,142,156,254,268,282,296,310,324,338,352,366,380,394]],"vars":[{"domain":1,"value":null,"mobility":null},{"domain":1,"value":null,"mobility":null},{"domain":1,"value":null,"mobility":null},{"domain":1,"value":null,"mobility":null},{"domain":1,"value":null,"mobility":null},{"domain":1,"value":null,"mobility":null},{"domain":1,"value":null,"mobility":null},{"domain":1,"value":null,"mobility":null},{"domain":1,"value":null,"mobility":null},{"domain":1,"value":null,"mobility":null},{"domain":1,"value":null,"mobility":null},{"domain":1,"value":null,"mobility":null},{"domain":1,"value":null,"mobility":null},{"domain":1,"value":null,"mobility":null},{"domain":1,"value":null,"mobility":null},{"domain":1,"value":null,"mobility":null},{"domain":1,"value":null,"mobility":null},{"domain":1,"value":null,"mobility":null},{"domain":1,"value":null,"mobility":null},{"domain":1,"value":null,"mobility":null},{"domain":1,"value":null,"mobility":null},{"domain":1,"value":null,"mobility":null},{"domain":1,"value":null,"mobility":null},{"domain":1,"value":null,"mobility":null},{"domain":3,"value":null,"mobility":null},{"domain":3,"value":null,"mobility":null},{"domain":3,"value":null,"mobility":null},{"domain":3,"value":null,"mobility":null},{"domain":3,"value":null,"mobility":null},{"domain":3,"value":null,"mobility":null},{"domain":1,"value":null,"mobility":null},{"domain":1,"value":null,"mobility":null},{"domain":1,"value":null,"mobility":null},{"domain":1,"value":null,"mobility":null},{"domain":1,"value":null,"mobility":null},{"domain":1,"value":null,"mobility":null},{"domain":1,"value":null,"mobility":null},{"domain":1,"value":null,"mobility":null},{"domain":1,"value":null,"mobility":null},{"domain":1,"value":null,"mobility":null},{"domain":1,"value":null,"mobility":null},{"domain":1,"value":null,"mobility":null},{"domain":1,"value":null,"mobility":null},{"domain":1,"value":null,"mobility":null},{"domain":1,"value":null,"mobility":null},{"domain":1,"value":null,"mobility":null},{"domain":1,"value":null,"mobility":null},{"domain":1,"value":null,"mobility":null},{"domain":1,"value":null,"mobility":null},{"domain":1,"value":null,"mobility":null},{"domain":1,"value":null,"mobility":null},{"domain":1,"value":null,"mobility":null},{"domain":1,"value":null,"mobility":null},{"domain":1,"value":null,"mobility":null},{"domain":1,"value":null,"mobility":null},{"domain":1,"value":null,"mobility":null},{"domain":1,"value":null,"mobility":null},{"domain":1,"value":null,"mobility":null},{"domain":1,"value":null,"mobility":null},{"domain":1,"value":null,"mobility":null},{"domain":1,"value":null,"mobility":null},{"domain":1,"value":null,"mobility":null},{"domain":1,"value":null,"mobility":null},{"domain":1,"value":null,"mobility":null},{"domain":1,"value":null,"mobility":null},{"domain":1,"value":null,"mobility":null},{"domain":1,"value":null,"mobility":null},{"domain":1,"value":null,"mobility":null},{"domain":1,"value":null,"mobility":null},{"domain":1,"value":null,"mobility":null},{"domain":1,"value":null,"mobility":null},{"domain":1,"value":null,"mobility":null},{"domain":1,"value":null,"mobility":null},{"domain":1,"value":null,"mobility":null},{"domain":3,"value":null,"mobility":null},{"domain":3,"value":null,"mobility":null},{"domain":3,"value":null,"mobility":null},{"domain":3,"value":null,"mobility":null},{"domain":3,"value":null,"mobility":null},{"domain":3,"value":null,"mobility":null},{"domain":3,"value":null,"mobility":null},{"domain":3,"value":null,"mobility":null},{"domain":3,"value":null,"mobility":null},{"domain":3,"value":null,"mobility":null},{"domain":3,"value":null,"mobility":null},{"domain":3,"value":null,"mobility":null},{"domain":3,"value":null,"mobility":null},{"domain":3,"value":null,"mobility":null},{"domain":3,"value":null,"mobility":null},{"domain":3,"value":null,"mobility":null},{"domain":3,"value":null,"mobility":null},{"domain":3,"value":null,"mobility":null},{"domain":3,"value":null,"mobility":null},{"domain":3,"value":null,"mobility":null},{"domain":3,"value":null,"mobility":null},{"domain":3,"value":null,"mobility":null},{"domain":3,"value":null,"mobility":null},{"domain":3,"value":null,"mobility":null},{"domain":1,"value":null,"mobility":null},{"domain":1,"value":null,"mobility":null},{"domain":1,"value":null,"mobility":null},{"domain":1,"value":null,"mobility":null},{"domain":3,"value":null,"mobility":null},{"domain":3,"value":null,"mobility":null},{"domain":1,"value":null,"mobility":null},{"domain":1,"value":null,"mobility":null},{"domain":1,"value":null,"mobility":null},{"domain":1,"value":null,"mobility":null},{"domain":1,"value":null,"mobility":null},{"domain":1,"value":null,"mobility":null},{"domain":3,"value":null,"mobility":null},{"domain":3,"value":null,"mobility":null},{"domain":3,"value":null,"mobility":null},{"domain":3,"value":null,"mobility":null},{"domain":3,"value":null,"mobility":null},{"domain":3,"value":null,"mobility":null},{"domain":3,"value":null,"mobility":null},{"domain":3,"value":null,"mobility":null},{"domain":3,"value":null,"mobility":null},{"domain":3,"value":null,"mobility":null},{"domain":3,"value":null,"mobility":null},{"domain":3,"value":null,"mobility":null},{"domain":3,"value":null,"mobility":null},{"domain":3,"value":null,"mobility":null},{"domain":3,"value":null,"mobility":null},{"domain":3,"value":null,"mobility":null},{"domain":3,"value":null,"mobility":null},{"domain":3,"value":null,"mobility":null},{"domain":3,"value":null,"mobility":null},{"domain":3,"value":null,"mobility":null},{"domain":3,"value":null,"mobility":null},{"domain":3,"value":null,"mobility":null},{"domain":3,"value":null,"mobility":null},{"domain":3,"value":null,"mobility":null},{"domain":3,"value":null,"mobility":null},{"domain":3,"value":null,"mobility":null},{"domain":3,"value":null,"mobility":null},{"domain":3,"value":null,"mobility":null},{"domain":3,"value":null,"mobility":null},{"domain":3,"value":null,"mobility":null},{"domain":3,"value":null,"mobility":null},{"domain":3,"value":null,"mobility":null},{"domain":3,"value":null,"mobility":null},{"domain":3,"value":null,"mobility":null},{"domain":3,"value":null,"mobility":null},{"domain":3,"value":null,"mobility":null},{"domain":7,"value":null,"mobility":null},{"domain":7,"value":null,"mobility":null},{"domain":1,"value":null,"mobility":null},{"domain":1,"value":null,"mobility":null},{"domain":1,"value":null,"mobility":null},{"domain":1,"value":null,"mobility":null},{"domain":1,"value":null,"mobility":null},{"domain":1,"value":null,"mobility":null},{"domain":1,"value":null,"mobility":null},{"domain":1,"value":null,"mobility":null},{"domain":1,"value":null,"mobility":null},{"domain":1,"value":null,"mobility":null},{"domain":1,"value":null,"mobility":null},{"domain":1,"value":null,"mobility":null},{"domain":1,"value":null,"mobility":null},{"domain":1,"value":null,"mobility":null},{"domain":1,"value":null,"mobility":null},{"domain":1,"value":null,"mobility":null},{"domain":1,"value":null,"mobility":null},{"domain":1,"value":null,"mobility":null},{"domain":1,"value":null,"mobility":null},{"domain":1,"value":null,"mobility":null},{"domain":3,"value":null,"mobility":null},{"domain":3,"value":null,"mobility":null},{"domain":3,"value":null,"mobility":null},{"domain":3,"value":null,"mobility":null},{"domain":3,"value":null,"mobility":null},{"domain":3,"value":null,"mobility":null},{"domain":3,"value":null,"mobility":null},{"domain":3,"value":null,"mobility":null},{"domain":1,"value":null,"mobility":null},{"domain":1,"value":null,"mobility":null},{"domain":1,"value":null,"mobility":null},{"domain":1,"value":null,"mobility":null},{"domain":1,"value":null,"mobility":null},{"domain":1,"value":null,"mobility":null},{"domain":3,"value":null,"mobility":null},{"domain":3,"value":null,"mobility":null},{"domain":3,"value":null,"mobility":null},{"domain":3,"value":null,"mobility":null},{"domain":3,"value":null,"mobility":null},{"domain":3,"value":null,"mobility":null},{"domain":3,"value":null,"mobility":null},{"domain":3,"value":null,"mobility":null},{"domain":3,"value":null,"mobility":null},{"domain":3,"value":null,"mobility":null},{"domain":3,"value":null,"mobility":null},{"domain":3,"value":null,"mobility":null},{"domain":3,"value":null,"mobility":null},{"domain":3,"value":null,"mobility":null},{"domain":3,"value":null,"mobility":null},{"domain":3,"value":null,"mobility":null},{"domain":3,"value":null,"mobility":null},{"domain":3,"value":null,"mobility":null}],"ctrs":[{"x":0,"y":1,"operator":"=","limit":238,"weight":0},{"x":0,"y":3,"operator":">","limit":84,"weight":0},{"x":0,"y":61,"operator":">","limit":56,"weight":0},{"x":0,"y":62,"operator":">","limit":2,"weight":0},{"x":0,"y":63,"operator":">","limit":56,"weight":0},{"x":0,"y":90,"operator":">","limit":9,"weight":0},{"x":0,"y":91,"operator":">","limit":56,"weight":0},{"x":0,"y":118,"operator":">","limit":11,"weight":0},{"x":0,"y":119,"operator":">","limit":56,"weight":0},{"x":0,"y":154,"operator":">","limit":56,"weight":0},{"x":0,"y":155,"operator":">","limit":7,"weight":0},{"x":0,"y":178,"operator":">","limit":20,"weight":0},{"x":0,"y":179,"operator":">","limit":56,"weight":0},{"x":1,"y":2,"operator":">","limit":84,"weight":0},{"x":1,"y":60,"operator":">","limit":56,"weight":0},{"x":1,"y":63,"operator":">","limit":5,"weight":0},{"x":1,"y":90,"operator":">","limit":56,"weight":0},{"x":1,"y":91,"operator":">","limit":9,"weight":0},{"x":1,"y":118,"operator":">","limit":56,"weight":0},{"x":1,"y":119,"operator":">","limit":11,"weight":0},{"x":1,"y":154,"operator":">","limit":8,"weight":0},{"x":1,"y":155,"operator":">","limit":56,"weight":0},{"x":1,"y":178,"operator":">","limit":56,"weight":0},{"x":1,"y":179,"operator":">","limit":12,"weight":0},{"x":2,"y":3,"operator":"=","limit":238,"weight":0},{"x":2,"y":60,"operator":">","limit":2,"weight":0},{"x":2,"y":61,"operator":">","limit":56,"weight":0},{"x":2,"y":62,"operator":">","limit":2,"weight":0},{"x":2,"y":63,"operator":">","limit":56,"weight":0},{"x":2,"y":90,"operator":">","limit":9,"weight":0},{"x":2,"y":91,"operator":">","limit":56,"weight":0},{"x":2,"y":118,"operator":">","limit":11,"weight":0},{"x":2,"y":119,"operator":">","limit":56,"weight":0},{"x":2,"y":154,"operator":">","limit":56,"weight":0},{"x":2,"y":155,"operator":">","limit":7,"weight":0},{"x":2,"y":178,"operator":">","limit":20,"weight":0},{"x":2,"y":179,"operator":">","limit":56,"weight":0},{"x":3,"y":60,"operator":">","limit":56,"weight":0},{"x":3,"y":61,"operator":">","limit":5,"weight":0},{"x":3,"y":63,"operator":">","limit":5,"weight":0},{"x":3,"y":90,"operator":">","limit":56,"weight":0},{"x":3,"y":91,"operator":">","limit":9,"weight":0},{"x":3,"y":118,"operator":">","limit":56,"weight":0},{"x":3,"y":119,"operator":">","limit":11,"weight":0},{"x":3,"y":154,"operator":">","limit":8,"weight":0},{"x":3,"y":155,"operator":">","limit":56,"weight":0},{"x":3,"y":178,"operator":">","limit":56,"weight":0},{"x":3,"y":179,"operator":">","limit":12,"weight":0},{"x":4,"y":5,"operator":"=","limit":238,"weight":0},{"x":4,"y":6,"operator":">","limit":10,"weight":0},{"x":4,"y":7,"operator":">","limit":5,"weight":0},{"x":6,"y":7,"operator":"=","limit":238,"weight":0},{"x":6,"y":8,"operator":">","limit":11,"weight":0},{"x":6,"y":9,"operator":">","limit":56,"weight":0},{"x":7,"y":8,"operator":">","limit":56,"weight":0},{"x":7,"y":9,"operator":">","limit":4,"weight":0},{"x":7,"y":148,"operator":">","limit":2,"weight":0},{"x":7,"y":185,"operator":">","limit":3,"weight":0},{"x":7,"y":199,"operator":">","limit":3,"weight":0},{"x":8,"y":9,"operator":"=","limit":238,"weight":0},{"x":8,"y":52,"operator":">","limit":8,"weight":0},{"x":9,"y":53,"operator":">","limit":3,"weight":0},{"x":10,"y":11,"operator":"=","limit":238,"weight":0},{"x":10,"y":12,"operator":">","limit":59,"weight":0},{"x":10,"y":13,"operator":">","limit":84,"weight":0},{"x":10,"y":128,"operator":">","limit":56,"weight":0},{"x":10,"y":129,"operator":">","limit":4,"weight":0},{"x":10,"y":172,"operator":">","limit":6,"weight":0},{"x":10,"y":173,"operator":">","limit":56,"weight":0},{"x":10,"y":176,"operator":">","limit":42,"weight":0},{"x":10,"y":177,"operator":">","limit":3,"weight":0},{"x":11,"y":12,"operator":">","limit":84,"weight":0},{"x":11,"y":13,"operator":">","limit":59,"weight":0},{"x":11,"y":128,"operator":">","limit":6,"weight":0},{"x":11,"y":129,"operator":">","limit":56,"weight":0},{"x":11,"y":172,"operator":">","limit":56,"weight":0},{"x":11,"y":173,"operator":">","limit":9,"weight":0},{"x":11,"y":176,"operator":">","limit":6,"weight":0},{"x":11,"y":180,"operator":">","limit":4,"weight":0},{"x":12,"y":13,"operator":"=","limit":238,"weight":0},{"x":12,"y":128,"operator":">","limit":56,"weight":0},{"x":12,"y":129,"operator":">","limit":4,"weight":0},{"x":12,"y":172,"operator":">","limit":6,"weight":0},{"x":12,"y":173,"operator":">","limit":56,"weight":0},{"x":12,"y":176,"operator":">","limit":42,"weight":0},{"x":12,"y":177,"operator":">","limit":3,"weight":0},{"x":13,"y":128,"operator":">","limit":6,"weight":0},{"x":13,"y":129,"operator":">","limit":56,"weight":0},{"x":13,"y":172,"operator":">","limit":56,"weight":0},{"x":13,"y":173,"operator":">","limit":9,"weight":0},{"x":13,"y":176,"operator":">","limit":6,"weight":0},{"x":13,"y":177,"operator":">","limit":56,"weight":0},{"x":13,"y":180,"operator":">","limit":4,"weight":0},{"x":14,"y":15,"operator":"=","limit":238,"weight":0},{"x":14,"y":16,"operator":">","limit":84,"weight":0},{"x":14,"y":17,"operator":">","limit":59,"weight":0},{"x":14,"y":22,"operator":">","limit":12,"weight":0},{"x":14,"y":23,"operator":">","limit":7,"weight":0},{"x":14,"y":130,"operator":">","limit":10,"weight":0},{"x":14,"y":131,"operator":">","limit":22,"weight":0},{"x":14,"y":133,"operator":">","limit":12,"weight":0},{"x":15,"y":16,"operator":">","limit":59,"weight":0},{"x":15,"y":17,"operator":">","limit":84,"weight":0},{"x":15,"y":22,"operator":">","limit":10,"weight":0},{"x":15,"y":23,"operator":">","limit":14,"weight":0},{"x":15,"y":130,"operator":">","limit":19,"weight":0},{"x":15,"y":131,"operator":">","limit":10,"weight":0},{"x":16,"y":17,"operator":"=","limit":238,"weight":0},{"x":16,"y":23,"operator":">","limit":10,"weight":0},{"x":16,"y":130,"operator":">","limit":13,"weight":0},{"x":17,"y":22,"operator":">","limit":10,"weight":0},{"x":17,"y":131,"operator":">","limit":15,"weight":0},{"x":17,"y":133,"operator":">","limit":9,"weight":0},{"x":17,"y":156,"operator":">","limit":7,"weight":0},{"x":18,"y":19,"operator":"=","limit":238,"weight":0},{"x":18,"y":21,"operator":">","limit":84,"weight":0},{"x":18,"y":42,"operator":">","limit":56,"weight":0},{"x":18,"y":43,"operator":">","limit":3,"weight":0},{"x":18,"y":44,"operator":">","limit":56,"weight":0},{"x":18,"y":45,"operator":">","limit":3,"weight":0},{"x":18,"y":46,"operator":">","limit":12,"weight":0},{"x":18,"y":47,"operator":">","limit":56,"weight":0},{"x":18,"y":48,"operator":">","limit":8,"weight":0},{"x":18,"y":49,"operator":">","limit":56,"weight":0},{"x":18,"y":50,"operator":">","limit":8,"weight":0},{"x":18,"y":51,"operator":">","limit":56,"weight":0},{"x":18,"y":70,"operator":">","limit":56,"weight":0},{"x":18,"y":71,"operator":">","limit":9,"weight":0},{"x":18,"y":72,"operator":">","limit":56,"weight":0},{"x":18,"y":73,"operator":">","limit":2,"weight":0},{"x":18,"y":158,"operator":">","limit":12,"weight":0},{"x":18,"y":159,"operator":">","limit":56,"weight":0},{"x":18,"y":160,"operator":">","limit":56,"weight":0},{"x":18,"y":161,"operator":">","limit":3,"weight":0},{"x":18,"y":162,"operator":">","limit":56,"weight":0},{"x":18,"y":163,"operator":">","limit":3,"weight":0},{"x":18,"y":164,"operator":">","limit":59,"weight":0},{"x":18,"y":165,"operator":">","limit":84,"weight":0},{"x":18,"y":167,"operator":">","limit":84,"weight":0},{"x":18,"y":183,"operator":">","limit":9,"weight":0},{"x":19,"y":20,"operator":">","limit":84,"weight":0},{"x":19,"y":42,"operator":">","limit":7,"weight":0},{"x":19,"y":43,"operator":">","limit":56,"weight":0},{"x":19,"y":44,"operator":">","limit":7,"weight":0},{"x":19,"y":45,"operator":">","limit":56,"weight":0},{"x":19,"y":46,"operator":">","limit":56,"weight":0},{"x":19,"y":47,"operator":">","limit":11,"weight":0},{"x":19,"y":48,"operator":">","limit":56,"weight":0},{"x":19,"y":49,"operator":">","limit":8,"weight":0},{"x":19,"y":50,"operator":">","limit":56,"weight":0},{"x":19,"y":51,"operator":">","limit":8,"weight":0},{"x":19,"y":70,"operator":">","limit":7,"weight":0},{"x":19,"y":71,"operator":">","limit":56,"weight":0},{"x":19,"y":72,"operator":">","limit":7,"weight":0},{"x":19,"y":73,"operator":">","limit":56,"weight":0},{"x":19,"y":158,"operator":">","limit":56,"weight":0},{"x":19,"y":159,"operator":">","limit":11,"weight":0},{"x":19,"y":160,"operator":">","limit":7,"weight":0},{"x":19,"y":161,"operator":">","limit":56,"weight":0},{"x":19,"y":162,"operator":">","limit":7,"weight":0},{"x":19,"y":163,"operator":">","limit":56,"weight":0},{"x":19,"y":164,"operator":">","limit":84,"weight":0},{"x":19,"y":165,"operator":">","limit":59,"weight":0},{"x":19,"y":166,"operator":">","limit":84,"weight":0},{"x":20,"y":21,"operator":"=","limit":238,"weight":0},{"x":20,"y":42,"operator":">","limit":56,"weight":0},{"x":20,"y":43,"operator":">","limit":3,"weight":0},{"x":20,"y":44,"operator":">","limit":56,"weight":0},{"x":20,"y":45,"operator":">","limit":3,"weight":0},{"x":20,"y":46,"operator":">","limit":12,"weight":0},{"x":20,"y":47,"operator":">","limit":56,"weight":0},{"x":20,"y":48,"operator":">","limit":8,"weight":0},{"x":20,"y":49,"operator":">","limit":56,"weight":0},{"x":20,"y":50,"operator":">","limit":8,"weight":0},{"x":20,"y":51,"operator":">","limit":56,"weight":0},{"x":20,"y":70,"operator":">","limit":56,"weight":0},{"x":20,"y":71,"operator":">","limit":9,"weight":0},{"x":20,"y":72,"operator":">","limit":56,"weight":0},{"x":20,"y":73,"operator":">","limit":2,"weight":0},{"x":20,"y":158,"operator":">","limit":12,"weight":0},{"x":20,"y":159,"operator":">","limit":56,"weight":0},{"x":20,"y":160,"operator":">","limit":56,"weight":0},{"x":20,"y":161,"operator":">","limit":3,"weight":0},{"x":20,"y":162,"operator":">","limit":56,"weight":0},{"x":20,"y":163,"operator":">","limit":3,"weight":0},{"x":20,"y":164,"operator":">","limit":59,"weight":0},{"x":20,"y":165,"operator":">","limit":84,"weight":0},{"x":20,"y":167,"operator":">","limit":84,"weight":0},{"x":20,"y":183,"operator":">","limit":9,"weight":0},{"x":21,"y":42,"operator":">","limit":7,"weight":0},{"x":21,"y":43,"operator":">","limit":56,"weight":0},{"x":21,"y":44,"operator":">","limit":7,"weight":0},{"x":21,"y":45,"operator":">","limit":56,"weight":0},{"x":21,"y":46,"operator":">","limit":56,"weight":0},{"x":21,"y":47,"operator":">","limit":11,"weight":0},{"x":21,"y":48,"operator":">","limit":56,"weight":0},{"x":21,"y":49,"operator":">","limit":8,"weight":0},{"x":21,"y":50,"operator":">","limit":56,"weight":0},{"x":21,"y":51,"operator":">","limit":8,"weight":0},{"x":21,"y":70,"operator":">","limit":7,"weight":0},{"x":21,"y":71,"operator":">","limit":56,"weight":0},{"x":21,"y":72,"operator":">","limit":7,"weight":0},{"x":21,"y":73,"operator":">","limit":56,"weight":0},{"x":21,"y":158,"operator":">","limit":56,"weight":0},{"x":21,"y":159,"operator":">","limit":11,"weight":0},{"x":21,"y":160,"operator":">","limit":7,"weight":0},{"x":21,"y":161,"operator":">","limit":56,"weight":0},{"x":21,"y":162,"operator":">","limit":7,"weight":0},{"x":21,"y":163,"operator":">","limit":56,"weight":0},{"x":21,"y":164,"operator":">","limit":84,"weight":0},{"x":21,"y":165,"operator":">","limit":59,"weight":0},{"x":21,"y":166,"operator":">","limit":84,"weight":0},{"x":22,"y":23,"operator":"=","limit":238,"weight":0},{"x":22,"y":131,"operator":">","limit":12,"weight":0},{"x":22,"y":133,"operator":">","limit":8,"weight":0},{"x":23,"y":130,"operator":">","limit":11,"weight":0},{"x":23,"y":131,"operator":">","limit":8,"weight":0},{"x":23,"y":156,"operator":">","limit":8,"weight":0},{"x":24,"y":25,"operator":"=","limit":238,"weight":0},{"x":24,"y":26,"operator":">","limit":2,"weight":0},{"x":24,"y":27,"operator":">","limit":56,"weight":0},{"x":24,"y":74,"operator":">","limit":56,"weight":0},{"x":24,"y":75,"operator":">","limit":2,"weight":0},{"x":24,"y":94,"operator":">","limit":56,"weight":0},{"x":24,"y":95,"operator":">","limit":2,"weight":0},{"x":24,"y":98,"operator":">","limit":42,"weight":0},{"x":24,"y":99,"operator":">","limit":2,"weight":0},{"x":24,"y":110,"operator":">","limit":56,"weight":0},{"x":24,"y":111,"operator":">","limit":2,"weight":0},{"x":24,"y":134,"operator":">","limit":56,"weight":0},{"x":24,"y":135,"operator":">","limit":2,"weight":0},{"x":24,"y":196,"operator":">","limit":23,"weight":0},{"x":24,"y":197,"operator":">","limit":56,"weight":0},{"x":25,"y":26,"operator":">","limit":56,"weight":0},{"x":25,"y":27,"operator":">","limit":2,"weight":0},{"x":25,"y":74,"operator":">","limit":2,"weight":0},{"x":25,"y":75,"operator":">","limit":56,"weight":0},{"x":25,"y":94,"operator":">","limit":2,"weight":0},{"x":25,"y":95,"operator":">","limit":56,"weight":0},{"x":25,"y":98,"operator":">","limit":2,"weight":0},{"x":25,"y":99,"operator":">","limit":56,"weight":0},{"x":25,"y":110,"operator":">","limit":2,"weight":0},{"x":25,"y":111,"operator":">","limit":56,"weight":0},{"x":25,"y":134,"operator":">","limit":2,"weight":0},{"x":25,"y":135,"operator":">","limit":56,"weight":0},{"x":25,"y":196,"operator":">","limit":56,"weight":0},{"x":25,"y":197,"operator":">","limit":14,"weight":0},{"x":26,"y":27,"operator":"=","limit":238,"weight":0},{"x":26,"y":76,"operator":">","limit":2,"weight":0},{"x":26,"y":77,"operator":">","limit":56,"weight":0},{"x":27,"y":76,"operator":">","limit":56,"weight":0},{"x":27,"y":77,"operator":">","limit":2,"weight":0},{"x":28,"y":29,"operator":"=","limit":238,"weight":0},{"x":28,"y":56,"operator":">","limit":4,"weight":0},{"x":28,"y":57,"operator":">","limit":56,"weight":0},{"x":28,"y":58,"operator":">","limit":3,"weight":0},{"x":28,"y":59,"operator":">","limit":56,"weight":0},{"x":28,"y":74,"operator":">","limit":2,"weight":0},{"x":28,"y":75,"operator":">","limit":56,"weight":0},{"x":28,"y":84,"operator":">","limit":56,"weight":0},{"x":28,"y":85,"operator":">","limit":39,"weight":0},{"x":29,"y":56,"operator":">","limit":56,"weight":0},{"x":29,"y":57,"operator":">","limit":2,"weight":0},{"x":29,"y":58,"operator":">","limit":56,"weight":0},{"x":29,"y":59,"operator":">","limit":2,"weight":0},{"x":29,"y":74,"operator":">","limit":56,"weight":0},{"x":29,"y":75,"operator":">","limit":2,"weight":0},{"x":29,"y":84,"operator":">","limit":39,"weight":0},{"x":29,"y":85,"operator":">","limit":56,"weight":0},{"x":30,"y":31,"operator":"=","limit":238,"weight":0},{"x":30,"y":78,"operator":">","limit":7,"weight":0},{"x":30,"y":79,"operator":">","limit":4,"weight":0},{"x":31,"y":78,"operator":">","limit":6,"weight":0},{"x":31,"y":79,"operator":">","limit":7,"weight":0},{"x":31,"y":123,"operator":">","limit":5,"weight":0},{"x":32,"y":33,"operator":"=","limit":238,"weight":0},{"x":32,"y":64,"operator":">","limit":5,"weight":0},{"x":32,"y":65,"operator":">","limit":56,"weight":0},{"x":32,"y":66,"operator":">","limit":5,"weight":0},{"x":32,"y":67,"operator":">","limit":56,"weight":0},{"x":32,"y":168,"operator":">","limit":7,"weight":0},{"x":32,"y":169,"operator":">","limit":56,"weight":0},{"x":32,"y":174,"operator":">","limit":56,"weight":0},{"x":32,"y":175,"operator":">","limit":22,"weight":0},{"x":33,"y":64,"operator":">","limit":56,"weight":0},{"x":33,"y":65,"operator":">","limit":5,"weight":0},{"x":33,"y":66,"operator":">","limit":56,"weight":0},{"x":33,"y":67,"operator":">","limit":5,"weight":0},{"x":33,"y":168,"operator":">","limit":56,"weight":0},{"x":33,"y":169,"operator":">","limit":6,"weight":0},{"x":33,"y":174,"operator":">","limit":31,"weight":0},{"x":33,"y":175,"operator":">","limit":56,"weight":0},{"x":34,"y":35,"operator":"=","limit":238,"weight":0},{"x":34,"y":36,"operator":">","limit":59,"weight":0},{"x":34,"y":37,"operator":">","limit":84,"weight":0},{"x":34,"y":92,"operator":">","limit":56,"weight":0},{"x":34,"y":93,"operator":">","limit":10,"weight":0},{"x":34,"y":122,"operator":">","limit":7,"weight":0},{"x":34,"y":123,"operator":">","limit":56,"weight":0},{"x":34,"y":146,"operator":">","limit":3,"weight":0},{"x":34,"y":147,"operator":">","limit":2,"weight":0},{"x":35,"y":36,"operator":">","limit":84,"weight":0},{"x":35,"y":37,"operator":">","limit":59,"weight":0},{"x":35,"y":92,"operator":">","limit":8,"weight":0},{"x":35,"y":93,"operator":">","limit":56,"weight":0},{"x":35,"y":105,"operator":">","limit":4,"weight":0},{"x":35,"y":122,"operator":">","limit":56,"weight":0},{"x":35,"y":123,"operator":">","limit":6,"weight":0},{"x":35,"y":146,"operator":">","limit":56,"weight":0},{"x":35,"y":147,"operator":">","limit":4,"weight":0},{"x":36,"y":37,"operator":"=","limit":238,"weight":0},{"x":36,"y":92,"operator":">","limit":56,"weight":0},{"x":36,"y":93,"operator":">","limit":10,"weight":0},{"x":36,"y":122,"operator":">","limit":7,"weight":0},{"x":36,"y":123,"operator":">","limit":56,"weight":0},{"x":36,"y":146,"operator":">","limit":3,"weight":0},{"x":36,"y":147,"operator":">","limit":2,"weight":0},{"x":37,"y":92,"operator":">","limit":8,"weight":0},{"x":37,"y":93,"operator":">","limit":56,"weight":0},{"x":37,"y":105,"operator":">","limit":3,"weight":0},{"x":37,"y":122,"operator":">","limit":56,"weight":0},{"x":37,"y":123,"operator":">","limit":5,"weight":0},{"x":37,"y":146,"operator":">","limit":56,"weight":0},{"x":37,"y":147,"operator":">","limit":4,"weight":0},{"x":38,"y":39,"operator":"=","limit":238,"weight":0},{"x":38,"y":41,"operator":">","limit":84,"weight":0},{"x":38,"y":42,"operator":">","limit":8,"weight":0},{"x":38,"y":43,"operator":">","limit":56,"weight":0},{"x":38,"y":44,"operator":">","limit":8,"weight":0},{"x":38,"y":45,"operator":">","limit":56,"weight":0},{"x":38,"y":47,"operator":">","limit":56,"weight":0},{"x":38,"y":54,"operator":">","limit":3,"weight":0},{"x":38,"y":55,"operator":">","limit":56,"weight":0},{"x":38,"y":88,"operator":">","limit":56,"weight":0},{"x":38,"y":89,"operator":">","limit":2,"weight":0},{"x":38,"y":102,"operator":">","limit":56,"weight":0},{"x":38,"y":103,"operator":">","limit":20,"weight":0},{"x":38,"y":127,"operator":">","limit":4,"weight":0},{"x":38,"y":138,"operator":">","limit":12,"weight":0},{"x":38,"y":139,"operator":">","limit":4,"weight":0},{"x":38,"y":159,"operator":">","limit":56,"weight":0},{"x":38,"y":160,"operator":">","limit":8,"weight":0},{"x":38,"y":161,"operator":">","limit":56,"weight":0},{"x":38,"y":162,"operator":">","limit":8,"weight":0},{"x":38,"y":163,"operator":">","limit":56,"weight":0},{"x":38,"y":182,"operator":">","limit":5,"weight":0},{"x":39,"y":40,"operator":">","limit":84,"weight":0},{"x":39,"y":42,"operator":">","limit":56,"weight":0},{"x":39,"y":43,"operator":">","limit":5,"weight":0},{"x":39,"y":44,"operator":">","limit":56,"weight":0},{"x":39,"y":45,"operator":">","limit":5,"weight":0},{"x":39,"y":46,"operator":">","limit":56,"weight":0},{"x":39,"y":54,"operator":">","limit":56,"weight":0},{"x":39,"y":55,"operator":">","limit":3,"weight":0},{"x":39,"y":88,"operator":">","limit":4,"weight":0},{"x":39,"y":89,"operator":">","limit":56,"weight":0},{"x":39,"y":102,"operator":">","limit":6,"weight":0},{"x":39,"y":103,"operator":">","limit":56,"weight":0},{"x":39,"y":127,"operator":">","limit":4,"weight":0},{"x":39,"y":138,"operator":">","limit":5,"weight":0},{"x":39,"y":139,"operator":">","limit":13,"weight":0},{"x":39,"y":158,"operator":">","limit":56,"weight":0},{"x":39,"y":160,"operator":">","limit":56,"weight":0},{"x":39,"y":161,"operator":">","limit":5,"weight":0},{"x":39,"y":162,"operator":">","limit":56,"weight":0},{"x":39,"y":163,"operator":">","limit":5,"weight":0},{"x":40,"y":41,"operator":"=","limit":238,"weight":0},{"x":40,"y":42,"operator":">","limit":8,"weight":0},{"x":40,"y":43,"operator":">","limit":56,"weight":0},{"x":40,"y":44,"operator":">","limit":8,"weight":0},{"x":40,"y":45,"operator":">","limit":56,"weight":0},{"x":40,"y":47,"operator":">","limit":56,"weight":0},{"x":40,"y":54,"operator":">","limit":4,"weight":0},{"x":40,"y":55,"operator":">","limit":56,"weight":0},{"x":40,"y":88,"operator":">","limit":56,"weight":0},{"x":40,"y":89,"operator":">","limit":2,"weight":0},{"x":40,"y":102,"operator":">","limit":56,"weight":0},{"x":40,"y":103,"operator":">","limit":20,"weight":0},{"x":40,"y":127,"operator":">","limit":4,"weight":0},{"x":40,"y":138,"operator":">","limit":13,"weight":0},{"x":40,"y":139,"operator":">","limit":4,"weight":0},{"x":40,"y":159,"operator":">","limit":56,"weight":0},{"x":40,"y":160,"operator":">","limit":8,"weight":0},{"x":40,"y":161,"operator":">","limit":56,"weight":0},{"x":40,"y":162,"operator":">","limit":8,"weight":0},{"x":40,"y":163,"operator":">","limit":56,"weight":0},{"x":40,"y":182,"operator":">","limit":5,"weight":0},{"x":41,"y":42,"operator":">","limit":56,"weight":0},{"x":41,"y":43,"operator":">","limit":5,"weight":0},{"x":41,"y":44,"operator":">","limit":56,"weight":0},{"x":41,"y":45,"operator":">","limit":5,"weight":0},{"x":41,"y":46,"operator":">","limit":56,"weight":0},{"x":41,"y":54,"operator":">","limit":56,"weight":0},{"x":41,"y":55,"operator":">","limit":3,"weight":0},{"x":41,"y":88,"operator":">","limit":5,"weight":0},{"x":41,"y":89,"operator":">","limit":56,"weight":0},{"x":41,"y":102,"operator":">","limit":6,"weight":0},{"x":41,"y":103,"operator":">","limit":56,"weight":0},{"x":41,"y":127,"operator":">","limit":4,"weight":0},{"x":41,"y":138,"operator":">","limit":5,"weight":0},{"x":41,"y":139,"operator":">","limit":13,"weight":0},{"x":41,"y":158,"operator":">","limit":56,"weight":0},{"x":41,"y":160,"operator":">","limit":56,"weight":0},{"x":41,"y":161,"operator":">","limit":5,"weight":0},{"x":41,"y":162,"operator":">","limit":56,"weight":0},{"x":41,"y":163,"operator":">","limit":5,"weight":0},{"x":42,"y":43,"operator":"=","limit":238,"weight":0},{"x":42,"y":45,"operator":">","limit":84,"weight":0},{"x":42,"y":46,"operator":">","limit":12,"weight":0},{"x":42,"y":47,"operator":">","limit":56,"weight":0},{"x":42,"y":88,"operator":">","limit":56,"weight":0},{"x":42,"y":89,"operator":">","limit":25,"weight":0},{"x":42,"y":102,"operator":">","limit":56,"weight":0},{"x":42,"y":103,"operator":">","limit":25,"weight":0},{"x":42,"y":126,"operator":">","limit":10,"weight":0},{"x":42,"y":158,"operator":">","limit":12,"weight":0},{"x":42,"y":159,"operator":">","limit":56,"weight":0},{"x":42,"y":161,"operator":">","limit":84,"weight":0},{"x":42,"y":162,"operator":">","limit":59,"weight":0},{"x":42,"y":163,"operator":">","limit":84,"weight":0},{"x":42,"y":164,"operator":">","limit":56,"weight":0},{"x":42,"y":165,"operator":">","limit":7,"weight":0},{"x":42,"y":166,"operator":">","limit":56,"weight":0},{"x":42,"y":167,"operator":">","limit":7,"weight":0},{"x":43,"y":44,"operator":">","limit":84,"weight":0},{"x":43,"y":46,"operator":">","limit":56,"weight":0},{"x":43,"y":47,"operator":">","limit":8,"weight":0},{"x":43,"y":88,"operator":">","limit":25,"weight":0},{"x":43,"y":89,"operator":">","limit":56,"weight":0},{"x":43,"y":102,"operator":">","limit":23,"weight":0},{"x":43,"y":103,"operator":">","limit":56,"weight":0},{"x":43,"y":126,"operator":">","limit":5,"weight":0},{"x":43,"y":127,"operator":">","limit":20,"weight":0},{"x":43,"y":158,"operator":">","limit":56,"weight":0},{"x":43,"y":159,"operator":">","limit":8,"weight":0},{"x":43,"y":160,"operator":">","limit":84,"weight":0},{"x":43,"y":162,"operator":">","limit":84,"weight":0},{"x":43,"y":163,"operator":">","limit":59,"weight":0},{"x":43,"y":164,"operator":">","limit":3,"weight":0},{"x":43,"y":165,"operator":">","limit":56,"weight":0},{"x":43,"y":166,"operator":">","limit":3,"weight":0},{"x":43,"y":167,"operator":">","limit":56,"weight":0},{"x":43,"y":182,"operator":">","limit":4,"weight":0},{"x":44,"y":45,"operator":"=","limit":238,"weight":0},{"x":44,"y":46,"operator":">","limit":12,"weight":0},{"x":44,"y":47,"operator":">","limit":56,"weight":0},{"x":44,"y":88,"operator":">","limit":56,"weight":0},{"x":44,"y":89,"operator":">","limit":25,"weight":0},{"x":44,"y":102,"operator":">","limit":56,"weight":0},{"x":44,"y":103,"operator":">","limit":25,"weight":0},{"x":44,"y":126,"operator":">","limit":10,"weight":0},{"x":44,"y":158,"operator":">","limit":12,"weight":0},{"x":44,"y":159,"operator":">","limit":56,"weight":0},{"x":44,"y":161,"operator":">","limit":84,"weight":0},{"x":44,"y":162,"operator":">","limit":59,"weight":0},{"x":44,"y":163,"operator":">","limit":84,"weight":0},{"x":44,"y":164,"operator":">","limit":56,"weight":0},{"x":44,"y":165,"operator":">","limit":7,"weight":0},{"x":44,"y":166,"operator":">","limit":56,"weight":0},{"x":44,"y":167,"operator":">","limit":7,"weight":0},{"x":45,"y":46,"operator":">","limit":56,"weight":0},{"x":45,"y":47,"operator":">","limit":8,"weight":0},{"x":45,"y":88,"operator":">","limit":25,"weight":0},{"x":45,"y":89,"operator":">","limit":56,"weight":0},{"x":45,"y":102,"operator":">","limit":23,"weight":0},{"x":45,"y":103,"operator":">","limit":56,"weight":0},{"x":45,"y":126,"operator":">","limit":5,"weight":0},{"x":45,"y":127,"operator":">","limit":20,"weight":0},{"x":45,"y":158,"operator":">","limit":56,"weight":0},{"x":45,"y":159,"operator":">","limit":8,"weight":0},{"x":45,"y":160,"operator":">","limit":84,"weight":0},{"x":45,"y":162,"operator":">","limit":84,"weight":0},{"x":45,"y":163,"operator":">","limit":59,"weight":0},{"x":45,"y":164,"operator":">","limit":3,"weight":0},{"x":45,"y":165,"operator":">","limit":56,"weight":0},{"x":45,"y":166,"operator":">","limit":3,"weight":0},{"x":45,"y":167,"operator":">","limit":56,"weight":0},{"x":45,"y":182,"operator":">","limit":4,"weight":0},{"x":46,"y":47,"operator":"=","limit":238,"weight":0},{"x":46,"y":48,"operator":">","limit":7,"weight":0},{"x":46,"y":49,"operator":">","limit":56,"weight":0},{"x":46,"y":50,"operator":">","limit":7,"weight":0},{"x":46,"y":51,"operator":">","limit":56,"weight":0},{"x":46,"y":70,"operator":">","limit":56,"weight":0},{"x":46,"y":71,"operator":">","limit":8,"weight":0},{"x":46,"y":72,"operator":">","limit":56,"weight":0},{"x":46,"y":73,"operator":">","limit":2,"weight":0},{"x":46,"y":88,"operator":">","limit":56,"weight":0},{"x":46,"y":89,"operator":">","limit":8,"weight":0},{"x":46,"y":102,"operator":">","limit":56,"weight":0},{"x":46,"y":103,"operator":">","limit":26,"weight":0},{"x":46,"y":159,"operator":">","limit":84,"weight":0},{"x":46,"y":160,"operator":">","limit":12,"weight":0},{"x":46,"y":161,"operator":">","limit":56,"weight":0},{"x":46,"y":162,"operator":">","limit":12,"weight":0},{"x":46,"y":163,"operator":">","limit":56,"weight":0},{"x":46,"y":164,"operator":">","limit":12,"weight":0},{"x":46,"y":165,"operator":">","limit":56,"weight":0},{"x":46,"y":166,"operator":">","limit":12,"weight":0},{"x":46,"y":167,"operator":">","limit":56,"weight":0},{"x":47,"y":48,"operator":">","limit":56,"weight":0},{"x":47,"y":49,"operator":">","limit":5,"weight":0},{"x":47,"y":50,"operator":">","limit":56,"weight":0},{"x":47,"y":51,"operator":">","limit":5,"weight":0},{"x":47,"y":70,"operator":">","limit":4,"weight":0},{"x":47,"y":71,"operator":">","limit":56,"weight":0},{"x":47,"y":72,"operator":">","limit":4,"weight":0},{"x":47,"y":73,"operator":">","limit":56,"weight":0},{"x":47,"y":88,"operator":">","limit":6,"weight":0},{"x":47,"y":89,"operator":">","limit":56,"weight":0},{"x":47,"y":102,"operator":">","limit":21,"weight":0},{"x":47,"y":103,"operator":">","limit":56,"weight":0},{"x":47,"y":126,"operator":">","limit":5,"weight":0},{"x":47,"y":158,"operator":">","limit":84,"weight":0},{"x":47,"y":160,"operator":">","limit":56,"weight":0},{"x":47,"y":161,"operator":">","limit":8,"weight":0},{"x":47,"y":162,"operator":">","limit":56,"weight":0},{"x":47,"y":163,"operator":">","limit":8,"weight":0},{"x":47,"y":164,"operator":">","limit":56,"weight":0},{"x":47,"y":165,"operator":">","limit":11,"weight":0},{"x":47,"y":166,"operator":">","limit":56,"weight":0},{"x":47,"y":167,"operator":">","limit":11,"weight":0},{"x":48,"y":49,"operator":"=","limit":238,"weight":0},{"x":48,"y":51,"operator":">","limit":84,"weight":0},{"x":48,"y":70,"operator":">","limit":56,"weight":0},{"x":48,"y":72,"operator":">","limit":56,"weight":0},{"x":48,"y":158,"operator":">","limit":7,"weight":0},{"x":48,"y":159,"operator":">","limit":56,"weight":0},{"x":48,"y":164,"operator":">","limit":8,"weight":0},{"x":48,"y":165,"operator":">","limit":56,"weight":0},{"x":48,"y":166,"operator":">","limit":8,"weight":0},{"x":48,"y":167,"operator":">","limit":56,"weight":0},{"x":49,"y":50,"operator":">","limit":84,"weight":0},{"x":49,"y":71,"operator":">","limit":56,"weight":0},{"x":49,"y":73,"operator":">","limit":56,"weight":0},{"x":49,"y":158,"operator":">","limit":56,"weight":0},{"x":49,"y":159,"operator":">","limit":5,"weight":0},{"x":49,"y":164,"operator":">","limit":56,"weight":0},{"x":49,"y":165,"operator":">","limit":8,"weight":0},{"x":49,"y":166,"operator":">","limit":56,"weight":0},{"x":49,"y":167,"operator":">","limit":8,"weight":0},{"x":50,"y":51,"operator":"=","limit":238,"weight":0},{"x":50,"y":70,"operator":">","limit":56,"weight":0},{"x":50,"y":71,"operator":">","limit":9,"weight":0},{"x":50,"y":72,"operator":">","limit":56,"weight":0},{"x":50,"y":73,"operator":">","limit":2,"weight":0},{"x":50,"y":158,"operator":">","limit":7,"weight":0},{"x":50,"y":159,"operator":">","limit":56,"weight":0},{"x":50,"y":164,"operator":">","limit":8,"weight":0},{"x":50,"y":165,"operator":">","limit":56,"weight":0},{"x":50,"y":166,"operator":">","limit":8,"weight":0},{"x":50,"y":167,"operator":">","limit":56,"weight":0},{"x":51,"y":70,"operator":">","limit":3,"weight":0},{"x":51,"y":71,"operator":">","limit":56,"weight":0},{"x":51,"y":72,"operator":">","limit":3,"weight":0},{"x":51,"y":73,"operator":">","limit":56,"weight":0},{"x":51,"y":103,"operator":">","limit":4,"weight":0},{"x":51,"y":158,"operator":">","limit":56,"weight":0},{"x":51,"y":159,"operator":">","limit":5,"weight":0},{"x":51,"y":164,"operator":">","limit":56,"weight":0},{"x":51,"y":165,"operator":">","limit":8,"weight":0},{"x":51,"y":166,"operator":">","limit":56,"weight":0},{"x":51,"y":167,"operator":">","limit":8,"weight":0},{"x":52,"y":53,"operator":"=","limit":238,"weight":0},{"x":52,"y":54,"operator":">","limit":3,"weight":0},{"x":52,"y":55,"operator":">","limit":56,"weight":0},{"x":52,"y":185,"operator":">","limit":4,"weight":0},{"x":53,"y":54,"operator":">","limit":56,"weight":0},{"x":53,"y":55,"operator":">","limit":3,"weight":0},{"x":53,"y":178,"operator":">","limit":8,"weight":0},{"x":53,"y":179,"operator":">","limit":6,"weight":0},{"x":54,"y":55,"operator":"=","limit":238,"weight":0},{"x":54,"y":138,"operator":">","limit":40,"weight":0},{"x":54,"y":139,"operator":">","limit":6,"weight":0},{"x":55,"y":138,"operator":">","limit":6,"weight":0},{"x":55,"y":139,"operator":">","limit":41,"weight":0},{"x":56,"y":57,"operator":"=","limit":238,"weight":0},{"x":56,"y":58,"operator":">","limit":59,"weight":0},{"x":56,"y":59,"operator":">","limit":84,"weight":0},{"x":56,"y":84,"operator":">","limit":56,"weight":0},{"x":56,"y":85,"operator":">","limit":4,"weight":0},{"x":56,"y":133,"operator":">","limit":3,"weight":0},{"x":57,"y":58,"operator":">","limit":84,"weight":0},{"x":57,"y":59,"operator":">","limit":59,"weight":0},{"x":57,"y":84,"operator":">","limit":3,"weight":0},{"x":57,"y":85,"operator":">","limit":56,"weight":0},{"x":58,"y":59,"operator":"=","limit":238,"weight":0},{"x":58,"y":84,"operator":">","limit":56,"weight":0},{"x":58,"y":85,"operator":">","limit":4,"weight":0},{"x":58,"y":133,"operator":">","limit":3,"weight":0},{"x":59,"y":84,"operator":">","limit":2,"weight":0},{"x":59,"y":85,"operator":">","limit":56,"weight":0},{"x":60,"y":61,"operator":"=","limit":238,"weight":0},{"x":60,"y":62,"operator":">","limit":59,"weight":0},{"x":60,"y":63,"operator":">","limit":84,"weight":0},{"x":60,"y":90,"operator":">","limit":5,"weight":0},{"x":60,"y":91,"operator":">","limit":56,"weight":0},{"x":60,"y":113,"operator":">","limit":5,"weight":0},{"x":60,"y":118,"operator":">","limit":5,"weight":0},{"x":60,"y":119,"operator":">","limit":56,"weight":0},{"x":60,"y":140,"operator":">","limit":5,"weight":0},{"x":60,"y":154,"operator":">","limit":56,"weight":0},{"x":60,"y":155,"operator":">","limit":9,"weight":0},{"x":60,"y":178,"operator":">","limit":31,"weight":0},{"x":60,"y":179,"operator":">","limit":56,"weight":0},{"x":61,"y":63,"operator":">","limit":59,"weight":0},{"x":61,"y":90,"operator":">","limit":56,"weight":0},{"x":61,"y":91,"operator":">","limit":6,"weight":0},{"x":61,"y":118,"operator":">","limit":56,"weight":0},{"x":61,"y":119,"operator":">","limit":7,"weight":0},{"x":61,"y":154,"operator":">","limit":8,"weight":0},{"x":61,"y":155,"operator":">","limit":56,"weight":0},{"x":61,"y":178,"operator":">","limit":56,"weight":0},{"x":61,"y":179,"operator":">","limit":20,"weight":0},{"x":62,"y":63,"operator":"=","limit":238,"weight":0},{"x":62,"y":90,"operator":">","limit":5,"weight":0},{"x":62,"y":91,"operator":">","limit":56,"weight":0},{"x":62,"y":113,"operator":">","limit":5,"weight":0},{"x":62,"y":118,"operator":">","limit":5,"weight":0},{"x":62,"y":119,"operator":">","limit":56,"weight":0},{"x":62,"y":140,"operator":">","limit":5,"weight":0},{"x":62,"y":154,"operator":">","limit":56,"weight":0},{"x":62,"y":155,"operator":">","limit":9,"weight":0},{"x":62,"y":178,"operator":">","limit":31,"weight":0},{"x":62,"y":179,"operator":">","limit":56,"weight":0},{"x":63,"y":90,"operator":">","limit":56,"weight":0},{"x":63,"y":91,"operator":">","limit":6,"weight":0},{"x":63,"y":118,"operator":">","limit":56,"weight":0},{"x":63,"y":119,"operator":">","limit":7,"weight":0},{"x":63,"y":154,"operator":">","limit":8,"weight":0},{"x":63,"y":155,"operator":">","limit":56,"weight":0},{"x":63,"y":178,"operator":">","limit":56,"weight":0},{"x":63,"y":179,"operator":">","limit":19,"weight":0},{"x":64,"y":65,"operator":"=","limit":238,"weight":0},{"x":64,"y":66,"operator":">","limit":59,"weight":0},{"x":64,"y":67,"operator":">","limit":84,"weight":0},{"x":64,"y":168,"operator":">","limit":6,"weight":0},{"x":64,"y":169,"operator":">","limit":56,"weight":0},{"x":64,"y":174,"operator":">","limit":56,"weight":0},{"x":64,"y":175,"operator":">","limit":7,"weight":0},{"x":65,"y":66,"operator":">","limit":84,"weight":0},{"x":65,"y":67,"operator":">","limit":59,"weight":0},{"x":65,"y":168,"operator":">","limit":56,"weight":0},{"x":65,"y":169,"operator":">","limit":5,"weight":0},{"x":65,"y":174,"operator":">","limit":5,"weight":0},{"x":65,"y":175,"operator":">","limit":56,"weight":0},{"x":66,"y":67,"operator":"=","limit":238,"weight":0},{"x":66,"y":168,"operator":">","limit":6,"weight":0},{"x":66,"y":169,"operator":">","limit":54,"weight":0},{"x":66,"y":174,"operator":">","limit":56,"weight":0},{"x":66,"y":175,"operator":">","limit":7,"weight":0},{"x":67,"y":168,"operator":">","limit":54,"weight":0},{"x":67,"y":169,"operator":">","limit":5,"weight":0},{"x":67,"y":174,"operator":">","limit":5,"weight":0},{"x":67,"y":175,"operator":">","limit":56,"weight":0},{"x":68,"y":69,"operator":"=","limit":238,"weight":0},{"x":68,"y":76,"operator":">","limit":56,"weight":0},{"x":68,"y":77,"operator":">","limit":2,"weight":0},{"x":68,"y":110,"operator":">","limit":6,"weight":0},{"x":68,"y":111,"operator":">","limit":56,"weight":0},{"x":68,"y":142,"operator":">","limit":7,"weight":0},{"x":68,"y":143,"operator":">","limit":56,"weight":0},{"x":69,"y":76,"operator":">","limit":2,"weight":0},{"x":69,"y":77,"operator":">","limit":56,"weight":0},{"x":69,"y":97,"operator":">","limit":4,"weight":0},{"x":69,"y":110,"operator":">","limit":56,"weight":0},{"x":69,"y":111,"operator":">","limit":5,"weight":0},{"x":69,"y":120,"operator":">","limit":3,"weight":0},{"x":69,"y":142,"operator":">","limit":56,"weight":0},{"x":69,"y":143,"operator":">","limit":7,"weight":0},{"x":69,"y":144,"operator":">","limit":7,"weight":0},{"x":70,"y":71,"operator":"=","limit":238,"weight":0},{"x":70,"y":73,"operator":">","limit":84,"weight":0},{"x":70,"y":158,"operator":">","limit":56,"weight":0},{"x":70,"y":159,"operator":">","limit":4,"weight":0},{"x":70,"y":164,"operator":">","limit":56,"weight":0},{"x":70,"y":165,"operator":">","limit":7,"weight":0},{"x":70,"y":166,"operator":">","limit":56,"weight":0},{"x":70,"y":167,"operator":">","limit":7,"weight":0},{"x":71,"y":72,"operator":">","limit":84,"weight":0},{"x":71,"y":158,"operator":">","limit":8,"weight":0},{"x":71,"y":159,"operator":">","limit":56,"weight":0},{"x":71,"y":164,"operator":">","limit":9,"weight":0},{"x":71,"y":165,"operator":">","limit":56,"weight":0},{"x":71,"y":166,"operator":">","limit":9,"weight":0},{"x":71,"y":167,"operator":">","limit":56,"weight":0},{"x":72,"y":73,"operator":"=","limit":238,"weight":0},{"x":72,"y":158,"operator":">","limit":56,"weight":0},{"x":72,"y":159,"operator":">","limit":4,"weight":0},{"x":72,"y":164,"operator":">","limit":56,"weight":0},{"x":72,"y":165,"operator":">","limit":7,"weight":0},{"x":72,"y":166,"operator":">","limit":56,"weight":0},{"x":72,"y":167,"operator":">","limit":7,"weight":0},{"x":73,"y":158,"operator":">","limit":2,"weight":0},{"x":73,"y":159,"operator":">","limit":56,"weight":0},{"x":73,"y":164,"operator":">","limit":2,"weight":0},{"x":73,"y":165,"operator":">","limit":56,"weight":0},{"x":73,"y":166,"operator":">","limit":2,"weight":0},{"x":73,"y":167,"operator":">","limit":56,"weight":0},{"x":74,"y":75,"operator":"=","limit":238,"weight":0},{"x":74,"y":84,"operator":">","limit":56,"weight":0},{"x":74,"y":85,"operator":">","limit":2,"weight":0},{"x":74,"y":94,"operator":">","limit":20,"weight":0},{"x":74,"y":95,"operator":">","limit":56,"weight":0},{"x":74,"y":98,"operator":">","limit":2,"weight":0},{"x":74,"y":110,"operator":">","limit":2,"weight":0},{"x":74,"y":111,"operator":">","limit":56,"weight":0},{"x":74,"y":135,"operator":">","limit":56,"weight":0},{"x":74,"y":196,"operator":">","limit":56,"weight":0},{"x":74,"y":197,"operator":">","limit":2,"weight":0},{"x":75,"y":84,"operator":">","limit":2,"weight":0},{"x":75,"y":85,"operator":">","limit":56,"weight":0},{"x":75,"y":94,"operator":">","limit":56,"weight":0},{"x":75,"y":95,"operator":">","limit":7,"weight":0},{"x":75,"y":99,"operator":">","limit":2,"weight":0},{"x":75,"y":110,"operator":">","limit":56,"weight":0},{"x":75,"y":111,"operator":">","limit":2,"weight":0},{"x":75,"y":134,"operator":">","limit":56,"weight":0},{"x":75,"y":196,"operator":">","limit":2,"weight":0},{"x":75,"y":197,"operator":">","limit":56,"weight":0},{"x":76,"y":77,"operator":"=","limit":238,"weight":0},{"x":76,"y":110,"operator":">","limit":56,"weight":0},{"x":76,"y":111,"operator":">","limit":2,"weight":0},{"x":76,"y":142,"operator":">","limit":56,"weight":0},{"x":76,"y":143,"operator":">","limit":2,"weight":0},{"x":77,"y":110,"operator":">","limit":2,"weight":0},{"x":77,"y":111,"operator":">","limit":56,"weight":0},{"x":77,"y":142,"operator":">","limit":2,"weight":0},{"x":77,"y":143,"operator":">","limit":56,"weight":0},{"x":78,"y":79,"operator":"=","limit":238,"weight":0},{"x":78,"y":80,"operator":">","limit":2,"weight":0},{"x":78,"y":81,"operator":">","limit":56,"weight":0},{"x":78,"y":82,"operator":">","limit":2,"weight":0},{"x":78,"y":83,"operator":">","limit":56,"weight":0},{"x":79,"y":80,"operator":">","limit":56,"weight":0},{"x":79,"y":81,"operator":">","limit":2,"weight":0},{"x":79,"y":82,"operator":">","limit":56,"weight":0},{"x":79,"y":83,"operator":">","limit":2,"weight":0},{"x":80,"y":81,"operator":"=","limit":238,"weight":0},{"x":80,"y":82,"operator":">","limit":2,"weight":0},{"x":80,"y":83,"operator":">","limit":56,"weight":0},{"x":81,"y":82,"operator":">","limit":56,"weight":0},{"x":81,"y":83,"operator":">","limit":2,"weight":0},{"x":82,"y":83,"operator":"=","limit":238,"weight":0},{"x":84,"y":85,"operator":"=","limit":238,"weight":0},{"x":86,"y":87,"operator":"=","limit":238,"weight":0},{"x":86,"y":116,"operator":">","limit":56,"weight":0},{"x":86,"y":117,"operator":">","limit":2,"weight":0},{"x":87,"y":116,"operator":">","limit":2,"weight":0},{"x":87,"y":117,"operator":">","limit":56,"weight":0},{"x":88,"y":89,"operator":"=","limit":238,"weight":0},{"x":88,"y":102,"operator":">","limit":2,"weight":0},{"x":88,"y":103,"operator":">","limit":56,"weight":0},{"x":88,"y":126,"operator":">","limit":56,"weight":0},{"x":88,"y":127,"operator":">","limit":2,"weight":0},{"x":88,"y":158,"operator":">","limit":56,"weight":0},{"x":88,"y":159,"operator":">","limit":6,"weight":0},{"x":88,"y":160,"operator":">","limit":56,"weight":0},{"x":88,"y":161,"operator":">","limit":25,"weight":0},{"x":88,"y":162,"operator":">","limit":56,"weight":0},{"x":88,"y":163,"operator":">","limit":25,"weight":0},{"x":88,"y":182,"operator":">","limit":20,"weight":0},{"x":88,"y":183,"operator":">","limit":56,"weight":0},{"x":89,"y":102,"operator":">","limit":56,"weight":0},{"x":89,"y":103,"operator":">","limit":2,"weight":0},{"x":89,"y":126,"operator":">","limit":2,"weight":0},{"x":89,"y":127,"operator":">","limit":56,"weight":0},{"x":89,"y":158,"operator":">","limit":8,"weight":0},{"x":89,"y":159,"operator":">","limit":56,"weight":0},{"x":89,"y":160,"operator":">","limit":25,"weight":0},{"x":89,"y":161,"operator":">","limit":56,"weight":0},{"x":89,"y":162,"operator":">","limit":25,"weight":0},{"x":89,"y":163,"operator":">","limit":56,"weight":0},{"x":89,"y":182,"operator":">","limit":56,"weight":0},{"x":89,"y":183,"operator":">","limit":2,"weight":0},{"x":90,"y":91,"operator":"=","limit":238,"weight":0},{"x":90,"y":112,"operator":">","limit":2,"weight":0},{"x":90,"y":113,"operator":">","limit":56,"weight":0},{"x":90,"y":116,"operator":">","limit":2,"weight":0},{"x":90,"y":117,"operator":">","limit":56,"weight":0},{"x":90,"y":118,"operator":">","limit":2,"weight":0},{"x":90,"y":119,"operator":">","limit":56,"weight":0},{"x":90,"y":128,"operator":">","limit":2,"weight":0},{"x":90,"y":129,"operator":">","limit":56,"weight":0},{"x":90,"y":154,"operator":">","limit":84,"weight":0},{"x":90,"y":155,"operator":">","limit":54,"weight":0},{"x":90,"y":178,"operator":">","limit":23,"weight":0},{"x":90,"y":179,"operator":">","limit":56,"weight":0},{"x":90,"y":180,"operator":">","limit":2,"weight":0},{"x":90,"y":181,"operator":">","limit":42,"weight":0},{"x":91,"y":112,"operator":">","limit":56,"weight":0},{"x":91,"y":113,"operator":">","limit":2,"weight":0},{"x":91,"y":116,"operator":">","limit":56,"weight":0},{"x":91,"y":117,"operator":">","limit":2,"weight":0},{"x":91,"y":118,"operator":">","limit":56,"weight":0},{"x":91,"y":119,"operator":">","limit":2,"weight":0},{"x":91,"y":128,"operator":">","limit":56,"weight":0},{"x":91,"y":129,"operator":">","limit":2,"weight":0},{"x":91,"y":154,"operator":">","limit":54,"weight":0},{"x":91,"y":155,"operator":">","limit":84,"weight":0},{"x":91,"y":178,"operator":">","limit":56,"weight":0},{"x":91,"y":179,"operator":">","limit":14,"weight":0},{"x":91,"y":181,"operator":">","limit":2,"weight":0},{"x":92,"y":93,"operator":"=","limit":238,"weight":0},{"x":92,"y":96,"operator":">","limit":2,"weight":0},{"x":92,"y":97,"operator":">","limit":56,"weight":0},{"x":92,"y":120,"operator":">","limit":56,"weight":0},{"x":92,"y":121,"operator":">","limit":2,"weight":0},{"x":92,"y":122,"operator":">","limit":56,"weight":0},{"x":92,"y":123,"operator":">","limit":2,"weight":0},{"x":92,"y":144,"operator":">","limit":56,"weight":0},{"x":92,"y":145,"operator":">","limit":2,"weight":0},{"x":93,"y":96,"operator":">","limit":56,"weight":0},{"x":93,"y":97,"operator":">","limit":2,"weight":0},{"x":93,"y":120,"operator":">","limit":2,"weight":0},{"x":93,"y":121,"operator":">","limit":56,"weight":0},{"x":93,"y":122,"operator":">","limit":2,"weight":0},{"x":93,"y":123,"operator":">","limit":56,"weight":0},{"x":93,"y":144,"operator":">","limit":2,"weight":0},{"x":93,"y":145,"operator":">","limit":56,"weight":0},{"x":94,"y":95,"operator":"=","limit":238,"weight":0},{"x":94,"y":98,"operator":">","limit":2,"weight":0},{"x":94,"y":99,"operator":">","limit":56,"weight":0},{"x":94,"y":110,"operator":">","limit":2,"weight":0},{"x":94,"y":111,"operator":">","limit":56,"weight":0},{"x":94,"y":124,"operator":">","limit":2,"weight":0},{"x":94,"y":125,"operator":">","limit":56,"weight":0},{"x":94,"y":134,"operator":">","limit":2,"weight":0},{"x":94,"y":135,"operator":">","limit":56,"weight":0},{"x":94,"y":196,"operator":">","limit":56,"weight":0},{"x":94,"y":197,"operator":">","limit":2,"weight":0},{"x":95,"y":98,"operator":">","limit":42,"weight":0},{"x":95,"y":99,"operator":">","limit":2,"weight":0},{"x":95,"y":110,"operator":">","limit":56,"weight":0},{"x":95,"y":111,"operator":">","limit":2,"weight":0},{"x":95,"y":124,"operator":">","limit":56,"weight":0},{"x":95,"y":125,"operator":">","limit":2,"weight":0},{"x":95,"y":134,"operator":">","limit":56,"weight":0},{"x":95,"y":135,"operator":">","limit":2,"weight":0},{"x":95,"y":196,"operator":">","limit":2,"weight":0},{"x":95,"y":197,"operator":">","limit":56,"weight":0},{"x":96,"y":97,"operator":"=","limit":238,"weight":0},{"x":96,"y":104,"operator":">","limit":42,"weight":0},{"x":96,"y":105,"operator":">","limit":2,"weight":0},{"x":96,"y":106,"operator":">","limit":6,"weight":0},{"x":96,"y":107,"operator":">","limit":42,"weight":0},{"x":96,"y":120,"operator":">","limit":56,"weight":0},{"x":96,"y":121,"operator":">","limit":2,"weight":0},{"x":96,"y":144,"operator":">","limit":56,"weight":0},{"x":96,"y":145,"operator":">","limit":40,"weight":0},{"x":96,"y":170,"operator":">","limit":2,"weight":0},{"x":96,"y":171,"operator":">","limit":56,"weight":0},{"x":96,"y":178,"operator":">","limit":8,"weight":0},{"x":96,"y":179,"operator":">","limit":10,"weight":0},{"x":97,"y":104,"operator":">","limit":2,"weight":0},{"x":97,"y":105,"operator":">","limit":56,"weight":0},{"x":97,"y":106,"operator":">","limit":56,"weight":0},{"x":97,"y":107,"operator":">","limit":2,"weight":0},{"x":97,"y":120,"operator":">","limit":2,"weight":0},{"x":97,"y":121,"operator":">","limit":56,"weight":0},{"x":97,"y":144,"operator":">","limit":23,"weight":0},{"x":97,"y":145,"operator":">","limit":56,"weight":0},{"x":97,"y":146,"operator":">","limit":1,"weight":0},{"x":97,"y":170,"operator":">","limit":56,"weight":0},{"x":97,"y":171,"operator":">","limit":2,"weight":0},{"x":98,"y":99,"operator":"=","limit":238,"weight":0},{"x":98,"y":110,"operator":">","limit":2,"weight":0},{"x":98,"y":111,"operator":">","limit":42,"weight":0},{"x":98,"y":134,"operator":">","limit":2,"weight":0},{"x":98,"y":196,"operator":">","limit":42,"weight":0},{"x":98,"y":197,"operator":">","limit":9,"weight":0},{"x":99,"y":110,"operator":">","limit":56,"weight":0},{"x":99,"y":111,"operator":">","limit":2,"weight":0},{"x":99,"y":135,"operator":">","limit":2,"weight":0},{"x":99,"y":196,"operator":">","limit":11,"weight":0},{"x":100,"y":101,"operator":"=","limit":238,"weight":0},{"x":100,"y":134,"operator":">","limit":2,"weight":0},{"x":100,"y":135,"operator":">","limit":56,"weight":0},{"x":100,"y":136,"operator":">","limit":56,"weight":0},{"x":100,"y":137,"operator":">","limit":2,"weight":0},{"x":100,"y":195,"operator":">","limit":7,"weight":0},{"x":101,"y":134,"operator":">","limit":42,"weight":0},{"x":101,"y":135,"operator":">","limit":2,"weight":0},{"x":101,"y":136,"operator":">","limit":2,"weight":0},{"x":101,"y":137,"operator":">","limit":42,"weight":0},{"x":102,"y":103,"operator":"=","limit":238,"weight":0},{"x":102,"y":126,"operator":">","limit":2,"weight":0},{"x":102,"y":127,"operator":">","limit":56,"weight":0},{"x":102,"y":158,"operator":">","limit":56,"weight":0},{"x":102,"y":159,"operator":">","limit":21,"weight":0},{"x":102,"y":160,"operator":">","limit":56,"weight":0},{"x":102,"y":161,"operator":">","limit":23,"weight":0},{"x":102,"y":162,"operator":">","limit":56,"weight":0},{"x":102,"y":163,"operator":">","limit":23,"weight":0},{"x":103,"y":126,"operator":">","limit":56,"weight":0},{"x":103,"y":127,"operator":">","limit":2,"weight":0},{"x":103,"y":158,"operator":">","limit":26,"weight":0},{"x":103,"y":159,"operator":">","limit":56,"weight":0},{"x":103,"y":160,"operator":">","limit":25,"weight":0},{"x":103,"y":161,"operator":">","limit":56,"weight":0},{"x":103,"y":162,"operator":">","limit":25,"weight":0},{"x":103,"y":163,"operator":">","limit":56,"weight":0},{"x":104,"y":105,"operator":"=","limit":238,"weight":0},{"x":104,"y":106,"operator":">","limit":42,"weight":0},{"x":104,"y":107,"operator":">","limit":2,"weight":0},{"x":104,"y":170,"operator":">","limit":42,"weight":0},{"x":104,"y":171,"operator":">","limit":2,"weight":0},{"x":105,"y":106,"operator":">","limit":2,"weight":0},{"x":105,"y":107,"operator":">","limit":42,"weight":0},{"x":105,"y":170,"operator":">","limit":2,"weight":0},{"x":105,"y":178,"operator":">","limit":7,"weight":0},{"x":105,"y":179,"operator":">","limit":8,"weight":0},{"x":106,"y":107,"operator":"=","limit":238,"weight":0},{"x":106,"y":170,"operator":">","limit":10,"weight":0},{"x":106,"y":171,"operator":">","limit":56,"weight":0},{"x":106,"y":178,"operator":">","limit":10,"weight":0},{"x":107,"y":170,"operator":">","limit":42,"weight":0},{"x":107,"y":171,"operator":">","limit":9,"weight":0},{"x":108,"y":109,"operator":"=","limit":238,"weight":0},{"x":108,"y":114,"operator":">","limit":42,"weight":0},{"x":108,"y":115,"operator":">","limit":8,"weight":0},{"x":108,"y":132,"operator":">","limit":42,"weight":0},{"x":108,"y":133,"operator":">","limit":6,"weight":0},{"x":109,"y":114,"operator":">","limit":7,"weight":0},{"x":109,"y":115,"operator":">","limit":56,"weight":0},{"x":109,"y":132,"operator":">","limit":7,"weight":0},{"x":110,"y":111,"operator":"=","limit":238,"weight":0},{"x":110,"y":134,"operator":">","limit":2,"weight":0},{"x":110,"y":135,"operator":">","limit":56,"weight":0},{"x":110,"y":142,"operator":">","limit":2,"weight":0},{"x":110,"y":143,"operator":">","limit":56,"weight":0},{"x":110,"y":178,"operator":">","limit":7,"weight":0},{"x":110,"y":196,"operator":">","limit":56,"weight":0},{"x":110,"y":197,"operator":">","limit":2,"weight":0},{"x":111,"y":134,"operator":">","limit":56,"weight":0},{"x":111,"y":135,"operator":">","limit":2,"weight":0},{"x":111,"y":142,"operator":">","limit":56,"weight":0},{"x":111,"y":143,"operator":">","limit":2,"weight":0},{"x":111,"y":196,"operator":">","limit":2,"weight":0},{"x":111,"y":197,"operator":">","limit":56,"weight":0},{"x":112,"y":113,"operator":"=","limit":238,"weight":0},{"x":112,"y":116,"operator":">","limit":2,"weight":0},{"x":112,"y":117,"operator":">","limit":56,"weight":0},{"x":112,"y":128,"operator":">","limit":2,"weight":0},{"x":112,"y":129,"operator":">","limit":56,"weight":0},{"x":112,"y":140,"operator":">","limit":56,"weight":0},{"x":112,"y":141,"operator":">","limit":2,"weight":0},{"x":112,"y":154,"operator":">","limit":56,"weight":0},{"x":112,"y":155,"operator":">","limit":9,"weight":0},{"x":112,"y":178,"operator":">","limit":10,"weight":0},{"x":112,"y":180,"operator":">","limit":2,"weight":0},{"x":112,"y":181,"operator":">","limit":42,"weight":0},{"x":113,"y":116,"operator":">","limit":56,"weight":0},{"x":113,"y":117,"operator":">","limit":2,"weight":0},{"x":113,"y":128,"operator":">","limit":56,"weight":0},{"x":113,"y":129,"operator":">","limit":2,"weight":0},{"x":113,"y":140,"operator":">","limit":2,"weight":0},{"x":113,"y":141,"operator":">","limit":56,"weight":0},{"x":113,"y":154,"operator":">","limit":9,"weight":0},{"x":113,"y":155,"operator":">","limit":56,"weight":0},{"x":113,"y":178,"operator":">","limit":13,"weight":0},{"x":113,"y":179,"operator":">","limit":12,"weight":0},{"x":113,"y":180,"operator":">","limit":56,"weight":0},{"x":113,"y":181,"operator":">","limit":2,"weight":0},{"x":114,"y":115,"operator":"=","limit":238,"weight":0},{"x":114,"y":120,"operator":">","limit":2,"weight":0},{"x":114,"y":121,"operator":">","limit":56,"weight":0},{"x":114,"y":132,"operator":">","limit":2,"weight":0},{"x":114,"y":133,"operator":">","limit":56,"weight":0},{"x":115,"y":120,"operator":">","limit":56,"weight":0},{"x":115,"y":121,"operator":">","limit":2,"weight":0},{"x":115,"y":132,"operator":">","limit":56,"weight":0},{"x":115,"y":133,"operator":">","limit":2,"weight":0},{"x":116,"y":117,"operator":"=","limit":238,"weight":0},{"x":116,"y":128,"operator":">","limit":2,"weight":0},{"x":116,"y":129,"operator":">","limit":56,"weight":0},{"x":116,"y":154,"operator":">","limit":56,"weight":0},{"x":116,"y":155,"operator":">","limit":9,"weight":0},{"x":116,"y":178,"operator":">","limit":10,"weight":0},{"x":116,"y":179,"operator":">","limit":11,"weight":0},{"x":116,"y":180,"operator":">","limit":2,"weight":0},{"x":116,"y":181,"operator":">","limit":42,"weight":0},{"x":117,"y":128,"operator":">","limit":56,"weight":0},{"x":117,"y":129,"operator":">","limit":2,"weight":0},{"x":117,"y":154,"operator":">","limit":9,"weight":0},{"x":117,"y":155,"operator":">","limit":56,"weight":0},{"x":117,"y":179,"operator":">","limit":10,"weight":0},{"x":117,"y":180,"operator":">","limit":56,"weight":0},{"x":117,"y":181,"operator":">","limit":2,"weight":0},{"x":118,"y":119,"operator":"=","limit":238,"weight":0},{"x":118,"y":154,"operator":">","limit":56,"weight":0},{"x":118,"y":155,"operator":">","limit":11,"weight":0},{"x":118,"y":170,"operator":">","limit":56,"weight":0},{"x":118,"y":171,"operator":">","limit":2,"weight":0},{"x":118,"y":178,"operator":">","limit":27,"weight":0},{"x":118,"y":179,"operator":">","limit":56,"weight":0},{"x":119,"y":154,"operator":">","limit":10,"weight":0},{"x":119,"y":155,"operator":">","limit":56,"weight":0},{"x":119,"y":170,"operator":">","limit":2,"weight":0},{"x":119,"y":171,"operator":">","limit":56,"weight":0},{"x":119,"y":178,"operator":">","limit":56,"weight":0},{"x":119,"y":179,"operator":">","limit":17,"weight":0},{"x":120,"y":121,"operator":"=","limit":238,"weight":0},{"x":120,"y":144,"operator":">","limit":2,"weight":0},{"x":120,"y":145,"operator":">","limit":56,"weight":0},{"x":121,"y":144,"operator":">","limit":56,"weight":0},{"x":121,"y":145,"operator":">","limit":2,"weight":0},{"x":122,"y":123,"operator":"=","limit":238,"weight":0},{"x":124,"y":125,"operator":"=","limit":238,"weight":0},{"x":126,"y":127,"operator":"=","limit":238,"weight":0},{"x":126,"y":159,"operator":">","limit":5,"weight":0},{"x":126,"y":160,"operator":">","limit":10,"weight":0},{"x":126,"y":161,"operator":">","limit":5,"weight":0},{"x":126,"y":162,"operator":">","limit":10,"weight":0},{"x":126,"y":163,"operator":">","limit":5,"weight":0},{"x":126,"y":182,"operator":">","limit":56,"weight":0},{"x":126,"y":183,"operator":">","limit":2,"weight":0},{"x":127,"y":161,"operator":">","limit":20,"weight":0},{"x":127,"y":163,"operator":">","limit":20,"weight":0},{"x":127,"y":182,"operator":">","limit":2,"weight":0},{"x":127,"y":183,"operator":">","limit":56,"weight":0},{"x":128,"y":129,"operator":"=","limit":238,"weight":0},{"x":128,"y":154,"operator":">","limit":56,"weight":0},{"x":128,"y":155,"operator":">","limit":2,"weight":0},{"x":128,"y":172,"operator":">","limit":56,"weight":0},{"x":128,"y":173,"operator":">","limit":2,"weight":0},{"x":128,"y":176,"operator":">","limit":2,"weight":0},{"x":128,"y":177,"operator":">","limit":56,"weight":0},{"x":128,"y":179,"operator":">","limit":8,"weight":0},{"x":128,"y":180,"operator":">","limit":28,"weight":0},{"x":128,"y":181,"operator":">","limit":42,"weight":0},{"x":129,"y":154,"operator":">","limit":2,"weight":0},{"x":129,"y":155,"operator":">","limit":56,"weight":0},{"x":129,"y":172,"operator":">","limit":2,"weight":0},{"x":129,"y":173,"operator":">","limit":56,"weight":0},{"x":129,"y":176,"operator":">","limit":42,"weight":0},{"x":129,"y":177,"operator":">","limit":2,"weight":0},{"x":129,"y":178,"operator":">","limit":8,"weight":0},{"x":129,"y":179,"operator":">","limit":10,"weight":0},{"x":129,"y":180,"operator":">","limit":56,"weight":0},{"x":129,"y":181,"operator":">","limit":25,"weight":0},{"x":130,"y":131,"operator":"=","limit":238,"weight":0},{"x":130,"y":132,"operator":">","limit":2,"weight":0},{"x":130,"y":133,"operator":">","limit":56,"weight":0},{"x":130,"y":156,"operator":">","limit":8,"weight":0},{"x":131,"y":132,"operator":">","limit":56,"weight":0},{"x":131,"y":133,"operator":">","limit":2,"weight":0},{"x":131,"y":156,"operator":">","limit":12,"weight":0},{"x":132,"y":133,"operator":"=","limit":238,"weight":0},{"x":133,"y":156,"operator":">","limit":7,"weight":0},{"x":134,"y":135,"operator":"=","limit":238,"weight":0},{"x":134,"y":136,"operator":">","limit":56,"weight":0},{"x":134,"y":137,"operator":">","limit":2,"weight":0},{"x":134,"y":196,"operator":">","limit":56,"weight":0},{"x":134,"y":197,"operator":">","limit":2,"weight":0},{"x":135,"y":136,"operator":">","limit":2,"weight":0},{"x":135,"y":137,"operator":">","limit":56,"weight":0},{"x":135,"y":196,"operator":">","limit":23,"weight":0},{"x":135,"y":197,"operator":">","limit":56,"weight":0},{"x":136,"y":137,"operator":"=","limit":238,"weight":0},{"x":138,"y":139,"operator":"=","limit":238,"weight":0},{"x":138,"y":140,"operator":">","limit":2,"weight":0},{"x":138,"y":141,"operator":">","limit":56,"weight":0},{"x":138,"y":179,"operator":">","limit":10,"weight":0},{"x":139,"y":140,"operator":">","limit":56,"weight":0},{"x":139,"y":141,"operator":">","limit":2,"weight":0},{"x":139,"y":179,"operator":">","limit":9,"weight":0},{"x":140,"y":141,"operator":"=","limit":238,"weight":0},{"x":140,"y":178,"operator":">","limit":13,"weight":0},{"x":140,"y":179,"operator":">","limit":12,"weight":0},{"x":141,"y":178,"operator":">","limit":14,"weight":0},{"x":142,"y":143,"operator":"=","limit":238,"weight":0},{"x":142,"y":144,"operator":">","limit":2,"weight":0},{"x":142,"y":145,"operator":">","limit":56,"weight":0},{"x":142,"y":178,"operator":">","limit":8,"weight":0},{"x":143,"y":144,"operator":">","limit":56,"weight":0},{"x":143,"y":145,"operator":">","limit":2,"weight":0},{"x":143,"y":178,"operator":">","limit":7,"weight":0},{"x":144,"y":145,"operator":"=","limit":238,"weight":0},{"x":145,"y":178,"operator":">","limit":7,"weight":0},{"x":146,"y":147,"operator":"=","limit":238,"weight":0},{"x":146,"y":150,"operator":">","limit":2,"weight":0},{"x":146,"y":151,"operator":">","limit":3,"weight":0},{"x":147,"y":150,"operator":">","limit":2,"weight":0},{"x":147,"y":151,"operator":">","limit":28,"weight":0},{"x":148,"y":149,"operator":"=","limit":238,"weight":0},{"x":150,"y":151,"operator":"=","limit":238,"weight":0},{"x":152,"y":153,"operator":"=","limit":238,"weight":0},{"x":152,"y":168,"operator":">","limit":2,"weight":0},{"x":152,"y":172,"operator":">","limit":56,"weight":0},{"x":152,"y":173,"operator":">","limit":5,"weight":0},{"x":153,"y":168,"operator":">","limit":28,"weight":0},{"x":153,"y":169,"operator":">","limit":2,"weight":0},{"x":153,"y":172,"operator":">","limit":10,"weight":0},{"x":153,"y":173,"operator":">","limit":28,"weight":0},{"x":154,"y":155,"operator":"=","limit":238,"weight":0},{"x":154,"y":178,"operator":">","limit":56,"weight":0},{"x":154,"y":179,"operator":">","limit":12,"weight":0},{"x":154,"y":181,"operator":">","limit":7,"weight":0},{"x":155,"y":178,"operator":">","limit":20,"weight":0},{"x":155,"y":179,"operator":">","limit":56,"weight":0},{"x":155,"y":180,"operator":">","limit":8,"weight":0},{"x":156,"y":157,"operator":"=","limit":238,"weight":0},{"x":158,"y":159,"operator":"=","limit":238,"weight":0},{"x":158,"y":160,"operator":">","limit":12,"weight":0},{"x":158,"y":161,"operator":">","limit":56,"weight":0},{"x":158,"y":162,"operator":">","limit":12,"weight":0},{"x":158,"y":163,"operator":">","limit":56,"weight":0},{"x":158,"y":164,"operator":">","limit":12,"weight":0},{"x":158,"y":165,"operator":">","limit":56,"weight":0},{"x":158,"y":166,"operator":">","limit":12,"weight":0},{"x":158,"y":167,"operator":">","limit":56,"weight":0},{"x":159,"y":160,"operator":">","limit":56,"weight":0},{"x":159,"y":161,"operator":">","limit":8,"weight":0},{"x":159,"y":162,"operator":">","limit":56,"weight":0},{"x":159,"y":163,"operator":">","limit":8,"weight":0},{"x":159,"y":164,"operator":">","limit":56,"weight":0},{"x":159,"y":165,"operator":">","limit":11,"weight":0},{"x":159,"y":166,"operator":">","limit":56,"weight":0},{"x":159,"y":167,"operator":">","limit":11,"weight":0},{"x":160,"y":161,"operator":"=","limit":238,"weight":0},{"x":160,"y":162,"operator":">","limit":59,"weight":0},{"x":160,"y":163,"operator":">","limit":84,"weight":0},{"x":160,"y":164,"operator":">","limit":56,"weight":0},{"x":160,"y":165,"operator":">","limit":7,"weight":0},{"x":160,"y":166,"operator":">","limit":56,"weight":0},{"x":160,"y":167,"operator":">","limit":7,"weight":0},{"x":161,"y":162,"operator":">","limit":84,"weight":0},{"x":161,"y":163,"operator":">","limit":59,"weight":0},{"x":161,"y":164,"operator":">","limit":3,"weight":0},{"x":161,"y":165,"operator":">","limit":56,"weight":0},{"x":161,"y":166,"operator":">","limit":3,"weight":0},{"x":161,"y":167,"operator":">","limit":56,"weight":0},{"x":161,"y":182,"operator":">","limit":4,"weight":0},{"x":162,"y":163,"operator":"=","limit":238,"weight":0},{"x":162,"y":164,"operator":">","limit":56,"weight":0},{"x":162,"y":165,"operator":">","limit":7,"weight":0},{"x":162,"y":166,"operator":">","limit":56,"weight":0},{"x":162,"y":167,"operator":">","limit":7,"weight":0},{"x":163,"y":164,"operator":">","limit":3,"weight":0},{"x":163,"y":165,"operator":">","limit":56,"weight":0},{"x":163,"y":166,"operator":">","limit":3,"weight":0},{"x":163,"y":167,"operator":">","limit":56,"weight":0},{"x":163,"y":182,"operator":">","limit":4,"weight":0},{"x":164,"y":165,"operator":"=","limit":238,"weight":0},{"x":164,"y":166,"operator":">","limit":59,"weight":0},{"x":164,"y":167,"operator":">","limit":84,"weight":0},{"x":164,"y":183,"operator":">","limit":9,"weight":0},{"x":165,"y":166,"operator":">","limit":84,"weight":0},{"x":165,"y":167,"operator":">","limit":59,"weight":0},{"x":166,"y":167,"operator":"=","limit":238,"weight":0},{"x":166,"y":183,"operator":">","limit":9,"weight":0},{"x":168,"y":169,"operator":"=","limit":238,"weight":0},{"x":168,"y":172,"operator":">","limit":56,"weight":0},{"x":168,"y":173,"operator":">","limit":2,"weight":0},{"x":168,"y":174,"operator":">","limit":56,"weight":0},{"x":168,"y":175,"operator":">","limit":2,"weight":0},{"x":169,"y":172,"operator":">","limit":2,"weight":0},{"x":169,"y":173,"operator":">","limit":56,"weight":0},{"x":169,"y":174,"operator":">","limit":2,"weight":0},{"x":169,"y":175,"operator":">","limit":56,"weight":0},{"x":170,"y":171,"operator":"=","limit":238,"weight":0},{"x":170,"y":178,"operator":">","limit":10,"weight":0},{"x":171,"y":178,"operator":">","limit":10,"weight":0},{"x":171,"y":179,"operator":">","limit":10,"weight":0},{"x":172,"y":173,"operator":"=","limit":238,"weight":0},{"x":172,"y":176,"operator":">","limit":42,"weight":0},{"x":172,"y":177,"operator":">","limit":13,"weight":0},{"x":172,"y":178,"operator":">","limit":8,"weight":0},{"x":172,"y":179,"operator":">","limit":9,"weight":0},{"x":173,"y":176,"operator":">","limit":13,"weight":0},{"x":173,"y":177,"operator":">","limit":56,"weight":0},{"x":174,"y":175,"operator":"=","limit":238,"weight":0},{"x":176,"y":177,"operator":"=","limit":238,"weight":0},{"x":176,"y":178,"operator":">","limit":7,"weight":0},{"x":178,"y":179,"operator":"=","limit":238,"weight":0},{"x":178,"y":180,"operator":">","limit":9,"weight":0},{"x":178,"y":181,"operator":">","limit":9,"weight":0},{"x":178,"y":185,"operator":">","limit":10,"weight":0},{"x":178,"y":186,"operator":">","limit":10,"weight":0},{"x":178,"y":187,"operator":">","limit":8,"weight":0},{"x":178,"y":188,"operator":">","limit":8,"weight":0},{"x":178,"y":189,"operator":">","limit":7,"weight":0},{"x":178,"y":190,"operator":">","limit":7,"weight":0},{"x":178,"y":194,"operator":">","limit":8,"weight":0},{"x":178,"y":195,"operator":">","limit":8,"weight":0},{"x":178,"y":197,"operator":">","limit":8,"weight":0},{"x":179,"y":180,"operator":">","limit":10,"weight":0},{"x":179,"y":183,"operator":">","limit":7,"weight":0},{"x":179,"y":184,"operator":">","limit":9,"weight":0},{"x":179,"y":185,"operator":">","limit":8,"weight":0},{"x":179,"y":187,"operator":">","limit":7,"weight":0},{"x":179,"y":188,"operator":">","limit":7,"weight":0},{"x":179,"y":193,"operator":">","limit":8,"weight":0},{"x":179,"y":194,"operator":">","limit":7,"weight":0},{"x":179,"y":195,"operator":">","limit":9,"weight":0},{"x":179,"y":197,"operator":">","limit":9,"weight":0},{"x":180,"y":181,"operator":"=","limit":238,"weight":0},{"x":182,"y":183,"operator":"=","limit":238,"weight":0},{"x":182,"y":184,"operator":">","limit":56,"weight":0},{"x":182,"y":185,"operator":">","limit":2,"weight":0},{"x":183,"y":184,"operator":">","limit":2,"weight":0},{"x":183,"y":185,"operator":">","limit":56,"weight":0},{"x":184,"y":185,"operator":"=","limit":238,"weight":0},{"x":184,"y":186,"operator":">","limit":56,"weight":0},{"x":184,"y":187,"operator":">","limit":2,"weight":0},{"x":185,"y":186,"operator":">","limit":2,"weight":0},{"x":185,"y":187,"operator":">","limit":56,"weight":0},{"x":186,"y":187,"operator":"=","limit":238,"weight":0},{"x":186,"y":188,"operator":">","limit":56,"weight":0},{"x":186,"y":189,"operator":">","limit":2,"weight":0},{"x":187,"y":188,"operator":">","limit":2,"weight":0},{"x":187,"y":189,"operator":">","limit":56,"weight":0},{"x":188,"y":189,"operator":"=","limit":238,"weight":0},{"x":188,"y":190,"operator":">","limit":56,"weight":0},{"x":188,"y":191,"operator":">","limit":2,"weight":0},{"x":189,"y":190,"operator":">","limit":2,"weight":0},{"x":189,"y":191,"operator":">","limit":56,"weight":0},{"x":190,"y":191,"operator":"=","limit":238,"weight":0},{"x":190,"y":192,"operator":">","limit":56,"weight":0},{"x":190,"y":193,"operator":">","limit":2,"weight":0},{"x":191,"y":192,"operator":">","limit":2,"weight":0},{"x":191,"y":193,"operator":">","limit":56,"weight":0},{"x":192,"y":193,"operator":"=","limit":238,"weight":0},{"x":192,"y":194,"operator":">","limit":56,"weight":0},{"x":192,"y":195,"operator":">","limit":2,"weight":0},{"x":193,"y":194,"operator":">","limit":2,"weight":0},{"x":193,"y":195,"operator":">","limit":56,"weight":0},{"x":194,"y":195,"operator":"=","limit":238,"weight":0},{"x":194,"y":196,"operator":">","limit":2,"weight":0},{"x":194,"y":197,"operator":">","limit":56,"weight":0},{"x":195,"y":196,"operator":">","limit":56,"weight":0},{"x":195,"y":197,"operator":">","limit":2,"weight":0},{"x":196,"y":197,"operator":"=","limit":238,"weight":0},{"x":198,"y":199,"operator":"=","limit":238,"weight":0}],"interferenceCosts":[0,1000,100,10,1],"mobilityCosts":[0,1000,100,10,1]}