{"domains":[null,[16,30,44,58,72,86,100,114,128,142,156,254,268,282,296,310,324,338,352,366,380,394,414,428,442,456,470,484,498,512,526,540,554,652,666,680,694,708,722,736,750,764,778,792],[30,58,86,114,142,268,296,324,352,380,414,442,470,498,526,554,652,680,708,736,764,792],[30,44,58,72,86,100,114,128,142,268,282,296,310,324,338,352,366,380,428,442,456,470,484,498,512,526,540,666,680,694,708,722,736,750,764,778],[16,30,58,86,114,142,254,268,296,324,352,380,414,442,470,498,526,554,652,680,708,736,764,792],[142,170,240,380,408,478],[30,44,58,72,86,100,114,128,142,156,268,282,296,310,324,338,352,366,380,394,414,428,442,456,470,484,498,512,526,540,554,652,666,680,694,708,722,736,750,764,778,792],[16,30,44,58,72,86,100,114,128,142,156,254,268,282,296,310,324,338,352,366,380,394]],"vars":[{"domain":6,"value":null,"mobility":null},{"domain":6,"value":null,"mobility":null},{"domain":1,"value":null,"mobility":null},{"domain":1,"value":null,"mobility":null},{"domain":7,"value":null,"mobility":null},{"domain":7,"value":null,"mobility":null},{"domain":5,"value":null,"mobility":null},{"domain":5,"value":null,"mobility":null},{"domain":5,"value":null,"mobility":null},{"domain":5,"value":null,"mobility":null},{"domain":1,"value":null,"mobility":null},{"domain":1,"value":null,"mobility":null},{"domain":1,"value":null,"mobility":null},{"domain":1,"value":null,"mobility":null},{"domain":6,"value":null,"mobility":null},{"domain":6,"value":null,"mobility":null},{"domain":7,"value":null,"mobility":null},{"domain":7,"value":null,"mobility":null},{"domain":1,"value":null,"mobility":null},{"domain":1,"value":null,"mobility":null},{"domain":3,"value":null,"mobility":null},{"domain":3,"value":null,"mobility":null},{"domain":5,"value":null,"mobility":null},{"domain":5,"value":null,"mobility":null},{"domain":1,"value":null,"mobility":null},{"domain":1,"value":null,"mobility":null},{"domain":3,"value":null,"mobility":null},{"domain":3,"value":null,"mobility":null},{"domain":3,"value":null,"mobility":null},{"domain":3,"value":null,"mobility":null},{"domain":1,"value":null,"mobility":null},{"domain":1,"value":null,"mobility":null},{"domain":1,"value":null,"mobility":null},{"domain":1,"value":null,"mobility":null},{"domain":1,"value":null,"mobility":null},{"domain":1,"value":null,"mobility":null},{"domain":1,"value":null,"mobility":null},{"domain":1,"value":null,"mobility":null},{"domain":1,"value":null,"mobility":null},{"domain":1,"value":null,"mobility":null},{"domain":6,"value":null,"mobility":null},{"domain":6,"value":null,"mobility":null},{"domain":3,"value":null,"mobility":null},{"domain":3,"value":null,"mobility":null},{"domain":1,"value":null,"mobility":null},{"domain":1,"value":null,"mobility":null},{"domain":3,"value":null,"mobility":null},{"domain":3,"value":null,"mobility":null},{"domain":3,"value":null,"mobility":null},{"domain":3,"value":null,"mobility":null},{"domain":3,"value":null,"mobility":null},{"domain":3,"value":null,"mobility":null},{"domain":6,"value":null,"mobility":null},{"domain":6,"value":null,"mobility":null},{"domain":1,"value":null,"mobility":null},{"domain":1,"value":null,"mobility":null},{"domain":6,"value":null,"mobility":null},{"domain":6,"value":null,"mobility":null},{"domain":3,"value":null,"mobility":null},{"domain":3,"value":null,"mobility":null},{"domain":3,"value":null,"mobility":null},{"domain":3,"value":null,"mobility":null},{"domain":6,"value":null,"mobility":null},{"domain":6,"value":null,"mobility":null},{"domain":1,"value":null,"mobility":null},{"domain":1,"value":null,"mobility":null},{"domain":3,"value":null,"mobility":null},{"domain":3,"value":null,"mobility":null},{"domain":3,"value":null,"mobility":null},{"domain":3,"value":null,"mobility":null},{"domain":6,"value":null,"mobility":null},{"domain":6,"value":null,"mobility":null},{"domain":5,"value":null,"mobility":null},{"domain":5,"value":null,"mobility":null},{"domain":6,"value":null,"mobility":null},{"domain":6,"value":null,"mobility":null},{"domain":6,"value":null,"mobility":null},{"domain":6,"value":null,"mobility":null},{"domain":1,"value":null,"mobility":null},{"domain":1,"value":null,"mobility":null},{"domain":3,"value":null,"mobility":null},{"domain":3,"value":null,"mobility":null},{"domain":7,"value":null,"mobility":null},{"domain":7,"value":null,"mobility":null},{"domain":1,"value":null,"mobility":null},{"domain":1,"value":null,"mobility":null},{"domain":1,"value":null,"mobility":null},{"domain":1,"value":null,"mobility":null},{"domain":1,"value":null,"mobility":null},{"domain":1,"value":null,"mobility":null},{"domain":1,"value":null,"mobility":null},{"domain":1,"value":null,"mobility":null},{"domain":1,"value":null,"mobility":null},{"domain":1,"value":null,"mobility":null},{"domain":3,"value":null,"mobility":null},{"domain":3,"value":null,"mobility":null},{"domain":5,"value":null,"mobility":null},{"domain":5,"value":null,"mobility":null},{"domain":6,"value":null,"mobility":null},{"domain":6,"value":null,"mobility":null},{"domain":1,"value":null,"mobility":null},{"domain":1,"value":null,"mobility":null},{"domain":3,"value":null,"mobility":null},{"domain":3,"value":null,"mobility":null},{"domain":3,"value":null,"mobility":null},{"domain":3,"value":null,"mobility":null},{"domain":4,"value":null,"mobility":null},{"domain":4,"value":null,"mobility":null},{"domain":1,"value":null,"mobility":null},{"domain":1,"value":null,"mobility":null},{"domain":1,"value":null,"mobility":null},{"domain":1,"value":null,"mobility":null},{"domain":1,"value":null,"mobility":null},{"domain":1,"value":null,"mobility":null},{"domain":1,"value":null,"mobility":null},{"domain":1,"value":null,"mobility":null},{"domain":3,"value":null,"mobility":null},{"domain":3,"value":null,"mobility":null},{"domain":1,"value":null,"mobility":null},{"domain":1,"value":null,"mobility":null},{"domain":5,"value":null,"mobility":null},{"domain":5,"value":null,"mobility":null},{"domain":5,"value":null,"mobility":null},{"domain":5,"value":null,"mobility":null},{"domain":6,"value":null,"mobility":null},{"domain":6,"value":null,"mobility":null},{"domain":3,"value":null,"mobility":null},{"domain":3,"value":null,"mobility":null},{"domain":3,"value":null,"mobility":null},{"domain":3,"value":null,"mobility":null},{"domain":1,"value":null,"mobility":null},{"domain":1,"value":null,"mobility":null},{"domain":3,"value":null,"mobility":null},{"domain":3,"value":null,"mobility":null},{"domain":5,"value":null,"mobility":null},{"domain":5,"value":null,"mobility":null},{"domain":6,"value":null,"mobility":null},{"domain":6,"value":null,"mobility":null},{"domain":1,"value":null,"mobility":null},{"domain":1,"value":null,"mobility":null},{"domain":6,"value":null,"mobility":null},{"domain":6,"value":null,"mobility":null},{"domain":1,"value":null,"mobility":null},{"domain":1,"value":null,"mobility":null},{"domain":6,"value":null,"mobility":null},{"domain":6,"value":null,"mobility":null},{"domain":1,"value":null,"mobility":null},{"domain":1,"value":null,"mobility":null},{"domain":1,"value":null,"mobility":null},{"domain":1,"value":null,"mobility":null},{"domain":6,"value":null,"mobility":null},{"domain":6,"value":null,"mobility":null},{"domain":1,"value":null,"mobility":null},{"domain":1,"value":null,"mobility":null},{"domain":1,"value":null,"mobility":null},{"domain":1,"value":null,"mobility":null},{"domain":6,"value":null,"mobility":null},{"domain":6,"value":null,"mobility":null},{"domain":3,"value":null,"mobility":null},{"domain":3,"value":null,"mobility":null},{"domain":7,"value":null,"mobility":null},{"domain":7,"value":null,"mobility":null},{"domain":6,"value":null,"mobility":null},{"domain":6,"value":null,"mobility":null},{"domain":1,"value":null,"mobility":null},{"domain":1,"value":null,"mobility":null},{"domain":3,"value":null,"mobility":null},{"domain":3,"value":null,"mobility":null},{"domain":6,"value":null,"mobility":null},{"domain":6,"value":null,"mobility":null},{"domain":6,"value":null,"mobility":null},{"domain":6,"value":null,"mobility":null},{"domain":1,"value":null,"mobility":null},{"domain":1,"value":null,"mobility":null},{"domain":6,"value":null,"mobility":null},{"domain":6,"value":null,"mobility":null},{"domain":4,"value":null,"mobility":null},{"domain":4,"value":null,"mobility":null},{"domain":6,"value":null,"mobility":null},{"domain":6,"value":null,"mobility":null},{"domain":1,"value":null,"mobility":null},{"domain":1,"value":null,"mobility":null},{"domain":6,"value":null,"mobility":null},{"domain":6,"value":null,"mobility":null},{"domain":6,"value":null,"mobility":null},{"domain":6,"value":null,"mobility":null},{"domain":1,"value":null,"mobility":null},{"domain":1,"value":null,"mobility":null},{"domain":1,"value":null,"mobility":null},{"domain":1,"value":null,"mobility":null},{"domain":1,"value":null,"mobility":null},{"domain":1,"value":null,"mobility":null},{"domain":5,"value":null,"mobility":null},{"domain":5,"value":null,"mobility":null},{"domain":3,"value":null,"mobility":null},{"domain":3,"value":null,"mobility":null},{"domain":1,"value":null,"mobility":null},{"domain":1,"value":null,"mobility":null},{"domain":1,"value":null,"mobility":null},{"domain":1,"value":null,"mobility":null}],"ctrs":[{"x":0,"y":1,"operator":"=","limit":238,"weight":0},{"x":0,"y":37,"operator":">","limit":277,"weight":3},{"x":0,"y":40,"operator":">","limit":157,"weight":2},{"x":0,"y":45,"operator":">","limit":290,"weight":3},{"x":0,"y":112,"operator":">","limit":68,"weight":2},{"x":0,"y":197,"operator":">","limit":190,"weight":3},{"x":0,"y":198,"operator":">","limit":40,"weight":4},{"x":0,"y":199,"operator":">","limit":195,"weight":2},{"x":1,"y":36,"operator":">","limit":133,"weight":2},{"x":1,"y":40,"operator":">","limit":199,"weight":1},{"x":1,"y":42,"operator":">","limit":191,"weight":2},{"x":1,"y":43,"operator":">","limit":143,"weight":2},{"x":1,"y":45,"operator":">","limit":51,"weight":2},{"x":1,"y":72,"operator":">","limit":51,"weight":2},{"x":1,"y":73,"operator":">","limit":176,"weight":3},{"x":2,"y":3,"operator":"=","limit":238,"weight":0},{"x":2,"y":5,"operator":">","limit":185,"weight":4},{"x":2,"y":6,"operator":">","limit":170,"weight":4},{"x":2,"y":8,"operator":">","limit":180,"weight":2},{"x":2,"y":9,"operator":">","limit":109,"weight":2},{"x":2,"y":30,"operator":">","limit":392,"weight":1},{"x":2,"y":35,"operator":">","limit":133,"weight":2},{"x":2,"y":68,"operator":">","limit":26,"weight":2},{"x":3,"y":7,"operator":">","limit":70,"weight":1},{"x":3,"y":12,"operator":">","limit":194,"weight":2},{"x":3,"y":13,"operator":">","limit":41,"weight":3},{"x":3,"y":30,"operator":">","limit":372,"weight":1},{"x":3,"y":34,"operator":">","limit":167,"weight":2},{"x":3,"y":35,"operator":">","limit":65,"weight":4},{"x":3,"y":60,"operator":">","limit":130,"weight":4},{"x":3,"y":68,"operator":">","limit":205,"weight":1},{"x":3,"y":69,"operator":">","limit":27,"weight":3},{"x":4,"y":5,"operator":"=","limit":238,"weight":0},{"x":4,"y":7,"operator":">","limit":276,"weight":2},{"x":4,"y":24,"operator":">","limit":141,"weight":2},{"x":4,"y":25,"operator":">","limit":181,"weight":2},{"x":5,"y":6,"operator":">","limit":68,"weight":2},{"x":5,"y":7,"operator":">","limit":162,"weight":2},{"x":5,"y":31,"operator":">","limit":55,"weight":3},{"x":5,"y":61,"operator":">","limit":27,"weight":4},{"x":5,"y":118,"operator":">","limit":194,"weight":4},{"x":5,"y":119,"operator":">","limit":115,"weight":2},{"x":6,"y":7,"operator":"=","limit":238,"weight":0},{"x":6,"y":24,"operator":">","limit":161,"weight":3},{"x":6,"y":25,"operator":">","limit":187,"weight":1},{"x":6,"y":34,"operator":">","limit":163,"weight":4},{"x":6,"y":68,"operator":">","limit":275,"weight":4},{"x":6,"y":69,"operator":">","limit":285,"weight":4},{"x":7,"y":35,"operator":">","limit":5,"weight":4},{"x":7,"y":68,"operator":">","limit":285,"weight":3},{"x":7,"y":69,"operator":">","limit":45,"weight":4},{"x":8,"y":9,"operator":"=","limit":238,"weight":0},{"x":8,"y":21,"operator":">","limit":192,"weight":1},{"x":8,"y":26,"operator":">","limit":275,"weight":4},{"x":8,"y":27,"operator":">","limit":233,"weight":2},{"x":8,"y":85,"operator":">","limit":194,"weight":3},{"x":8,"y":177,"operator":">","limit":79,"weight":4},{"x":9,"y":62,"operator":">","limit":242,"weight":2},{"x":9,"y":85,"operator":">","limit":40,"weight":1},{"x":9,"y":112,"operator":">","limit":278,"weight":4},{"x":9,"y":113,"operator":">","limit":38,"weight":3},{"x":9,"y":176,"operator":">","limit":391,"weight":4},{"x":9,"y":186,"operator":">","limit":288,"weight":2},{"x":10,"y":11,"operator":"=","limit":238,"weight":0},{"x":10,"y":22,"operator":">","limit":163,"weight":3},{"x":10,"y":23,"operator":">","limit":193,"weight":4},{"x":10,"y":24,"operator":">","limit":120,"weight":2},{"x":10,"y":25,"operator":">","limit":188,"weight":1},{"x":10,"y":26,"operator":">","limit":68,"weight":3},{"x":10,"y":27,"operator":">","limit":234,"weight":3},{"x":10,"y":74,"operator":">","limit":79,"weight":2},{"x":10,"y":75,"operator":">","limit":191,"weight":3},{"x":10,"y":120,"operator":">","limit":207,"weight":4},{"x":10,"y":121,"operator":">","limit":143,"weight":4},{"x":10,"y":126,"operator":">","limit":106,"weight":3},{"x":10,"y":127,"operator":">","limit":164,"weight":3},{"x":10,"y":146,"operator":">","limit":366,"weight":3},{"x":10,"y":147,"operator":">","limit":335,"weight":3},{"x":10,"y":174,"operator":">","limit":137,"weight":1},{"x":10,"y":175,"operator":">","limit":178,"weight":4},{"x":11,"y":22,"operator":">","limit":142,"weight":2},{"x":11,"y":23,"operator":">","limit":73,"weight":4},{"x":11,"y":24,"operator":">","limit":108,"weight":4},{"x":11,"y":25,"operator":">","limit":124,"weight":4},{"x":11,"y":26,"operator":">","limit":166,"weight":4},{"x":11,"y":27,"operator":">","limit":68,"weight":2},{"x":11,"y":74,"operator":">","limit":151,"weight":1},{"x":11,"y":75,"operator":">","limit":81,"weight":2},{"x":11,"y":120,"operator":">","limit":112,"weight":3},{"x":11,"y":121,"operator":">","limit":144,"weight":2},{"x":11,"y":122,"operator":">","limit":110,"weight":4},{"x":11,"y":123,"operator":">","limit":145,"weight":3},{"x":11,"y":126,"operator":">","limit":125,"weight":4},{"x":11,"y":127,"operator":">","limit":111,"weight":3},{"x":11,"y":146,"operator":">","limit":474,"weight":3},{"x":11,"y":147,"operator":">","limit":406,"weight":3},{"x":11,"y":174,"operator":">","limit":97,"weight":4},{"x":11,"y":175,"operator":">","limit":135,"weight":3},{"x":12,"y":13,"operator":"=","limit":238,"weight":0},{"x":12,"y":14,"operator":">","limit":92,"weight":4},{"x":12,"y":15,"operator":">","limit":286,"weight":3},{"x":12,"y":30,"operator":">","limit":162,"weight":4},{"x":12,"y":61,"operator":">","limit":133,"weight":2},{"x":13,"y":54,"operator":">","limit":177,"weight":3},{"x":13,"y":55,"operator":">","limit":157,"weight":1},{"x":13,"y":68,"operator":">","limit":251,"weight":4},{"x":13,"y":69,"operator":">","limit":11,"weight":2},{"x":13,"y":83,"operator":">","limit":145,"weight":3},{"x":14,"y":15,"operator":"=","limit":238,"weight":0},{"x":14,"y":32,"operator":">","limit":185,"weight":1},{"x":14,"y":33,"operator":">","limit":297,"weight":4},{"x":14,"y":37,"operator":">","limit":92,"weight":2},{"x":14,"y":45,"operator":">","limit":296,"weight":1},{"x":14,"y":73,"operator":">","limit":172,"weight":2},{"x":14,"y":79,"operator":">","limit":252,"weight":3},{"x":14,"y":112,"operator":">","limit":131,"weight":1},{"x":15,"y":37,"operator":">","limit":134,"weight":3},{"x":15,"y":40,"operator":">","limit":276,"weight":4},{"x":15,"y":41,"operator":">","limit":36,"weight":4},{"x":15,"y":78,"operator":">","limit":256,"weight":2},{"x":15,"y":198,"operator":">","limit":231,"weight":2},{"x":15,"y":199,"operator":">","limit":154,"weight":2},{"x":16,"y":17,"operator":"=","limit":238,"weight":0},{"x":16,"y":20,"operator":">","limit":533,"weight":4},{"x":16,"y":21,"operator":">","limit":157,"weight":2},{"x":16,"y":48,"operator":">","limit":201,"weight":1},{"x":16,"y":80,"operator":">","limit":83,"weight":2},{"x":16,"y":93,"operator":">","limit":345,"weight":2},{"x":16,"y":122,"operator":">","limit":151,"weight":4},{"x":16,"y":124,"operator":">","limit":41,"weight":3},{"x":16,"y":194,"operator":">","limit":55,"weight":4},{"x":16,"y":195,"operator":">","limit":291,"weight":3},{"x":17,"y":32,"operator":">","limit":139,"weight":2},{"x":17,"y":33,"operator":">","limit":97,"weight":4},{"x":17,"y":81,"operator":">","limit":80,"weight":1},{"x":17,"y":125,"operator":">","limit":36,"weight":3},{"x":17,"y":136,"operator":">","limit":230,"weight":3},{"x":18,"y":19,"operator":"=","limit":238,"weight":0},{"x":18,"y":42,"operator":">","limit":268,"weight":2},{"x":18,"y":43,"operator":">","limit":269,"weight":3},{"x":18,"y":66,"operator":">","limit":53,"weight":1},{"x":18,"y":67,"operator":">","limit":289,"weight":4},{"x":18,"y":90,"operator":">","limit":134,"weight":3},{"x":18,"y":91,"operator":">","limit":119,"weight":2},{"x":18,"y":96,"operator":">","limit":223,"weight":2},{"x":18,"y":97,"operator":">","limit":263,"weight":3},{"x":18,"y":100,"operator":">","limit":263,"weight":4},{"x":18,"y":101,"operator":">","limit":262,"weight":1},{"x":18,"y":104,"operator":">","limit":82,"weight":2},{"x":18,"y":105,"operator":">","limit":276,"weight":2},{"x":18,"y":148,"operator":">","limit":352,"weight":3},{"x":18,"y":149,"operator":">","limit":364,"weight":2},{"x":18,"y":158,"operator":">","limit":127,"weight":3},{"x":18,"y":159,"operator":">","limit":260,"weight":4},{"x":18,"y":188,"operator":">","limit":151,"weight":4},{"x":18,"y":189,"operator":">","limit":275,"weight":3},{"x":19,"y":42,"operator":">","limit":260,"weight":1},{"x":19,"y":43,"operator":">","limit":183,"weight":3},{"x":19,"y":48,"operator":">","limit":106,"weight":2},{"x":19,"y":49,"operator":">","limit":182,"weight":4},{"x":19,"y":66,"operator":">","limit":180,"weight":2},{"x":19,"y":67,"operator":">","limit":55,"weight":4},{"x":19,"y":90,"operator":">","limit":95,"weight":2},{"x":19,"y":91,"operator":">","limit":138,"weight":4},{"x":19,"y":96,"operator":">","limit":12,"weight":3},{"x":19,"y":97,"operator":">","limit":221,"weight":3},{"x":19,"y":100,"operator":">","limit":492,"weight":4},{"x":19,"y":101,"operator":">","limit":253,"weight":4},{"x":19,"y":104,"operator":">","limit":149,"weight":2},{"x":19,"y":105,"operator":">","limit":81,"weight":4},{"x":19,"y":148,"operator":">","limit":384,"weight":2},{"x":19,"y":149,"operator":">","limit":374,"weight":3},{"x":19,"y":158,"operator":">","limit":196,"weight":2},{"x":19,"y":159,"operator":">","limit":228,"weight":3},{"x":20,"y":21,"operator":"=","limit":238,"weight":0},{"x":20,"y":54,"operator":">","limit":222,"weight":2},{"x":20,"y":55,"operator":">","limit":221,"weight":3},{"x":20,"y":62,"operator":">","limit":67,"weight":1},{"x":20,"y":84,"operator":">","limit":223,"weight":3},{"x":20,"y":119,"operator":">","limit":291,"weight":4},{"x":20,"y":145,"operator":">","limit":263,"weight":3},{"x":20,"y":189,"operator":">","limit":167,"weight":4},{"x":21,"y":120,"operator":">","limit":161,"weight":1},{"x":21,"y":121,"operator":">","limit":71,"weight":3},{"x":21,"y":144,"operator":">","limit":205,"weight":3},{"x":21,"y":145,"operator":">","limit":24,"weight":4},{"x":21,"y":186,"operator":">","limit":253,"weight":2},{"x":21,"y":187,"operator":">","limit":127,"weight":4},{"x":22,"y":23,"operator":"=","limit":238,"weight":0},{"x":22,"y":24,"operator":">","limit":112,"weight":1},{"x":22,"y":25,"operator":">","limit":187,"weight":3},{"x":22,"y":26,"operator":">","limit":112,"weight":3},{"x":22,"y":27,"operator":">","limit":238,"weight":1},{"x":22,"y":74,"operator":">","limit":462,"weight":2},{"x":22,"y":75,"operator":">","limit":229,"weight":4},{"x":22,"y":120,"operator":">","limit":67,"weight":3},{"x":22,"y":121,"operator":">","limit":166,"weight":4},{"x":22,"y":126,"operator":">","limit":115,"weight":2},{"x":22,"y":127,"operator":">","limit":197,"weight":4},{"x":22,"y":144,"operator":">","limit":102,"weight":2},{"x":22,"y":145,"operator":">","limit":211,"weight":3},{"x":22,"y":146,"operator":">","limit":221,"weight":2},{"x":22,"y":147,"operator":">","limit":9,"weight":2},{"x":22,"y":174,"operator":">","limit":102,"weight":3},{"x":22,"y":175,"operator":">","limit":170,"weight":1},{"x":23,"y":24,"operator":">","limit":184,"weight":2},{"x":23,"y":25,"operator":">","limit":49,"weight":2},{"x":23,"y":26,"operator":">","limit":239,"weight":2},{"x":23,"y":27,"operator":">","limit":5,"weight":2},{"x":23,"y":74,"operator":">","limit":228,"weight":4},{"x":23,"y":75,"operator":">","limit":3,"weight":4},{"x":23,"y":120,"operator":">","limit":133,"weight":1},{"x":23,"y":121,"operator":">","limit":67,"weight":2},{"x":23,"y":126,"operator":">","limit":196,"weight":2},{"x":23,"y":127,"operator":">","limit":35,"weight":2},{"x":23,"y":146,"operator":">","limit":260,"weight":2},{"x":23,"y":147,"operator":">","limit":222,"weight":2},{"x":23,"y":174,"operator":">","limit":173,"weight":3},{"x":23,"y":175,"operator":">","limit":58,"weight":1},{"x":24,"y":25,"operator":"=","limit":238,"weight":0},{"x":24,"y":26,"operator":">","limit":51,"weight":2},{"x":24,"y":27,"operator":">","limit":178,"weight":3},{"x":24,"y":74,"operator":">","limit":38,"weight":2},{"x":24,"y":75,"operator":">","limit":191,"weight":2},{"x":24,"y":120,"operator":">","limit":202,"weight":2},{"x":24,"y":121,"operator":">","limit":257,"weight":3},{"x":24,"y":126,"operator":">","limit":11,"weight":4},{"x":24,"y":127,"operator":">","limit":221,"weight":4},{"x":24,"y":144,"operator":">","limit":25,"weight":3},{"x":24,"y":145,"operator":">","limit":209,"weight":2},{"x":24,"y":146,"operator":">","limit":281,"weight":3},{"x":24,"y":147,"operator":">","limit":268,"weight":4},{"x":24,"y":174,"operator":">","limit":10,"weight":2},{"x":24,"y":175,"operator":">","limit":246,"weight":4},{"x":25,"y":26,"operator":">","limit":289,"weight":2},{"x":25,"y":27,"operator":">","limit":54,"weight":1},{"x":25,"y":56,"operator":">","limit":220,"weight":3},{"x":25,"y":57,"operator":">","limit":13,"weight":4},{"x":25,"y":74,"operator":">","limit":276,"weight":4},{"x":25,"y":75,"operator":">","limit":39,"weight":3},{"x":25,"y":120,"operator":">","limit":255,"weight":2},{"x":25,"y":121,"operator":">","limit":18,"weight":1},{"x":25,"y":126,"operator":">","limit":251,"weight":2},{"x":25,"y":127,"operator":">","limit":10,"weight":1},{"x":25,"y":146,"operator":">","limit":258,"weight":3},{"x":25,"y":147,"operator":">","limit":171,"weight":3},{"x":25,"y":174,"operator":">","limit":220,"weight":2},{"x":25,"y":175,"operator":">","limit":9,"weight":1},{"x":26,"y":27,"operator":"=","limit":238,"weight":0},{"x":26,"y":74,"operator":">","limit":11,"weight":1},{"x":26,"y":75,"operator":">","limit":251,"weight":4},{"x":26,"y":120,"operator":">","limit":109,"weight":2},{"x":26,"y":121,"operator":">","limit":118,"weight":1},{"x":26,"y":126,"operator":">","limit":40,"weight":2},{"x":26,"y":127,"operator":">","limit":275,"weight":4},{"x":26,"y":146,"operator":">","limit":189,"weight":3},{"x":26,"y":147,"operator":">","limit":111,"weight":1},{"x":26,"y":174,"operator":">","limit":65,"weight":3},{"x":26,"y":175,"operator":">","limit":206,"weight":3},{"x":27,"y":74,"operator":">","limit":220,"weight":4},{"x":27,"y":75,"operator":">","limit":8,"weight":2},{"x":27,"y":120,"operator":">","limit":194,"weight":2},{"x":27,"y":121,"operator":">","limit":75,"weight":3},{"x":27,"y":126,"operator":">","limit":190,"weight":1},{"x":27,"y":127,"operator":">","limit":40,"weight":4},{"x":27,"y":146,"operator":">","limit":104,"weight":4},{"x":27,"y":147,"operator":">","limit":227,"weight":1},{"x":27,"y":174,"operator":">","limit":165,"weight":3},{"x":27,"y":175,"operator":">","limit":68,"weight":3},{"x":28,"y":29,"operator":"=","limit":238,"weight":0},{"x":28,"y":80,"operator":">","limit":155,"weight":2},{"x":28,"y":82,"operator":">","limit":292,"weight":1},{"x":28,"y":83,"operator":">","limit":216,"weight":1},{"x":28,"y":124,"operator":">","limit":199,"weight":3},{"x":28,"y":136,"operator":">","limit":9,"weight":2},{"x":29,"y":90,"operator":">","limit":193,"weight":3},{"x":29,"y":91,"operator":">","limit":131,"weight":3},{"x":29,"y":137,"operator":">","limit":13,"weight":4},{"x":29,"y":195,"operator":">","limit":210,"weight":3},{"x":30,"y":31,"operator":"=","limit":238,"weight":0},{"x":30,"y":60,"operator":">","limit":22,"weight":4},{"x":31,"y":60,"operator":">","limit":206,"weight":1},{"x":31,"y":76,"operator":">","limit":104,"weight":4},{"x":31,"y":77,"operator":">","limit":200,"weight":2},{"x":32,"y":33,"operator":"=","limit":238,"weight":0},{"x":32,"y":71,"operator":">","limit":229,"weight":3},{"x":32,"y":90,"operator":">","limit":38,"weight":1},{"x":32,"y":91,"operator":">","limit":276,"weight":2},{"x":32,"y":140,"operator":">","limit":143,"weight":2},{"x":32,"y":141,"operator":">","limit":210,"weight":4},{"x":32,"y":153,"operator":">","limit":252,"weight":1},{"x":32,"y":171,"operator":">","limit":234,"weight":2},{"x":33,"y":50,"operator":">","limit":288,"weight":3},{"x":33,"y":51,"operator":">","limit":67,"weight":3},{"x":33,"y":102,"operator":">","limit":115,"weight":3},{"x":33,"y":107,"operator":">","limit":55,"weight":4},{"x":33,"y":140,"operator":">","limit":298,"weight":2},{"x":33,"y":153,"operator":">","limit":70,"weight":1},{"x":34,"y":35,"operator":"=","limit":238,"weight":0},{"x":34,"y":194,"operator":">","limit":122,"weight":3},{"x":34,"y":195,"operator":">","limit":240,"weight":1},{"x":35,"y":61,"operator":">","limit":199,"weight":4},{"x":35,"y":82,"operator":">","limit":220,"weight":1},{"x":36,"y":37,"operator":"=","limit":238,"weight":0},{"x":36,"y":40,"operator":">","limit":94,"weight":4},{"x":36,"y":56,"operator":">","limit":136,"weight":2},{"x":36,"y":57,"operator":">","limit":248,"weight":4},{"x":36,"y":79,"operator":">","limit":126,"weight":3},{"x":36,"y":113,"operator":">","limit":181,"weight":1},{"x":37,"y":40,"operator":">","limit":139,"weight":4},{"x":37,"y":41,"operator":">","limit":92,"weight":2},{"x":37,"y":113,"operator":">","limit":186,"weight":4},{"x":37,"y":196,"operator":">","limit":375,"weight":3},{"x":38,"y":39,"operator":"=","limit":238,"weight":0},{"x":38,"y":60,"operator":">","limit":26,"weight":3},{"x":38,"y":61,"operator":">","limit":262,"weight":2},{"x":38,"y":103,"operator":">","limit":260,"weight":4},{"x":38,"y":106,"operator":">","limit":36,"weight":4},{"x":38,"y":107,"operator":">","limit":276,"weight":4},{"x":38,"y":171,"operator":">","limit":141,"weight":3},{"x":39,"y":102,"operator":">","limit":206,"weight":2},{"x":39,"y":106,"operator":">","limit":190,"weight":1},{"x":39,"y":111,"operator":">","limit":484,"weight":4},{"x":39,"y":170,"operator":">","limit":439,"weight":3},{"x":40,"y":41,"operator":"=","limit":238,"weight":0},{"x":40,"y":112,"operator":">","limit":219,"weight":3},{"x":41,"y":44,"operator":">","limit":337,"weight":2},{"x":41,"y":73,"operator":">","limit":18,"weight":2},{"x":41,"y":78,"operator":">","limit":294,"weight":1},{"x":42,"y":43,"operator":"=","limit":238,"weight":0},{"x":42,"y":66,"operator":">","limit":187,"weight":1},{"x":42,"y":67,"operator":">","limit":209,"weight":3},{"x":42,"y":90,"operator":">","limit":129,"weight":4},{"x":42,"y":91,"operator":">","limit":285,"weight":1},{"x":42,"y":96,"operator":">","limit":208,"weight":3},{"x":42,"y":97,"operator":">","limit":197,"weight":3},{"x":42,"y":100,"operator":">","limit":68,"weight":4},{"x":42,"y":101,"operator":">","limit":163,"weight":4},{"x":42,"y":102,"operator":">","limit":276,"weight":3},{"x":42,"y":103,"operator":">","limit":220,"weight":3},{"x":42,"y":104,"operator":">","limit":532,"weight":4},{"x":42,"y":105,"operator":">","limit":289,"weight":4},{"x":42,"y":148,"operator":">","limit":109,"weight":3},{"x":42,"y":149,"operator":">","limit":125,"weight":2},{"x":42,"y":158,"operator":">","limit":41,"weight":4},{"x":42,"y":159,"operator":">","limit":194,"weight":4},{"x":43,"y":66,"operator":">","limit":189,"weight":1},{"x":43,"y":67,"operator":">","limit":131,"weight":4},{"x":43,"y":90,"operator":">","limit":283,"weight":1},{"x":43,"y":91,"operator":">","limit":45,"weight":1},{"x":43,"y":92,"operator":">","limit":139,"weight":1},{"x":43,"y":93,"operator":">","limit":107,"weight":3},{"x":43,"y":96,"operator":">","limit":201,"weight":4},{"x":43,"y":97,"operator":">","limit":32,"weight":3},{"x":43,"y":100,"operator":">","limit":304,"weight":4},{"x":43,"y":101,"operator":">","limit":67,"weight":2},{"x":43,"y":104,"operator":">","limit":128,"weight":2},{"x":43,"y":105,"operator":">","limit":101,"weight":4},{"x":43,"y":148,"operator":">","limit":181,"weight":2},{"x":43,"y":149,"operator":">","limit":111,"weight":4},{"x":43,"y":158,"operator":">","limit":279,"weight":4},{"x":43,"y":159,"operator":">","limit":37,"weight":1},{"x":44,"y":45,"operator":"=","limit":238,"weight":0},{"x":44,"y":78,"operator":">","limit":38,"weight":3},{"x":44,"y":84,"operator":">","limit":11,"weight":2},{"x":44,"y":85,"operator":">","limit":251,"weight":3},{"x":45,"y":72,"operator":">","limit":106,"weight":2},{"x":45,"y":100,"operator":">","limit":280,"weight":3},{"x":45,"y":101,"operator":">","limit":158,"weight":3},{"x":46,"y":47,"operator":"=","limit":238,"weight":0},{"x":46,"y":50,"operator":">","limit":127,"weight":2},{"x":46,"y":65,"operator":">","limit":164,"weight":3},{"x":46,"y":88,"operator":">","limit":215,"weight":4},{"x":46,"y":99,"operator":">","limit":238,"weight":3},{"x":46,"y":178,"operator":">","limit":24,"weight":3},{"x":47,"y":50,"operator":">","limit":217,"weight":4},{"x":47,"y":64,"operator":">","limit":167,"weight":3},{"x":47,"y":89,"operator":">","limit":229,"weight":1},{"x":47,"y":99,"operator":">","limit":65,"weight":2},{"x":47,"y":156,"operator":">","limit":288,"weight":4},{"x":47,"y":157,"operator":">","limit":50,"weight":1},{"x":48,"y":49,"operator":"=","limit":238,"weight":0},{"x":48,"y":92,"operator":">","limit":111,"weight":3},{"x":48,"y":122,"operator":">","limit":194,"weight":2},{"x":48,"y":125,"operator":">","limit":106,"weight":2},{"x":48,"y":132,"operator":">","limit":531,"weight":4},{"x":48,"y":133,"operator":">","limit":152,"weight":2},{"x":48,"y":195,"operator":">","limit":368,"weight":4},{"x":49,"y":114,"operator":">","limit":289,"weight":2},{"x":49,"y":115,"operator":">","limit":182,"weight":2},{"x":49,"y":194,"operator":">","limit":291,"weight":4},{"x":49,"y":195,"operator":">","limit":129,"weight":3},{"x":50,"y":51,"operator":"=","limit":238,"weight":0},{"x":50,"y":53,"operator":">","limit":251,"weight":3},{"x":50,"y":64,"operator":">","limit":174,"weight":3},{"x":50,"y":154,"operator":">","limit":78,"weight":2},{"x":50,"y":192,"operator":">","limit":193,"weight":3},{"x":50,"y":193,"operator":">","limit":271,"weight":4},{"x":51,"y":65,"operator":">","limit":267,"weight":2},{"x":51,"y":116,"operator":">","limit":135,"weight":4},{"x":51,"y":179,"operator":">","limit":170,"weight":3},{"x":52,"y":53,"operator":"=","limit":238,"weight":0},{"x":52,"y":65,"operator":">","limit":106,"weight":3},{"x":52,"y":99,"operator":">","limit":352,"weight":4},{"x":52,"y":156,"operator":">","limit":228,"weight":3},{"x":52,"y":157,"operator":">","limit":153,"weight":4},{"x":52,"y":179,"operator":">","limit":282,"weight":4},{"x":53,"y":64,"operator":">","limit":174,"weight":1},{"x":53,"y":89,"operator":">","limit":40,"weight":2},{"x":53,"y":96,"operator":">","limit":54,"weight":2},{"x":53,"y":97,"operator":">","limit":179,"weight":3},{"x":53,"y":98,"operator":">","limit":297,"weight":4},{"x":53,"y":116,"operator":">","limit":152,"weight":2},{"x":53,"y":117,"operator":">","limit":78,"weight":3},{"x":53,"y":179,"operator":">","limit":154,"weight":1},{"x":54,"y":55,"operator":"=","limit":238,"weight":0},{"x":54,"y":58,"operator":">","limit":152,"weight":3},{"x":54,"y":59,"operator":">","limit":250,"weight":3},{"x":54,"y":86,"operator":">","limit":138,"weight":2},{"x":54,"y":87,"operator":">","limit":224,"weight":1},{"x":54,"y":134,"operator":">","limit":124,"weight":3},{"x":54,"y":135,"operator":">","limit":238,"weight":1},{"x":54,"y":144,"operator":">","limit":271,"weight":2},{"x":54,"y":145,"operator":">","limit":124,"weight":3},{"x":54,"y":150,"operator":">","limit":166,"weight":2},{"x":54,"y":151,"operator":">","limit":423,"weight":4},{"x":54,"y":164,"operator":">","limit":11,"weight":3},{"x":54,"y":165,"operator":">","limit":251,"weight":3},{"x":54,"y":166,"operator":">","limit":278,"weight":1},{"x":54,"y":167,"operator":">","limit":179,"weight":4},{"x":54,"y":182,"operator":">","limit":275,"weight":4},{"x":54,"y":183,"operator":">","limit":351,"weight":1},{"x":54,"y":190,"operator":">","limit":94,"weight":4},{"x":54,"y":191,"operator":">","limit":138,"weight":2},{"x":55,"y":58,"operator":">","limit":224,"weight":1},{"x":55,"y":59,"operator":">","limit":126,"weight":1},{"x":55,"y":86,"operator":">","limit":439,"weight":4},{"x":55,"y":87,"operator":">","limit":200,"weight":1},{"x":55,"y":134,"operator":">","limit":107,"weight":4},{"x":55,"y":135,"operator":">","limit":120,"weight":4},{"x":55,"y":146,"operator":">","limit":132,"weight":3},{"x":55,"y":147,"operator":">","limit":95,"weight":4},{"x":55,"y":150,"operator":">","limit":221,"weight":4},{"x":55,"y":151,"operator":">","limit":185,"weight":1},{"x":55,"y":164,"operator":">","limit":218,"weight":2},{"x":55,"y":165,"operator":">","limit":11,"weight":4},{"x":55,"y":166,"operator":">","limit":234,"weight":2},{"x":55,"y":167,"operator":">","limit":87,"weight":3},{"x":55,"y":182,"operator":">","limit":214,"weight":3},{"x":55,"y":183,"operator":">","limit":116,"weight":3},{"x":55,"y":190,"operator":">","limit":216,"weight":2},{"x":55,"y":191,"operator":">","limit":96,"weight":2},{"x":56,"y":57,"operator":"=","limit":238,"weight":0},{"x":56,"y":109,"operator":">","limit":268,"weight":2},{"x":56,"y":128,"operator":">","limit":236,"weight":1},{"x":56,"y":142,"operator":">","limit":252,"weight":4},{"x":56,"y":156,"operator":">","limit":123,"weight":2},{"x":56,"y":166,"operator":">","limit":23,"weight":3},{"x":56,"y":167,"operator":">","limit":208,"weight":1},{"x":56,"y":172,"operator":">","limit":139,"weight":4},{"x":57,"y":128,"operator":">","limit":294,"weight":1},{"x":57,"y":129,"operator":">","limit":59,"weight":4},{"x":57,"y":138,"operator":">","limit":273,"weight":3},{"x":57,"y":142,"operator":">","limit":194,"weight":1},{"x":57,"y":150,"operator":">","limit":144,"weight":4},{"x":57,"y":151,"operator":">","limit":123,"weight":1},{"x":57,"y":162,"operator":">","limit":215,"weight":2},{"x":58,"y":59,"operator":"=","limit":238,"weight":0},{"x":58,"y":86,"operator":">","limit":68,"weight":3},{"x":58,"y":87,"operator":">","limit":163,"weight":2},{"x":58,"y":134,"operator":">","limit":113,"weight":1},{"x":58,"y":135,"operator":">","limit":241,"weight":4},{"x":58,"y":150,"operator":">","limit":50,"weight":2},{"x":58,"y":151,"operator":">","limit":179,"weight":1},{"x":58,"y":160,"operator":">","limit":531,"weight":1},{"x":58,"y":161,"operator":">","limit":104,"weight":2},{"x":58,"y":164,"operator":">","limit":230,"weight":4},{"x":58,"y":165,"operator":">","limit":115,"weight":3},{"x":58,"y":166,"operator":">","limit":36,"weight":2},{"x":58,"y":167,"operator":">","limit":275,"weight":4},{"x":58,"y":182,"operator":">","limit":10,"weight":3},{"x":58,"y":183,"operator":">","limit":249,"weight":4},{"x":58,"y":190,"operator":">","limit":271,"weight":3},{"x":58,"y":191,"operator":">","limit":171,"weight":2},{"x":59,"y":86,"operator":">","limit":240,"weight":1},{"x":59,"y":87,"operator":">","limit":66,"weight":1},{"x":59,"y":134,"operator":">","limit":238,"weight":2},{"x":59,"y":135,"operator":">","limit":5,"weight":3},{"x":59,"y":144,"operator":">","limit":207,"weight":4},{"x":59,"y":145,"operator":">","limit":26,"weight":1},{"x":59,"y":150,"operator":">","limit":289,"weight":3},{"x":59,"y":151,"operator":">","limit":52,"weight":1},{"x":59,"y":164,"operator":">","limit":279,"weight":3},{"x":59,"y":165,"operator":">","limit":115,"weight":2},{"x":59,"y":166,"operator":">","limit":190,"weight":2},{"x":59,"y":167,"operator":">","limit":41,"weight":1},{"x":59,"y":182,"operator":">","limit":218,"weight":3},{"x":59,"y":183,"operator":">","limit":11,"weight":3},{"x":59,"y":190,"operator":">","limit":184,"weight":4},{"x":59,"y":191,"operator":">","limit":229,"weight":1},{"x":60,"y":61,"operator":"=","limit":238,"weight":0},{"x":60,"y":74,"operator":">","limit":209,"weight":4},{"x":60,"y":75,"operator":">","limit":270,"weight":3},{"x":62,"y":63,"operator":"=","limit":238,"weight":0},{"x":62,"y":64,"operator":">","limit":135,"weight":4},{"x":62,"y":65,"operator":">","limit":93,"weight":4},{"x":62,"y":84,"operator":">","limit":100,"weight":2},{"x":62,"y":85,"operator":">","limit":282,"weight":3},{"x":62,"y":118,"operator":">","limit":12,"weight":4},{"x":64,"y":65,"operator":"=","limit":238,"weight":0},{"x":64,"y":66,"operator":">","limit":255,"weight":4},{"x":64,"y":67,"operator":">","limit":222,"weight":4},{"x":64,"y":88,"operator":">","limit":378,"weight":1},{"x":64,"y":179,"operator":">","limit":231,"weight":3},{"x":65,"y":182,"operator":">","limit":151,"weight":3},{"x":65,"y":183,"operator":">","limit":78,"weight":2},{"x":66,"y":67,"operator":"=","limit":238,"weight":0},{"x":66,"y":90,"operator":">","limit":78,"weight":4},{"x":66,"y":91,"operator":">","limit":218,"weight":2},{"x":66,"y":96,"operator":">","limit":164,"weight":2},{"x":66,"y":97,"operator":">","limit":401,"weight":4},{"x":66,"y":98,"operator":">","limit":206,"weight":2},{"x":66,"y":99,"operator":">","limit":277,"weight":4},{"x":66,"y":100,"operator":">","limit":210,"weight":1},{"x":66,"y":101,"operator":">","limit":176,"weight":3},{"x":66,"y":104,"operator":">","limit":24,"weight":2},{"x":66,"y":105,"operator":">","limit":262,"weight":3},{"x":66,"y":148,"operator":">","limit":292,"weight":4},{"x":66,"y":149,"operator":">","limit":477,"weight":2},{"x":66,"y":158,"operator":">","limit":297,"weight":1},{"x":66,"y":159,"operator":">","limit":144,"weight":2},{"x":67,"y":90,"operator":">","limit":148,"weight":2},{"x":67,"y":91,"operator":">","limit":80,"weight":3},{"x":67,"y":96,"operator":">","limit":68,"weight":2},{"x":67,"y":97,"operator":">","limit":165,"weight":2},{"x":67,"y":100,"operator":">","limit":436,"weight":2},{"x":67,"y":101,"operator":">","limit":198,"weight":2},{"x":67,"y":104,"operator":">","limit":208,"weight":3},{"x":67,"y":105,"operator":">","limit":24,"weight":4},{"x":67,"y":148,"operator":">","limit":114,"weight":2},{"x":67,"y":149,"operator":">","limit":239,"weight":4},{"x":67,"y":158,"operator":">","limit":120,"weight":2},{"x":67,"y":159,"operator":">","limit":170,"weight":1},{"x":68,"y":69,"operator":"=","limit":238,"weight":0},{"x":68,"y":82,"operator":">","limit":535,"weight":4},{"x":70,"y":71,"operator":"=","limit":238,"weight":0},{"x":70,"y":106,"operator":">","limit":127,"weight":2},{"x":70,"y":110,"operator":">","limit":80,"weight":1},{"x":70,"y":141,"operator":">","limit":209,"weight":3},{"x":70,"y":152,"operator":">","limit":38,"weight":1},{"x":70,"y":156,"operator":">","limit":65,"weight":3},{"x":70,"y":157,"operator":">","limit":166,"weight":2},{"x":70,"y":170,"operator":">","limit":12,"weight":4},{"x":71,"y":110,"operator":">","limit":295,"weight":4},{"x":71,"y":140,"operator":">","limit":265,"weight":3},{"x":71,"y":170,"operator":">","limit":220,"weight":3},{"x":71,"y":186,"operator":">","limit":236,"weight":4},{"x":71,"y":187,"operator":">","limit":113,"weight":3},{"x":72,"y":73,"operator":"=","limit":238,"weight":0},{"x":72,"y":78,"operator":">","limit":80,"weight":1},{"x":73,"y":94,"operator":">","limit":294,"weight":3},{"x":73,"y":95,"operator":">","limit":166,"weight":4},{"x":74,"y":75,"operator":"=","limit":238,"weight":0},{"x":74,"y":120,"operator":">","limit":286,"weight":1},{"x":74,"y":121,"operator":">","limit":299,"weight":3},{"x":74,"y":126,"operator":">","limit":22,"weight":2},{"x":74,"y":127,"operator":">","limit":263,"weight":2},{"x":74,"y":146,"operator":">","limit":109,"weight":2},{"x":74,"y":147,"operator":">","limit":212,"weight":2},{"x":74,"y":162,"operator":">","limit":274,"weight":3},{"x":74,"y":163,"operator":">","limit":259,"weight":3},{"x":74,"y":174,"operator":">","limit":53,"weight":4},{"x":74,"y":175,"operator":">","limit":291,"weight":4},{"x":75,"y":120,"operator":">","limit":297,"weight":3},{"x":75,"y":121,"operator":">","limit":56,"weight":4},{"x":75,"y":126,"operator":">","limit":209,"weight":1},{"x":75,"y":127,"operator":">","limit":27,"weight":1},{"x":75,"y":146,"operator":">","limit":144,"weight":1},{"x":75,"y":147,"operator":">","limit":215,"weight":4},{"x":75,"y":174,"operator":">","limit":181,"weight":1},{"x":75,"y":175,"operator":">","limit":51,"weight":4},{"x":76,"y":77,"operator":"=","limit":238,"weight":0},{"x":76,"y":94,"operator":">","limit":105,"weight":2},{"x":76,"y":95,"operator":">","limit":136,"weight":2},{"x":76,"y":114,"operator":">","limit":247,"weight":2},{"x":76,"y":115,"operator":">","limit":203,"weight":3},{"x":76,"y":118,"operator":">","limit":25,"weight":3},{"x":76,"y":119,"operator":">","limit":261,"weight":3},{"x":76,"y":132,"operator":">","limit":106,"weight":4},{"x":76,"y":133,"operator":">","limit":119,"weight":2},{"x":76,"y":160,"operator":">","limit":241,"weight":3},{"x":76,"y":161,"operator":">","limit":237,"weight":3},{"x":76,"y":168,"operator":">","limit":291,"weight":3},{"x":76,"y":169,"operator":">","limit":141,"weight":2},{"x":76,"y":180,"operator":">","limit":93,"weight":1},{"x":76,"y":181,"operator":">","limit":134,"weight":4},{"x":76,"y":184,"operator":">","limit":41,"weight":1},{"x":76,"y":185,"operator":">","limit":193,"weight":4},{"x":76,"y":192,"operator":">","limit":188,"weight":2},{"x":76,"y":193,"operator":">","limit":212,"weight":2},{"x":77,"y":94,"operator":">","limit":383,"weight":3},{"x":77,"y":95,"operator":">","limit":143,"weight":3},{"x":77,"y":114,"operator":">","limit":289,"weight":1},{"x":77,"y":115,"operator":">","limit":198,"weight":1},{"x":77,"y":132,"operator":">","limit":116,"weight":2},{"x":77,"y":133,"operator":">","limit":113,"weight":4},{"x":77,"y":160,"operator":">","limit":138,"weight":3},{"x":77,"y":161,"operator":">","limit":85,"weight":3},{"x":77,"y":168,"operator":">","limit":179,"weight":2},{"x":77,"y":169,"operator":">","limit":158,"weight":2},{"x":77,"y":180,"operator":">","limit":298,"weight":4},{"x":77,"y":181,"operator":">","limit":93,"weight":2},{"x":77,"y":182,"operator":">","limit":246,"weight":4},{"x":77,"y":183,"operator":">","limit":10,"weight":2},{"x":77,"y":184,"operator":">","limit":278,"weight":4},{"x":77,"y":185,"operator":">","limit":37,"weight":3},{"x":77,"y":192,"operator":">","limit":215,"weight":3},{"x":77,"y":193,"operator":">","limit":20,"weight":3},{"x":78,"y":79,"operator":"=","limit":238,"weight":0},{"x":78,"y":196,"operator":">","limit":136,"weight":1},{"x":78,"y":198,"operator":">","limit":137,"weight":1},{"x":78,"y":199,"operator":">","limit":96,"weight":2},{"x":79,"y":196,"operator":">","limit":277,"weight":4},{"x":79,"y":197,"operator":">","limit":139,"weight":1},{"x":80,"y":81,"operator":"=","limit":238,"weight":0},{"x":80,"y":134,"operator":">","limit":136,"weight":3},{"x":80,"y":135,"operator":">","limit":213,"weight":2},{"x":80,"y":195,"operator":">","limit":204,"weight":2},{"x":81,"y":92,"operator":">","limit":206,"weight":4},{"x":82,"y":83,"operator":"=","limit":238,"weight":0},{"x":83,"y":184,"operator":">","limit":284,"weight":1},{"x":83,"y":185,"operator":">","limit":129,"weight":3},{"x":84,"y":85,"operator":"=","limit":238,"weight":0},{"x":84,"y":118,"operator":">","limit":535,"weight":2},{"x":84,"y":119,"operator":">","limit":297,"weight":3},{"x":84,"y":156,"operator":">","limit":126,"weight":2},{"x":84,"y":157,"operator":">","limit":237,"weight":1},{"x":84,"y":186,"operator":">","limit":8,"weight":1},{"x":84,"y":189,"operator":">","limit":187,"weight":2},{"x":85,"y":144,"operator":">","limit":324,"weight":3},{"x":85,"y":150,"operator":">","limit":116,"weight":2},{"x":85,"y":151,"operator":">","limit":172,"weight":1},{"x":85,"y":187,"operator":">","limit":13,"weight":3},{"x":86,"y":87,"operator":"=","limit":238,"weight":0},{"x":86,"y":134,"operator":">","limit":242,"weight":1},{"x":86,"y":135,"operator":">","limit":172,"weight":4},{"x":86,"y":150,"operator":">","limit":12,"weight":2},{"x":86,"y":151,"operator":">","limit":248,"weight":4},{"x":86,"y":164,"operator":">","limit":112,"weight":2},{"x":86,"y":165,"operator":">","limit":263,"weight":4},{"x":86,"y":166,"operator":">","limit":110,"weight":3},{"x":86,"y":167,"operator":">","limit":183,"weight":4},{"x":86,"y":182,"operator":">","limit":81,"weight":4},{"x":86,"y":183,"operator":">","limit":240,"weight":3},{"x":86,"y":190,"operator":">","limit":444,"weight":1},{"x":86,"y":191,"operator":">","limit":496,"weight":1},{"x":87,"y":134,"operator":">","limit":174,"weight":1},{"x":87,"y":135,"operator":">","limit":71,"weight":1},{"x":87,"y":150,"operator":">","limit":223,"weight":2},{"x":87,"y":151,"operator":">","limit":10,"weight":1},{"x":87,"y":158,"operator":">","limit":165,"weight":1},{"x":87,"y":159,"operator":">","limit":69,"weight":4},{"x":87,"y":164,"operator":">","limit":420,"weight":3},{"x":87,"y":165,"operator":">","limit":182,"weight":2},{"x":87,"y":166,"operator":">","limit":124,"weight":3},{"x":87,"y":167,"operator":">","limit":106,"weight":4},{"x":87,"y":182,"operator":">","limit":151,"weight":2},{"x":87,"y":183,"operator":">","limit":80,"weight":2},{"x":87,"y":190,"operator":">","limit":527,"weight":1},{"x":87,"y":191,"operator":">","limit":469,"weight":2},{"x":88,"y":89,"operator":"=","limit":238,"weight":0},{"x":88,"y":99,"operator":">","limit":222,"weight":4},{"x":88,"y":179,"operator":">","limit":435,"weight":1},{"x":89,"y":116,"operator":">","limit":109,"weight":3},{"x":89,"y":117,"operator":">","limit":120,"weight":2},{"x":90,"y":91,"operator":"=","limit":238,"weight":0},{"x":90,"y":96,"operator":">","limit":80,"weight":2},{"x":90,"y":97,"operator":">","limit":262,"weight":2},{"x":90,"y":100,"operator":">","limit":153,"weight":1},{"x":90,"y":101,"operator":">","limit":181,"weight":3},{"x":90,"y":104,"operator":">","limit":50,"weight":3},{"x":90,"y":105,"operator":">","limit":179,"weight":1},{"x":90,"y":148,"operator":">","limit":199,"weight":4},{"x":90,"y":149,"operator":">","limit":211,"weight":4},{"x":90,"y":158,"operator":">","limit":228,"weight":2},{"x":90,"y":159,"operator":">","limit":267,"weight":3},{"x":91,"y":96,"operator":">","limit":153,"weight":2},{"x":91,"y":97,"operator":">","limit":80,"weight":3},{"x":91,"y":100,"operator":">","limit":140,"weight":2},{"x":91,"y":101,"operator":">","limit":114,"weight":2},{"x":91,"y":104,"operator":">","limit":293,"weight":1},{"x":91,"y":105,"operator":">","limit":52,"weight":2},{"x":91,"y":148,"operator":">","limit":239,"weight":2},{"x":91,"y":149,"operator":">","limit":158,"weight":4},{"x":91,"y":158,"operator":">","limit":294,"weight":2},{"x":91,"y":159,"operator":">","limit":85,"weight":2},{"x":92,"y":93,"operator":"=","limit":238,"weight":0},{"x":92,"y":136,"operator":">","limit":9,"weight":2},{"x":92,"y":195,"operator":">","limit":271,"weight":4},{"x":93,"y":122,"operator":">","limit":182,"weight":3},{"x":94,"y":95,"operator":"=","limit":238,"weight":0},{"x":94,"y":108,"operator":">","limit":50,"weight":4},{"x":94,"y":109,"operator":">","limit":177,"weight":4},{"x":94,"y":114,"operator":">","limit":53,"weight":2},{"x":94,"y":115,"operator":">","limit":179,"weight":3},{"x":94,"y":132,"operator":">","limit":26,"weight":4},{"x":94,"y":133,"operator":">","limit":262,"weight":1},{"x":94,"y":160,"operator":">","limit":54,"weight":1},{"x":94,"y":161,"operator":">","limit":293,"weight":1},{"x":94,"y":168,"operator":">","limit":13,"weight":3},{"x":94,"y":169,"operator":">","limit":220,"weight":4},{"x":94,"y":180,"operator":">","limit":284,"weight":3},{"x":94,"y":181,"operator":">","limit":145,"weight":3},{"x":94,"y":184,"operator":">","limit":195,"weight":2},{"x":94,"y":185,"operator":">","limit":247,"weight":3},{"x":94,"y":192,"operator":">","limit":165,"weight":4},{"x":94,"y":193,"operator":">","limit":287,"weight":4},{"x":95,"y":114,"operator":">","limit":293,"weight":3},{"x":95,"y":115,"operator":">","limit":50,"weight":4},{"x":95,"y":132,"operator":">","limit":207,"weight":2},{"x":95,"y":133,"operator":">","limit":24,"weight":2},{"x":95,"y":160,"operator":">","limit":180,"weight":3},{"x":95,"y":161,"operator":">","limit":52,"weight":1},{"x":95,"y":168,"operator":">","limit":248,"weight":4},{"x":95,"y":169,"operator":">","limit":13,"weight":4},{"x":95,"y":180,"operator":">","limit":148,"weight":3},{"x":95,"y":181,"operator":">","limit":241,"weight":4},{"x":95,"y":184,"operator":">","limit":143,"weight":1},{"x":95,"y":185,"operator":">","limit":187,"weight":2},{"x":95,"y":186,"operator":">","limit":191,"weight":3},{"x":95,"y":187,"operator":">","limit":40,"weight":3},{"x":95,"y":192,"operator":">","limit":67,"weight":2},{"x":95,"y":193,"operator":">","limit":166,"weight":3},{"x":96,"y":97,"operator":"=","limit":238,"weight":0},{"x":96,"y":100,"operator":">","limit":270,"weight":2},{"x":96,"y":101,"operator":">","limit":268,"weight":3},{"x":96,"y":104,"operator":">","limit":134,"weight":3},{"x":96,"y":105,"operator":">","limit":95,"weight":2},{"x":96,"y":148,"operator":">","limit":244,"weight":1},{"x":96,"y":149,"operator":">","limit":229,"weight":2},{"x":96,"y":158,"operator":">","limit":198,"weight":1},{"x":96,"y":159,"operator":">","limit":239,"weight":4},{"x":97,"y":100,"operator":">","limit":267,"weight":1},{"x":97,"y":101,"operator":">","limit":32,"weight":4},{"x":97,"y":104,"operator":">","limit":254,"weight":1},{"x":97,"y":105,"operator":">","limit":134,"weight":2},{"x":97,"y":148,"operator":">","limit":183,"weight":3},{"x":97,"y":149,"operator":">","limit":75,"weight":3},{"x":97,"y":158,"operator":">","limit":240,"weight":4},{"x":97,"y":159,"operator":">","limit":5,"weight":1},{"x":98,"y":99,"operator":"=","limit":238,"weight":0},{"x":98,"y":117,"operator":">","limit":267,"weight":2},{"x":98,"y":154,"operator":">","limit":260,"weight":3},{"x":98,"y":155,"operator":">","limit":283,"weight":1},{"x":98,"y":178,"operator":">","limit":39,"weight":4},{"x":98,"y":179,"operator":">","limit":194,"weight":3},{"x":99,"y":154,"operator":">","limit":284,"weight":3},{"x":99,"y":192,"operator":">","limit":170,"weight":2},{"x":99,"y":193,"operator":">","limit":60,"weight":2},{"x":100,"y":101,"operator":"=","limit":238,"weight":0},{"x":100,"y":104,"operator":">","limit":184,"weight":3},{"x":100,"y":105,"operator":">","limit":214,"weight":3},{"x":100,"y":148,"operator":">","limit":40,"weight":3},{"x":100,"y":149,"operator":">","limit":191,"weight":2},{"x":100,"y":158,"operator":">","limit":24,"weight":2},{"x":100,"y":159,"operator":">","limit":263,"weight":4},{"x":101,"y":104,"operator":">","limit":408,"weight":2},{"x":101,"y":105,"operator":">","limit":173,"weight":1},{"x":101,"y":148,"operator":">","limit":276,"weight":4},{"x":101,"y":149,"operator":">","limit":38,"weight":2},{"x":101,"y":158,"operator":">","limit":206,"weight":2},{"x":101,"y":159,"operator":">","limit":27,"weight":4},{"x":101,"y":168,"operator":">","limit":450,"weight":4},{"x":101,"y":169,"operator":">","limit":214,"weight":3},{"x":102,"y":103,"operator":"=","limit":238,"weight":0},{"x":102,"y":144,"operator":">","limit":124,"weight":2},{"x":102,"y":145,"operator":">","limit":283,"weight":3},{"x":102,"y":152,"operator":">","limit":534,"weight":3},{"x":102,"y":171,"operator":">","limit":206,"weight":3},{"x":103,"y":106,"operator":">","limit":218,"weight":2},{"x":103,"y":110,"operator":">","limit":296,"weight":1},{"x":103,"y":142,"operator":">","limit":194,"weight":1},{"x":103,"y":143,"operator":">","limit":38,"weight":1},{"x":104,"y":105,"operator":"=","limit":238,"weight":0},{"x":104,"y":148,"operator":">","limit":535,"weight":2},{"x":104,"y":149,"operator":">","limit":145,"weight":2},{"x":104,"y":158,"operator":">","limit":249,"weight":2},{"x":104,"y":159,"operator":">","limit":108,"weight":3},{"x":105,"y":148,"operator":">","limit":207,"weight":3},{"x":105,"y":149,"operator":">","limit":210,"weight":1},{"x":105,"y":158,"operator":">","limit":102,"weight":1},{"x":105,"y":159,"operator":">","limit":145,"weight":4},{"x":106,"y":107,"operator":"=","limit":238,"weight":0},{"x":106,"y":111,"operator":">","limit":278,"weight":2},{"x":106,"y":144,"operator":">","limit":237,"weight":2},{"x":106,"y":145,"operator":">","limit":244,"weight":1},{"x":106,"y":171,"operator":">","limit":208,"weight":3},{"x":107,"y":110,"operator":">","limit":248,"weight":4},{"x":107,"y":111,"operator":">","limit":252,"weight":4},{"x":107,"y":141,"operator":">","limit":201,"weight":4},{"x":108,"y":109,"operator":"=","limit":238,"weight":0},{"x":108,"y":143,"operator":">","limit":305,"weight":1},{"x":108,"y":182,"operator":">","limit":202,"weight":2},{"x":108,"y":183,"operator":">","limit":199,"weight":1},{"x":109,"y":131,"operator":">","limit":187,"weight":1},{"x":109,"y":142,"operator":">","limit":162,"weight":3},{"x":110,"y":111,"operator":"=","limit":238,"weight":0},{"x":110,"y":140,"operator":">","limit":55,"weight":3},{"x":110,"y":152,"operator":">","limit":125,"weight":2},{"x":110,"y":170,"operator":">","limit":96,"weight":3},{"x":111,"y":141,"operator":">","limit":54,"weight":2},{"x":112,"y":113,"operator":"=","limit":238,"weight":0},{"x":114,"y":115,"operator":"=","limit":238,"weight":0},{"x":114,"y":132,"operator":">","limit":82,"weight":4},{"x":114,"y":133,"operator":">","limit":127,"weight":3},{"x":114,"y":160,"operator":">","limit":109,"weight":4},{"x":114,"y":161,"operator":">","limit":344,"weight":3},{"x":114,"y":162,"operator":">","limit":41,"weight":2},{"x":114,"y":163,"operator":">","limit":279,"weight":4},{"x":114,"y":168,"operator":">","limit":38,"weight":3},{"x":114,"y":169,"operator":">","limit":277,"weight":2},{"x":114,"y":180,"operator":">","limit":534,"weight":2},{"x":114,"y":181,"operator":">","limit":394,"weight":2},{"x":114,"y":184,"operator":">","limit":532,"weight":2},{"x":114,"y":185,"operator":">","limit":231,"weight":3},{"x":114,"y":192,"operator":">","limit":222,"weight":4},{"x":114,"y":193,"operator":">","limit":145,"weight":1},{"x":115,"y":132,"operator":">","limit":151,"weight":4},{"x":115,"y":133,"operator":">","limit":78,"weight":4},{"x":115,"y":144,"operator":">","limit":158,"weight":3},{"x":115,"y":145,"operator":">","limit":197,"weight":3},{"x":115,"y":160,"operator":">","limit":125,"weight":4},{"x":115,"y":161,"operator":">","limit":111,"weight":4},{"x":115,"y":168,"operator":">","limit":193,"weight":4},{"x":115,"y":169,"operator":">","limit":41,"weight":2},{"x":115,"y":180,"operator":">","limit":491,"weight":2},{"x":115,"y":181,"operator":">","limit":399,"weight":2},{"x":115,"y":184,"operator":">","limit":119,"weight":2},{"x":115,"y":185,"operator":">","limit":241,"weight":2},{"x":115,"y":192,"operator":">","limit":10,"weight":4},{"x":115,"y":193,"operator":">","limit":220,"weight":2},{"x":116,"y":117,"operator":"=","limit":238,"weight":0},{"x":116,"y":155,"operator":">","limit":219,"weight":4},{"x":116,"y":179,"operator":">","limit":225,"weight":1},{"x":118,"y":119,"operator":"=","limit":238,"weight":0},{"x":118,"y":176,"operator":">","limit":206,"weight":2},{"x":118,"y":186,"operator":">","limit":193,"weight":1},{"x":118,"y":189,"operator":">","limit":109,"weight":1},{"x":119,"y":144,"operator":">","limit":264,"weight":4},{"x":120,"y":121,"operator":"=","limit":238,"weight":0},{"x":120,"y":124,"operator":">","limit":108,"weight":1},{"x":120,"y":125,"operator":">","limit":122,"weight":3},{"x":120,"y":126,"operator":">","limit":252,"weight":3},{"x":120,"y":127,"operator":">","limit":268,"weight":3},{"x":120,"y":146,"operator":">","limit":150,"weight":4},{"x":120,"y":147,"operator":">","limit":79,"weight":3},{"x":120,"y":174,"operator":">","limit":179,"weight":1},{"x":120,"y":175,"operator":">","limit":238,"weight":4},{"x":121,"y":126,"operator":">","limit":267,"weight":4},{"x":121,"y":127,"operator":">","limit":28,"weight":3},{"x":121,"y":146,"operator":">","limit":289,"weight":3},{"x":121,"y":147,"operator":">","limit":148,"weight":2},{"x":121,"y":174,"operator":">","limit":243,"weight":2},{"x":121,"y":175,"operator":">","limit":5,"weight":2},{"x":122,"y":123,"operator":"=","limit":238,"weight":0},{"x":122,"y":136,"operator":">","limit":159,"weight":3},{"x":122,"y":137,"operator":">","limit":368,"weight":1},{"x":122,"y":195,"operator":">","limit":136,"weight":4},{"x":123,"y":132,"operator":">","limit":199,"weight":2},{"x":123,"y":133,"operator":">","limit":65,"weight":2},{"x":123,"y":136,"operator":">","limit":140,"weight":4},{"x":123,"y":194,"operator":">","limit":207,"weight":4},{"x":124,"y":125,"operator":"=","limit":238,"weight":0},{"x":124,"y":194,"operator":">","limit":11,"weight":1},{"x":125,"y":136,"operator":">","limit":481,"weight":2},{"x":126,"y":127,"operator":"=","limit":238,"weight":0},{"x":126,"y":132,"operator":">","limit":234,"weight":4},{"x":126,"y":133,"operator":">","limit":163,"weight":2},{"x":126,"y":146,"operator":">","limit":118,"weight":2},{"x":126,"y":147,"operator":">","limit":424,"weight":1},{"x":126,"y":174,"operator":">","limit":27,"weight":3},{"x":126,"y":175,"operator":">","limit":260,"weight":2},{"x":127,"y":146,"operator":">","limit":223,"weight":1},{"x":127,"y":147,"operator":">","limit":182,"weight":4},{"x":127,"y":174,"operator":">","limit":206,"weight":2},{"x":127,"y":175,"operator":">","limit":26,"weight":4},{"x":128,"y":129,"operator":"=","limit":238,"weight":0},{"x":128,"y":130,"operator":">","limit":221,"weight":1},{"x":128,"y":131,"operator":">","limit":135,"weight":1},{"x":128,"y":143,"operator":">","limit":204,"weight":1},{"x":128,"y":156,"operator":">","limit":124,"weight":2},{"x":129,"y":131,"operator":">","limit":86,"weight":2},{"x":129,"y":139,"operator":">","limit":155,"weight":4},{"x":129,"y":142,"operator":">","limit":261,"weight":1},{"x":129,"y":143,"operator":">","limit":26,"weight":4},{"x":129,"y":144,"operator":">","limit":284,"weight":3},{"x":129,"y":145,"operator":">","limit":102,"weight":1},{"x":129,"y":163,"operator":">","limit":50,"weight":3},{"x":130,"y":131,"operator":"=","limit":238,"weight":0},{"x":130,"y":139,"operator":">","limit":163,"weight":4},{"x":131,"y":164,"operator":">","limit":161,"weight":1},{"x":131,"y":165,"operator":">","limit":73,"weight":2},{"x":132,"y":133,"operator":"=","limit":238,"weight":0},{"x":132,"y":160,"operator":">","limit":25,"weight":2},{"x":132,"y":161,"operator":">","limit":262,"weight":2},{"x":132,"y":162,"operator":">","limit":38,"weight":1},{"x":132,"y":163,"operator":">","limit":190,"weight":1},{"x":132,"y":168,"operator":">","limit":36,"weight":1},{"x":132,"y":169,"operator":">","limit":190,"weight":2},{"x":132,"y":180,"operator":">","limit":117,"weight":2},{"x":132,"y":181,"operator":">","limit":452,"weight":2},{"x":132,"y":184,"operator":">","limit":239,"weight":4},{"x":132,"y":185,"operator":">","limit":250,"weight":1},{"x":132,"y":192,"operator":">","limit":136,"weight":4},{"x":132,"y":193,"operator":">","limit":222,"weight":4},{"x":133,"y":160,"operator":">","limit":208,"weight":2},{"x":133,"y":161,"operator":">","limit":22,"weight":1},{"x":133,"y":168,"operator":">","limit":274,"weight":1},{"x":133,"y":169,"operator":">","limit":39,"weight":2},{"x":133,"y":180,"operator":">","limit":451,"weight":2},{"x":133,"y":181,"operator":">","limit":213,"weight":1},{"x":133,"y":184,"operator":">","limit":269,"weight":2},{"x":133,"y":185,"operator":">","limit":154,"weight":4},{"x":133,"y":192,"operator":">","limit":94,"weight":3},{"x":133,"y":193,"operator":">","limit":137,"weight":3},{"x":134,"y":135,"operator":"=","limit":238,"weight":0},{"x":134,"y":150,"operator":">","limit":105,"weight":1},{"x":134,"y":151,"operator":">","limit":295,"weight":3},{"x":134,"y":156,"operator":">","limit":274,"weight":3},{"x":134,"y":157,"operator":">","limit":294,"weight":1},{"x":134,"y":164,"operator":">","limit":111,"weight":2},{"x":134,"y":165,"operator":">","limit":122,"weight":4},{"x":134,"y":166,"operator":">","limit":195,"weight":2},{"x":134,"y":167,"operator":">","limit":199,"weight":4},{"x":134,"y":182,"operator":">","limit":109,"weight":2},{"x":134,"y":183,"operator":">","limit":224,"weight":2},{"x":134,"y":190,"operator":">","limit":223,"weight":1},{"x":134,"y":191,"operator":">","limit":8,"weight":3},{"x":135,"y":150,"operator":">","limit":294,"weight":4},{"x":135,"y":151,"operator":">","limit":56,"weight":1},{"x":135,"y":164,"operator":">","limit":295,"weight":1},{"x":135,"y":165,"operator":">","limit":111,"weight":3},{"x":135,"y":166,"operator":">","limit":198,"weight":1},{"x":135,"y":167,"operator":">","limit":30,"weight":3},{"x":135,"y":182,"operator":">","limit":226,"weight":3},{"x":135,"y":183,"operator":">","limit":2,"weight":2},{"x":135,"y":190,"operator":">","limit":177,"weight":2},{"x":135,"y":191,"operator":">","limit":223,"weight":2},{"x":136,"y":137,"operator":"=","limit":238,"weight":0},{"x":137,"y":196,"operator":">","limit":522,"weight":3},{"x":137,"y":197,"operator":">","limit":283,"weight":3},{"x":138,"y":139,"operator":"=","limit":238,"weight":0},{"x":139,"y":142,"operator":">","limit":215,"weight":4},{"x":139,"y":157,"operator":">","limit":22,"weight":1},{"x":139,"y":173,"operator":">","limit":36,"weight":1},{"x":140,"y":141,"operator":"=","limit":238,"weight":0},{"x":140,"y":152,"operator":">","limit":64,"weight":2},{"x":141,"y":170,"operator":">","limit":193,"weight":1},{"x":141,"y":171,"operator":">","limit":38,"weight":2},{"x":142,"y":143,"operator":"=","limit":238,"weight":0},{"x":142,"y":158,"operator":">","limit":269,"weight":4},{"x":142,"y":159,"operator":">","limit":297,"weight":3},{"x":142,"y":162,"operator":">","limit":22,"weight":2},{"x":143,"y":172,"operator":">","limit":286,"weight":4},{"x":144,"y":145,"operator":"=","limit":238,"weight":0},{"x":144,"y":187,"operator":">","limit":105,"weight":3},{"x":144,"y":188,"operator":">","limit":95,"weight":2},{"x":145,"y":186,"operator":">","limit":341,"weight":3},{"x":145,"y":189,"operator":">","limit":97,"weight":3},{"x":146,"y":147,"operator":"=","limit":238,"weight":0},{"x":146,"y":160,"operator":">","limit":110,"weight":1},{"x":146,"y":161,"operator":">","limit":279,"weight":1},{"x":146,"y":174,"operator":">","limit":233,"weight":3},{"x":146,"y":175,"operator":">","limit":394,"weight":4},{"x":147,"y":174,"operator":">","limit":176,"weight":4},{"x":147,"y":175,"operator":">","limit":154,"weight":3},{"x":148,"y":149,"operator":"=","limit":238,"weight":0},{"x":148,"y":158,"operator":">","limit":65,"weight":4},{"x":148,"y":159,"operator":">","limit":282,"weight":4},{"x":149,"y":158,"operator":">","limit":166,"weight":1},{"x":149,"y":159,"operator":">","limit":69,"weight":4},{"x":150,"y":151,"operator":"=","limit":238,"weight":0},{"x":150,"y":164,"operator":">","limit":152,"weight":2},{"x":150,"y":165,"operator":">","limit":236,"weight":1},{"x":150,"y":166,"operator":">","limit":97,"weight":2},{"x":150,"y":167,"operator":">","limit":248,"weight":3},{"x":150,"y":182,"operator":">","limit":64,"weight":1},{"x":150,"y":183,"operator":">","limit":192,"weight":2},{"x":150,"y":190,"operator":">","limit":149,"weight":4},{"x":150,"y":191,"operator":">","limit":269,"weight":2},{"x":150,"y":196,"operator":">","limit":137,"weight":3},{"x":150,"y":197,"operator":">","limit":182,"weight":2},{"x":151,"y":164,"operator":">","limit":113,"weight":4},{"x":151,"y":165,"operator":">","limit":171,"weight":2},{"x":151,"y":166,"operator":">","limit":139,"weight":2},{"x":151,"y":167,"operator":">","limit":96,"weight":2},{"x":151,"y":172,"operator":">","limit":246,"weight":2},{"x":151,"y":173,"operator":">","limit":13,"weight":3},{"x":151,"y":182,"operator":">","limit":167,"weight":2},{"x":151,"y":183,"operator":">","limit":65,"weight":1},{"x":151,"y":190,"operator":">","limit":256,"weight":1},{"x":151,"y":191,"operator":">","limit":285,"weight":2},{"x":152,"y":153,"operator":"=","limit":238,"weight":0},{"x":153,"y":174,"operator":">","limit":222,"weight":1},{"x":153,"y":175,"operator":">","limit":10,"weight":2},{"x":154,"y":155,"operator":"=","limit":238,"weight":0},{"x":155,"y":179,"operator":">","limit":84,"weight":3},{"x":155,"y":180,"operator":">","limit":203,"weight":2},{"x":155,"y":181,"operator":">","limit":182,"weight":2},{"x":156,"y":157,"operator":"=","limit":238,"weight":0},{"x":157,"y":172,"operator":">","limit":251,"weight":3},{"x":157,"y":190,"operator":">","limit":198,"weight":2},{"x":157,"y":191,"operator":">","limit":283,"weight":1},{"x":158,"y":159,"operator":"=","limit":238,"weight":0},{"x":158,"y":168,"operator":">","limit":135,"weight":1},{"x":158,"y":169,"operator":">","limit":272,"weight":2},{"x":159,"y":162,"operator":">","limit":149,"weight":3},{"x":159,"y":163,"operator":">","limit":186,"weight":4},{"x":160,"y":161,"operator":"=","limit":238,"weight":0},{"x":160,"y":166,"operator":">","limit":129,"weight":3},{"x":160,"y":167,"operator":">","limit":201,"weight":3},{"x":160,"y":168,"operator":">","limit":69,"weight":3},{"x":160,"y":169,"operator":">","limit":167,"weight":3},{"x":160,"y":180,"operator":">","limit":269,"weight":4},{"x":160,"y":181,"operator":">","limit":202,"weight":2},{"x":160,"y":184,"operator":">","limit":531,"weight":4},{"x":160,"y":185,"operator":">","limit":248,"weight":1},{"x":160,"y":192,"operator":">","limit":111,"weight":2},{"x":160,"y":193,"operator":">","limit":110,"weight":2},{"x":161,"y":168,"operator":">","limit":135,"weight":2},{"x":161,"y":169,"operator":">","limit":69,"weight":2},{"x":161,"y":172,"operator":">","limit":218,"weight":4},{"x":161,"y":173,"operator":">","limit":183,"weight":4},{"x":161,"y":180,"operator":">","limit":282,"weight":2},{"x":161,"y":181,"operator":">","limit":184,"weight":4},{"x":161,"y":184,"operator":">","limit":198,"weight":4},{"x":161,"y":185,"operator":">","limit":127,"weight":2},{"x":161,"y":192,"operator":">","limit":125,"weight":4},{"x":161,"y":193,"operator":">","limit":110,"weight":1},{"x":162,"y":163,"operator":"=","limit":238,"weight":0},{"x":163,"y":173,"operator":">","limit":253,"weight":4},{"x":163,"y":182,"operator":">","limit":276,"weight":2},{"x":163,"y":183,"operator":">","limit":170,"weight":3},{"x":164,"y":165,"operator":"=","limit":238,"weight":0},{"x":164,"y":166,"operator":">","limit":118,"weight":3},{"x":164,"y":167,"operator":">","limit":178,"weight":2},{"x":164,"y":182,"operator":">","limit":130,"weight":4},{"x":164,"y":183,"operator":">","limit":127,"weight":3},{"x":164,"y":190,"operator":">","limit":108,"weight":1},{"x":164,"y":191,"operator":">","limit":124,"weight":3},{"x":165,"y":166,"operator":">","limit":240,"weight":2},{"x":165,"y":167,"operator":">","limit":70,"weight":3},{"x":165,"y":182,"operator":">","limit":156,"weight":4},{"x":165,"y":183,"operator":">","limit":98,"weight":1},{"x":165,"y":190,"operator":">","limit":197,"weight":3},{"x":165,"y":191,"operator":">","limit":106,"weight":4},{"x":166,"y":167,"operator":"=","limit":238,"weight":0},{"x":166,"y":182,"operator":">","limit":22,"weight":1},{"x":166,"y":183,"operator":">","limit":207,"weight":2},{"x":166,"y":190,"operator":">","limit":226,"weight":4},{"x":166,"y":191,"operator":">","limit":119,"weight":1},{"x":167,"y":182,"operator":">","limit":262,"weight":1},{"x":167,"y":183,"operator":">","limit":23,"weight":1},{"x":167,"y":190,"operator":">","limit":237,"weight":1},{"x":167,"y":191,"operator":">","limit":182,"weight":3},{"x":168,"y":169,"operator":"=","limit":238,"weight":0},{"x":168,"y":180,"operator":">","limit":248,"weight":4},{"x":168,"y":181,"operator":">","limit":172,"weight":2},{"x":168,"y":184,"operator":">","limit":188,"weight":3},{"x":168,"y":185,"operator":">","limit":270,"weight":1},{"x":168,"y":192,"operator":">","limit":178,"weight":1},{"x":168,"y":193,"operator":">","limit":184,"weight":2},{"x":169,"y":180,"operator":">","limit":188,"weight":3},{"x":169,"y":181,"operator":">","limit":255,"weight":4},{"x":169,"y":184,"operator":">","limit":438,"weight":3},{"x":169,"y":185,"operator":">","limit":200,"weight":4},{"x":169,"y":190,"operator":">","limit":276,"weight":1},{"x":169,"y":191,"operator":">","limit":41,"weight":2},{"x":169,"y":192,"operator":">","limit":55,"weight":3},{"x":169,"y":193,"operator":">","limit":181,"weight":2},{"x":170,"y":171,"operator":"=","limit":238,"weight":0},{"x":171,"y":174,"operator":">","limit":193,"weight":2},{"x":171,"y":175,"operator":">","limit":36,"weight":3},{"x":172,"y":173,"operator":"=","limit":238,"weight":0},{"x":173,"y":178,"operator":">","limit":138,"weight":3},{"x":173,"y":179,"operator":">","limit":97,"weight":3},{"x":174,"y":175,"operator":"=","limit":238,"weight":0},{"x":175,"y":194,"operator":">","limit":281,"weight":2},{"x":175,"y":195,"operator":">","limit":101,"weight":4},{"x":176,"y":177,"operator":"=","limit":238,"weight":0},{"x":177,"y":188,"operator":">","limit":308,"weight":1},{"x":178,"y":179,"operator":"=","limit":238,"weight":0},{"x":179,"y":186,"operator":">","limit":338,"weight":3},{"x":179,"y":187,"operator":">","limit":103,"weight":2},{"x":180,"y":181,"operator":"=","limit":238,"weight":0},{"x":180,"y":182,"operator":">","limit":83,"weight":1},{"x":180,"y":183,"operator":">","limit":282,"weight":4},{"x":180,"y":184,"operator":">","limit":51,"weight":1},{"x":180,"y":185,"operator":">","limit":289,"weight":1},{"x":180,"y":192,"operator":">","limit":246,"weight":3},{"x":180,"y":193,"operator":">","limit":205,"weight":4},{"x":181,"y":184,"operator":">","limit":176,"weight":2},{"x":181,"y":185,"operator":">","limit":55,"weight":3},{"x":181,"y":186,"operator":">","limit":191,"weight":4},{"x":181,"y":187,"operator":">","limit":199,"weight":1},{"x":181,"y":192,"operator":">","limit":264,"weight":3},{"x":181,"y":193,"operator":">","limit":70,"weight":2},{"x":182,"y":183,"operator":"=","limit":238,"weight":0},{"x":182,"y":190,"operator":">","limit":137,"weight":1},{"x":182,"y":191,"operator":">","limit":182,"weight":4},{"x":183,"y":190,"operator":">","limit":201,"weight":4},{"x":183,"y":191,"operator":">","limit":213,"weight":2},{"x":184,"y":185,"operator":"=","limit":238,"weight":0},{"x":184,"y":192,"operator":">","limit":299,"weight":3},{"x":184,"y":193,"operator":">","limit":252,"weight":4},{"x":185,"y":192,"operator":">","limit":254,"weight":2},{"x":185,"y":193,"operator":">","limit":14,"weight":3},{"x":185,"y":194,"operator":">","limit":420,"weight":2},{"x":185,"y":195,"operator":">","limit":184,"weight":3},{"x":186,"y":187,"operator":"=","limit":238,"weight":0},{"x":188,"y":189,"operator":"=","limit":238,"weight":0},{"x":189,"y":194,"operator":">","limit":202,"weight":2},{"x":189,"y":195,"operator":">","limit":238,"weight":3},{"x":190,"y":191,"operator":"=","limit":238,"weight":0},{"x":191,"y":194,"operator":">","limit":180,"weight":2},{"x":191,"y":195,"operator":">","limit":51,"weight":4},{"x":192,"y":193,"operator":"=","limit":238,"weight":0},{"x":193,"y":196,"operator":">","limit":202,"weight":4},{"x":193,"y":197,"operator":">","limit":218,"weight":3},{"x":194,"y":195,"operator":"=","limit":238,"weight":0},{"x":195,"y":196,"operator":">","limit":292,"weight":2},{"x":195,"y":197,"operator":">","limit":54,"weight":4},{"x":196,"y":197,"operator":"=","limit":238,"weight":0},{"x":198,"y":199,"operator":"=","limit":238,"weight":0}],"interferenceCosts":[0,1000,100,10,1],"mobilityCosts":[0,1000,100,10,1]}