{"domains":[null,[16,30,44,58,72,86,100,114,128,142,156,254,268,282,296,310,324,338,352,366,380,394,414,428,442,456,470,484,498,512,526,540,554,652,666,680,694,708,722,736,750,764,778,792],[30,58,86,114,142,268,296,324,352,380,414,442,470,498,526,554,652,680,708,736,764,792],[30,44,58,72,86,100,114,128,142,268,282,296,310,324,338,352,366,380,428,442,456,470,484,498,512,526,540,666,680,694,708,722,736,750,764,778],[16,30,58,86,114,142,254,268,296,324,352,380,414,442,470,498,526,554,652,680,708,736,764,792],[142,170,240,380,408,478],[30,44,58,72,86,100,114,128,142,156,268,282,296,310,324,338,352,366,380,394,414,428,442,456,470,484,498,512,526,540,554,652,666,680,694,708,722,736,750,764,778,792],[16,30,44,58,72,86,100,114,128,142,156,254,268,282,296,310,324,338,352,366,380,394]],"vars":[{"domain":1,"value":null,"mobility":null},{"domain":1,"value":null,"mobility":null},{"domain":1,"value":null,"mobility":null},{"domain":1,"value":null,"mobility":null},{"domain":1,"value":null,"mobility":null},{"domain":1,"value":null,"mobility":null},{"domain":1,"value":null,"mobility":null},{"domain":1,"value":null,"mobility":null},{"domain":1,"value":null,"mobility":null},{"domain":1,"value":null,"mobility":null},{"domain":1,"value":null,"mobility":null},{"domain":1,"value":null,"mobility":null},{"domain":1,"value":null,"mobility":null},{"domain":1,"value":null,"mobility":null},{"domain":1,"value":null,"mobility":null},{"domain":1,"value":null,"mobility":null},{"domain":1,"value":null,"mobility":null},{"domain":1,"value":null,"mobility":null},{"domain":1,"value":null,"mobility":null},{"domain":1,"value":null,"mobility":null},{"domain":3,"value":null,"mobility":null},{"domain":3,"value":null,"mobility":null},{"domain":3,"value":null,"mobility":null},{"domain":3,"value":null,"mobility":null},{"domain":3,"value":null,"mobility":null},{"domain":3,"value":null,"mobility":null},{"domain":1,"value":null,"mobility":null},{"domain":1,"value":null,"mobility":null},{"domain":1,"value":null,"mobility":null},{"domain":1,"value":null,"mobility":null},{"domain":1,"value":null,"mobility":null},{"domain":1,"value":null,"mobility":null},{"domain":1,"value":null,"mobility":null},{"domain":1,"value":null,"mobility":null},{"domain":1,"value":null,"mobility":null},{"domain":1,"value":null,"mobility":null},{"domain":1,"value":null,"mobility":null},{"domain":1,"value":null,"mobility":null},{"domain":1,"value":null,"mobility":null},{"domain":1,"value":null,"mobility":null},{"domain":1,"value":null,"mobility":null},{"domain":1,"value":null,"mobility":null},{"domain":1,"value":null,"mobility":null},{"domain":1,"value":null,"mobility":null},{"domain":1,"value":null,"mobility":null},{"domain":1,"value":null,"mobility":null},{"domain":1,"value":null,"mobility":null},{"domain":1,"value":null,"mobility":null},{"domain":1,"value":null,"mobility":null},{"domain":1,"value":null,"mobility":null},{"domain":1,"value":null,"mobility":null},{"domain":1,"value":null,"mobility":null},{"domain":1,"value":null,"mobility":null},{"domain":1,"value":null,"mobility":null},{"domain":1,"value":null,"mobility":null},{"domain":1,"value":null,"mobility":null},{"domain":1,"value":null,"mobility":null},{"domain":1,"value":null,"mobility":null},{"domain":1,"value":null,"mobility":null},{"domain":1,"value":null,"mobility":null},{"domain":1,"value":null,"mobility":null},{"domain":1,"value":null,"mobility":null},{"domain":1,"value":null,"mobility":null},{"domain":1,"value":null,"mobility":null},{"domain":1,"value":null,"mobility":null},{"domain":1,"value":null,"mobility":null},{"domain":1,"value":null,"mobility":null},{"domain":1,"value":null,"mobility":null},{"domain":1,"value":null,"mobility":null},{"domain":1,"value":null,"mobility":null},{"domain":1,"value":null,"mobility":null},{"domain":1,"value":null,"mobility":null},{"domain":1,"value":null,"mobility":null},{"domain":1,"value":null,"mobility":null},{"domain":1,"value":null,"mobility":null},{"domain":1,"value":null,"mobility":null},{"domain":3,"value":null,"mobility":null},{"domain":3,"value":null,"mobility":null},{"domain":3,"value":null,"mobility":null},{"domain":3,"value":null,"mobility":null},{"domain":3,"value":null,"mobility":null},{"domain":3,"value":null,"mobility":null},{"domain":3,"value":null,"mobility":null},{"domain":3,"value":null,"mobility":null},{"domain":1,"value":null,"mobility":null},{"domain":1,"value":null,"mobility":null},{"domain":3,"value":null,"mobility":null},{"domain":3,"value":null,"mobility":null},{"domain":3,"value":null,"mobility":null},{"domain":3,"value":null,"mobility":null},{"domain":3,"value":null,"mobility":null},{"domain":3,"value":null,"mobility":null},{"domain":3,"value":null,"mobility":null},{"domain":3,"value":null,"mobility":null},{"domain":3,"value":null,"mobility":null},{"domain":3,"value":null,"mobility":null},{"domain":3,"value":null,"mobility":null},{"domain":3,"value":null,"mobility":null},{"domain":3,"value":null,"mobility":null},{"domain":3,"value":null,"mobility":null},{"domain":1,"value":null,"mobility":null},{"domain":1,"value":null,"mobility":null},{"domain":1,"value":null,"mobility":null},{"domain":1,"value":null,"mobility":null},{"domain":3,"value":null,"mobility":null},{"domain":3,"value":null,"mobility":null},{"domain":1,"value":null,"mobility":null},{"domain":1,"value":null,"mobility":null},{"domain":1,"value":null,"mobility":null},{"domain":1,"value":null,"mobility":null},{"domain":1,"value":null,"mobility":null},{"domain":1,"value":null,"mobility":null},{"domain":3,"value":null,"mobility":null},{"domain":3,"value":null,"mobility":null},{"domain":3,"value":null,"mobility":null},{"domain":3,"value":null,"mobility":null},{"domain":3,"value":null,"mobility":null},{"domain":3,"value":null,"mobility":null},{"domain":3,"value":null,"mobility":null},{"domain":3,"value":null,"mobility":null},{"domain":3,"value":null,"mobility":null},{"domain":3,"value":null,"mobility":null},{"domain":3,"value":null,"mobility":null},{"domain":3,"value":null,"mobility":null},{"domain":3,"value":null,"mobility":null},{"domain":3,"value":null,"mobility":null},{"domain":3,"value":null,"mobility":null},{"domain":3,"value":null,"mobility":null},{"domain":3,"value":null,"mobility":null},{"domain":3,"value":null,"mobility":null},{"domain":3,"value":null,"mobility":null},{"domain":3,"value":null,"mobility":null},{"domain":3,"value":null,"mobility":null},{"domain":3,"value":null,"mobility":null},{"domain":3,"value":null,"mobility":null},{"domain":3,"value":null,"mobility":null},{"domain":3,"value":null,"mobility":null},{"domain":3,"value":null,"mobility":null},{"domain":3,"value":null,"mobility":null},{"domain":3,"value":null,"mobility":null},{"domain":3,"value":null,"mobility":null},{"domain":3,"value":null,"mobility":null},{"domain":3,"value":null,"mobility":null},{"domain":3,"value":null,"mobility":null},{"domain":3,"value":null,"mobility":null},{"domain":3,"value":null,"mobility":null},{"domain":3,"value":null,"mobility":null},{"domain":3,"value":null,"mobility":null},{"domain":7,"value":null,"mobility":null},{"domain":7,"value":null,"mobility":null},{"domain":1,"value":null,"mobility":null},{"domain":1,"value":null,"mobility":null},{"domain":1,"value":null,"mobility":null},{"domain":1,"value":null,"mobility":null},{"domain":1,"value":null,"mobility":null},{"domain":1,"value":null,"mobility":null},{"domain":1,"value":null,"mobility":null},{"domain":1,"value":null,"mobility":null},{"domain":1,"value":null,"mobility":null},{"domain":1,"value":null,"mobility":null},{"domain":1,"value":null,"mobility":null},{"domain":1,"value":null,"mobility":null},{"domain":1,"value":null,"mobility":null},{"domain":1,"value":null,"mobility":null},{"domain":1,"value":null,"mobility":null},{"domain":1,"value":null,"mobility":null},{"domain":1,"value":null,"mobility":null},{"domain":1,"value":null,"mobility":null},{"domain":3,"value":null,"mobility":null},{"domain":3,"value":null,"mobility":null},{"domain":3,"value":null,"mobility":null},{"domain":3,"value":null,"mobility":null},{"domain":3,"value":null,"mobility":null},{"domain":3,"value":null,"mobility":null},{"domain":3,"value":null,"mobility":null},{"domain":3,"value":null,"mobility":null},{"domain":1,"value":null,"mobility":null},{"domain":1,"value":null,"mobility":null},{"domain":1,"value":null,"mobility":null},{"domain":1,"value":null,"mobility":null},{"domain":1,"value":null,"mobility":null},{"domain":1,"value":null,"mobility":null},{"domain":3,"value":null,"mobility":null},{"domain":3,"value":null,"mobility":null},{"domain":3,"value":null,"mobility":null},{"domain":3,"value":null,"mobility":null},{"domain":3,"value":null,"mobility":null},{"domain":3,"value":null,"mobility":null},{"domain":3,"value":null,"mobility":null},{"domain":3,"value":null,"mobility":null},{"domain":3,"value":null,"mobility":null},{"domain":3,"value":null,"mobility":null},{"domain":3,"value":null,"mobility":null},{"domain":3,"value":null,"mobility":null},{"domain":3,"value":null,"mobility":null},{"domain":3,"value":null,"mobility":null},{"domain":3,"value":null,"mobility":null},{"domain":3,"value":null,"mobility":null},{"domain":3,"value":null,"mobility":null},{"domain":3,"value":null,"mobility":null}],"ctrs":[{"x":0,"y":1,"operator":"=","limit":238,"weight":0},{"x":0,"y":2,"operator":">","limit":59,"weight":1},{"x":0,"y":3,"operator":">","limit":186,"weight":2},{"x":0,"y":62,"operator":">","limit":10,"weight":1},{"x":0,"y":63,"operator":">","limit":186,"weight":2},{"x":0,"y":64,"operator":">","limit":168,"weight":1},{"x":0,"y":65,"operator":">","limit":56,"weight":4},{"x":0,"y":92,"operator":">","limit":91,"weight":3},{"x":0,"y":93,"operator":">","limit":265,"weight":3},{"x":0,"y":120,"operator":">","limit":26,"weight":4},{"x":0,"y":121,"operator":">","limit":200,"weight":4},{"x":0,"y":156,"operator":">","limit":177,"weight":2},{"x":0,"y":157,"operator":">","limit":7,"weight":3},{"x":0,"y":178,"operator":">","limit":62,"weight":4},{"x":0,"y":179,"operator":">","limit":233,"weight":4},{"x":1,"y":2,"operator":">","limit":186,"weight":2},{"x":1,"y":3,"operator":">","limit":59,"weight":1},{"x":1,"y":62,"operator":">","limit":168,"weight":2},{"x":1,"y":63,"operator":">","limit":11,"weight":4},{"x":1,"y":64,"operator":">","limit":56,"weight":4},{"x":1,"y":65,"operator":">","limit":151,"weight":3},{"x":1,"y":92,"operator":">","limit":265,"weight":3},{"x":1,"y":93,"operator":">","limit":408,"weight":2},{"x":1,"y":120,"operator":">","limit":200,"weight":4},{"x":1,"y":121,"operator":">","limit":343,"weight":3},{"x":1,"y":156,"operator":">","limit":8,"weight":4},{"x":1,"y":157,"operator":">","limit":177,"weight":2},{"x":1,"y":178,"operator":">","limit":121,"weight":3},{"x":1,"y":179,"operator":">","limit":60,"weight":2},{"x":2,"y":3,"operator":"=","limit":238,"weight":0},{"x":2,"y":62,"operator":">","limit":10,"weight":1},{"x":2,"y":63,"operator":">","limit":186,"weight":2},{"x":2,"y":64,"operator":">","limit":168,"weight":1},{"x":2,"y":65,"operator":">","limit":56,"weight":4},{"x":2,"y":92,"operator":">","limit":91,"weight":3},{"x":2,"y":93,"operator":">","limit":265,"weight":3},{"x":2,"y":120,"operator":">","limit":26,"weight":4},{"x":2,"y":121,"operator":">","limit":200,"weight":4},{"x":2,"y":156,"operator":">","limit":177,"weight":2},{"x":2,"y":157,"operator":">","limit":7,"weight":3},{"x":2,"y":178,"operator":">","limit":62,"weight":4},{"x":2,"y":179,"operator":">","limit":233,"weight":4},{"x":3,"y":62,"operator":">","limit":168,"weight":2},{"x":3,"y":63,"operator":">","limit":11,"weight":4},{"x":3,"y":64,"operator":">","limit":56,"weight":4},{"x":3,"y":65,"operator":">","limit":151,"weight":3},{"x":3,"y":92,"operator":">","limit":265,"weight":3},{"x":3,"y":93,"operator":">","limit":408,"weight":2},{"x":3,"y":120,"operator":">","limit":200,"weight":4},{"x":3,"y":121,"operator":">","limit":343,"weight":3},{"x":3,"y":156,"operator":">","limit":8,"weight":4},{"x":3,"y":157,"operator":">","limit":177,"weight":2},{"x":3,"y":178,"operator":">","limit":121,"weight":3},{"x":3,"y":179,"operator":">","limit":60,"weight":2},{"x":4,"y":5,"operator":"=","limit":238,"weight":0},{"x":4,"y":6,"operator":">","limit":268,"weight":3},{"x":4,"y":7,"operator":">","limit":425,"weight":4},{"x":6,"y":7,"operator":"=","limit":238,"weight":0},{"x":6,"y":8,"operator":">","limit":147,"weight":2},{"x":6,"y":9,"operator":">","limit":321,"weight":2},{"x":7,"y":8,"operator":">","limit":321,"weight":2},{"x":7,"y":9,"operator":">","limit":462,"weight":2},{"x":7,"y":150,"operator":">","limit":178,"weight":3},{"x":7,"y":185,"operator":">","limit":294,"weight":2},{"x":7,"y":199,"operator":">","limit":453,"weight":2},{"x":8,"y":9,"operator":"=","limit":238,"weight":0},{"x":8,"y":52,"operator":">","limit":96,"weight":2},{"x":9,"y":53,"operator":">","limit":225,"weight":2},{"x":10,"y":11,"operator":"=","limit":238,"weight":0},{"x":10,"y":12,"operator":">","limit":350,"weight":1},{"x":10,"y":13,"operator":">","limit":517,"weight":3},{"x":10,"y":130,"operator":">","limit":242,"weight":4},{"x":10,"y":131,"operator":">","limit":66,"weight":2},{"x":10,"y":172,"operator":">","limit":435,"weight":2},{"x":10,"y":173,"operator":">","limit":293,"weight":4},{"x":10,"y":176,"operator":">","limit":191,"weight":4},{"x":10,"y":177,"operator":">","limit":19,"weight":3},{"x":11,"y":12,"operator":">","limit":200,"weight":4},{"x":11,"y":13,"operator":">","limit":350,"weight":1},{"x":11,"y":130,"operator":">","limit":67,"weight":3},{"x":11,"y":131,"operator":">","limit":112,"weight":3},{"x":11,"y":172,"operator":">","limit":293,"weight":4},{"x":11,"y":173,"operator":">","limit":119,"weight":4},{"x":11,"y":176,"operator":">","limit":20,"weight":4},{"x":11,"y":177,"operator":">","limit":158,"weight":4},{"x":11,"y":180,"operator":">","limit":66,"weight":2},{"x":12,"y":13,"operator":"=","limit":238,"weight":0},{"x":12,"y":130,"operator":">","limit":125,"weight":4},{"x":12,"y":131,"operator":">","limit":266,"weight":4},{"x":12,"y":172,"operator":">","limit":104,"weight":4},{"x":12,"y":173,"operator":">","limit":74,"weight":4},{"x":12,"y":176,"operator":">","limit":167,"weight":4},{"x":12,"y":177,"operator":">","limit":313,"weight":3},{"x":13,"y":130,"operator":">","limit":267,"weight":2},{"x":13,"y":131,"operator":">","limit":442,"weight":3},{"x":13,"y":172,"operator":">","limit":74,"weight":4},{"x":13,"y":173,"operator":">","limit":217,"weight":3},{"x":13,"y":176,"operator":">","limit":314,"weight":4},{"x":13,"y":177,"operator":">","limit":489,"weight":2},{"x":13,"y":180,"operator":">","limit":266,"weight":4},{"x":14,"y":15,"operator":"=","limit":238,"weight":0},{"x":14,"y":16,"operator":">","limit":59,"weight":1},{"x":14,"y":17,"operator":">","limit":186,"weight":2},{"x":14,"y":38,"operator":">","limit":65,"weight":4},{"x":14,"y":39,"operator":">","limit":206,"weight":4},{"x":14,"y":40,"operator":">","limit":517,"weight":3},{"x":14,"y":41,"operator":">","limit":341,"weight":4},{"x":14,"y":42,"operator":">","limit":493,"weight":3},{"x":14,"y":43,"operator":">","limit":349,"weight":3},{"x":14,"y":44,"operator":">","limit":236,"weight":4},{"x":14,"y":45,"operator":">","limit":93,"weight":2},{"x":14,"y":46,"operator":">","limit":68,"weight":4},{"x":14,"y":47,"operator":">","limit":242,"weight":4},{"x":14,"y":72,"operator":">","limit":252,"weight":2},{"x":14,"y":73,"operator":">","limit":77,"weight":4},{"x":14,"y":74,"operator":">","limit":252,"weight":2},{"x":14,"y":75,"operator":">","limit":75,"weight":1},{"x":14,"y":158,"operator":">","limit":493,"weight":3},{"x":14,"y":159,"operator":">","limit":349,"weight":3},{"x":14,"y":160,"operator":">","limit":517,"weight":3},{"x":14,"y":161,"operator":">","limit":341,"weight":4},{"x":14,"y":162,"operator":">","limit":517,"weight":3},{"x":14,"y":163,"operator":">","limit":341,"weight":4},{"x":14,"y":164,"operator":">","limit":453,"weight":1},{"x":14,"y":165,"operator":">","limit":302,"weight":4},{"x":14,"y":166,"operator":">","limit":59,"weight":1},{"x":14,"y":167,"operator":">","limit":186,"weight":2},{"x":14,"y":183,"operator":">","limit":427,"weight":3},{"x":15,"y":16,"operator":">","limit":186,"weight":2},{"x":15,"y":17,"operator":">","limit":59,"weight":1},{"x":15,"y":38,"operator":">","limit":114,"weight":2},{"x":15,"y":39,"operator":">","limit":65,"weight":4},{"x":15,"y":40,"operator":">","limit":342,"weight":2},{"x":15,"y":41,"operator":">","limit":200,"weight":4},{"x":15,"y":42,"operator":">","limit":349,"weight":3},{"x":15,"y":43,"operator":">","limit":175,"weight":3},{"x":15,"y":44,"operator":">","limit":93,"weight":2},{"x":15,"y":45,"operator":">","limit":86,"weight":4},{"x":15,"y":46,"operator":">","limit":112,"weight":3},{"x":15,"y":47,"operator":">","limit":68,"weight":4},{"x":15,"y":72,"operator":">","limit":77,"weight":4},{"x":15,"y":73,"operator":">","limit":102,"weight":2},{"x":15,"y":74,"operator":">","limit":77,"weight":4},{"x":15,"y":75,"operator":">","limit":102,"weight":2},{"x":15,"y":158,"operator":">","limit":349,"weight":3},{"x":15,"y":159,"operator":">","limit":175,"weight":3},{"x":15,"y":160,"operator":">","limit":342,"weight":2},{"x":15,"y":161,"operator":">","limit":200,"weight":4},{"x":15,"y":162,"operator":">","limit":342,"weight":2},{"x":15,"y":163,"operator":">","limit":200,"weight":4},{"x":15,"y":164,"operator":">","limit":302,"weight":4},{"x":15,"y":165,"operator":">","limit":135,"weight":1},{"x":15,"y":166,"operator":">","limit":186,"weight":2},{"x":15,"y":167,"operator":">","limit":59,"weight":1},{"x":16,"y":17,"operator":"=","limit":238,"weight":0},{"x":16,"y":38,"operator":">","limit":65,"weight":4},{"x":16,"y":39,"operator":">","limit":206,"weight":4},{"x":16,"y":40,"operator":">","limit":517,"weight":3},{"x":16,"y":41,"operator":">","limit":341,"weight":4},{"x":16,"y":42,"operator":">","limit":493,"weight":3},{"x":16,"y":43,"operator":">","limit":349,"weight":3},{"x":16,"y":44,"operator":">","limit":236,"weight":4},{"x":16,"y":45,"operator":">","limit":93,"weight":2},{"x":16,"y":46,"operator":">","limit":68,"weight":4},{"x":16,"y":47,"operator":">","limit":242,"weight":4},{"x":16,"y":72,"operator":">","limit":252,"weight":2},{"x":16,"y":73,"operator":">","limit":77,"weight":4},{"x":16,"y":74,"operator":">","limit":252,"weight":2},{"x":16,"y":75,"operator":">","limit":75,"weight":1},{"x":16,"y":158,"operator":">","limit":493,"weight":3},{"x":16,"y":159,"operator":">","limit":349,"weight":3},{"x":16,"y":160,"operator":">","limit":517,"weight":3},{"x":16,"y":161,"operator":">","limit":341,"weight":4},{"x":16,"y":162,"operator":">","limit":517,"weight":3},{"x":16,"y":163,"operator":">","limit":341,"weight":4},{"x":16,"y":164,"operator":">","limit":453,"weight":1},{"x":16,"y":165,"operator":">","limit":302,"weight":4},{"x":16,"y":166,"operator":">","limit":59,"weight":1},{"x":16,"y":167,"operator":">","limit":186,"weight":2},{"x":16,"y":183,"operator":">","limit":427,"weight":3},{"x":17,"y":38,"operator":">","limit":114,"weight":2},{"x":17,"y":39,"operator":">","limit":65,"weight":4},{"x":17,"y":40,"operator":">","limit":342,"weight":2},{"x":17,"y":41,"operator":">","limit":200,"weight":4},{"x":17,"y":42,"operator":">","limit":349,"weight":3},{"x":17,"y":43,"operator":">","limit":175,"weight":3},{"x":17,"y":44,"operator":">","limit":93,"weight":2},{"x":17,"y":45,"operator":">","limit":86,"weight":4},{"x":17,"y":46,"operator":">","limit":112,"weight":3},{"x":17,"y":47,"operator":">","limit":68,"weight":4},{"x":17,"y":72,"operator":">","limit":77,"weight":4},{"x":17,"y":73,"operator":">","limit":102,"weight":2},{"x":17,"y":74,"operator":">","limit":77,"weight":4},{"x":17,"y":75,"operator":">","limit":102,"weight":2},{"x":17,"y":158,"operator":">","limit":349,"weight":3},{"x":17,"y":159,"operator":">","limit":175,"weight":3},{"x":17,"y":160,"operator":">","limit":342,"weight":2},{"x":17,"y":161,"operator":">","limit":200,"weight":4},{"x":17,"y":162,"operator":">","limit":342,"weight":2},{"x":17,"y":163,"operator":">","limit":200,"weight":4},{"x":17,"y":164,"operator":">","limit":302,"weight":4},{"x":17,"y":165,"operator":">","limit":135,"weight":1},{"x":17,"y":166,"operator":">","limit":186,"weight":2},{"x":17,"y":167,"operator":">","limit":59,"weight":1},{"x":18,"y":19,"operator":"=","limit":238,"weight":0},{"x":18,"y":28,"operator":">","limit":67,"weight":3},{"x":18,"y":29,"operator":">","limit":97,"weight":3},{"x":18,"y":66,"operator":">","limit":185,"weight":4},{"x":18,"y":67,"operator":">","limit":358,"weight":3},{"x":18,"y":68,"operator":">","limit":260,"weight":4},{"x":18,"y":69,"operator":">","limit":116,"weight":4},{"x":18,"y":80,"operator":">","limit":325,"weight":3},{"x":18,"y":83,"operator":">","limit":13,"weight":3},{"x":18,"y":174,"operator":">","limit":152,"weight":4},{"x":19,"y":28,"operator":">","limit":226,"weight":3},{"x":19,"y":29,"operator":">","limit":68,"weight":4},{"x":19,"y":66,"operator":">","limit":358,"weight":3},{"x":19,"y":67,"operator":">","limit":503,"weight":4},{"x":19,"y":68,"operator":">","limit":433,"weight":3},{"x":19,"y":69,"operator":">","limit":260,"weight":4},{"x":19,"y":80,"operator":">","limit":483,"weight":2},{"x":19,"y":81,"operator":">","limit":324,"weight":2},{"x":19,"y":83,"operator":">","limit":171,"weight":2},{"x":19,"y":175,"operator":">","limit":170,"weight":4},{"x":20,"y":21,"operator":"=","limit":238,"weight":0},{"x":20,"y":22,"operator":">","limit":424,"weight":1},{"x":20,"y":23,"operator":">","limit":284,"weight":4},{"x":20,"y":76,"operator":">","limit":498,"weight":2},{"x":20,"y":77,"operator":">","limit":322,"weight":1},{"x":20,"y":96,"operator":">","limit":442,"weight":3},{"x":20,"y":97,"operator":">","limit":266,"weight":1},{"x":20,"y":100,"operator":">","limit":200,"weight":4},{"x":20,"y":101,"operator":">","limit":28,"weight":1},{"x":20,"y":112,"operator":">","limit":242,"weight":4},{"x":20,"y":113,"operator":">","limit":66,"weight":1},{"x":20,"y":134,"operator":">","limit":196,"weight":3},{"x":20,"y":135,"operator":">","limit":19,"weight":1},{"x":20,"y":196,"operator":">","limit":26,"weight":4},{"x":20,"y":197,"operator":">","limit":196,"weight":3},{"x":21,"y":22,"operator":">","limit":284,"weight":4},{"x":21,"y":23,"operator":">","limit":107,"weight":1},{"x":21,"y":76,"operator":">","limit":322,"weight":1},{"x":21,"y":77,"operator":">","limit":181,"weight":3},{"x":21,"y":96,"operator":">","limit":266,"weight":1},{"x":21,"y":97,"operator":">","limit":125,"weight":4},{"x":21,"y":100,"operator":">","limit":28,"weight":1},{"x":21,"y":101,"operator":">","limit":149,"weight":4},{"x":21,"y":112,"operator":">","limit":66,"weight":1},{"x":21,"y":113,"operator":">","limit":112,"weight":3},{"x":21,"y":134,"operator":">","limit":19,"weight":1},{"x":21,"y":135,"operator":">","limit":158,"weight":4},{"x":21,"y":196,"operator":">","limit":158,"weight":4},{"x":21,"y":197,"operator":">","limit":23,"weight":4},{"x":22,"y":23,"operator":"=","limit":238,"weight":0},{"x":22,"y":78,"operator":">","limit":256,"weight":1},{"x":22,"y":79,"operator":">","limit":433,"weight":3},{"x":23,"y":78,"operator":">","limit":116,"weight":4},{"x":23,"y":79,"operator":">","limit":256,"weight":1},{"x":24,"y":25,"operator":"=","limit":238,"weight":0},{"x":24,"y":48,"operator":">","limit":281,"weight":4},{"x":24,"y":49,"operator":">","limit":452,"weight":4},{"x":24,"y":56,"operator":">","limit":322,"weight":3},{"x":24,"y":57,"operator":">","limit":498,"weight":2},{"x":24,"y":58,"operator":">","limit":257,"weight":4},{"x":24,"y":59,"operator":">","limit":433,"weight":3},{"x":24,"y":60,"operator":">","limit":276,"weight":2},{"x":24,"y":61,"operator":">","limit":452,"weight":4},{"x":24,"y":76,"operator":">","limit":480,"weight":1},{"x":24,"y":77,"operator":">","limit":340,"weight":3},{"x":24,"y":86,"operator":">","limit":65,"weight":4},{"x":24,"y":87,"operator":">","limit":218,"weight":1},{"x":25,"y":48,"operator":">","limit":134,"weight":4},{"x":25,"y":49,"operator":">","limit":276,"weight":2},{"x":25,"y":56,"operator":">","limit":181,"weight":3},{"x":25,"y":57,"operator":">","limit":322,"weight":1},{"x":25,"y":58,"operator":">","limit":116,"weight":4},{"x":25,"y":59,"operator":">","limit":256,"weight":1},{"x":25,"y":60,"operator":">","limit":134,"weight":4},{"x":25,"y":61,"operator":">","limit":275,"weight":1},{"x":25,"y":76,"operator":">","limit":340,"weight":3},{"x":25,"y":77,"operator":">","limit":163,"weight":1},{"x":25,"y":86,"operator":">","limit":125,"weight":1},{"x":25,"y":87,"operator":">","limit":65,"weight":4},{"x":26,"y":27,"operator":"=","limit":238,"weight":0},{"x":27,"y":125,"operator":">","limit":388,"weight":3},{"x":28,"y":29,"operator":"=","limit":238,"weight":0},{"x":28,"y":66,"operator":">","limit":117,"weight":2},{"x":28,"y":67,"operator":">","limit":293,"weight":4},{"x":28,"y":68,"operator":">","limit":192,"weight":2},{"x":28,"y":69,"operator":">","limit":56,"weight":4},{"x":28,"y":81,"operator":">","limit":99,"weight":2},{"x":28,"y":83,"operator":">","limit":57,"weight":2},{"x":28,"y":168,"operator":">","limit":230,"weight":4},{"x":28,"y":169,"operator":">","limit":88,"weight":3},{"x":28,"y":174,"operator":">","limit":233,"weight":4},{"x":28,"y":175,"operator":">","limit":63,"weight":2},{"x":29,"y":66,"operator":">","limit":293,"weight":4},{"x":29,"y":67,"operator":">","limit":435,"weight":2},{"x":29,"y":68,"operator":">","limit":368,"weight":4},{"x":29,"y":69,"operator":">","limit":192,"weight":2},{"x":29,"y":80,"operator":">","limit":421,"weight":3},{"x":29,"y":168,"operator":">","limit":405,"weight":2},{"x":29,"y":169,"operator":">","limit":230,"weight":4},{"x":29,"y":174,"operator":">","limit":66,"weight":2},{"x":29,"y":175,"operator":">","limit":121,"weight":3},{"x":30,"y":31,"operator":"=","limit":238,"weight":0},{"x":30,"y":32,"operator":">","limit":443,"weight":1},{"x":30,"y":33,"operator":">","limit":293,"weight":4},{"x":30,"y":94,"operator":">","limit":242,"weight":4},{"x":30,"y":95,"operator":">","limit":68,"weight":4},{"x":30,"y":124,"operator":">","limit":323,"weight":4},{"x":30,"y":125,"operator":">","limit":498,"weight":2},{"x":30,"y":148,"operator":">","limit":481,"weight":3},{"x":30,"y":149,"operator":">","limit":322,"weight":3},{"x":31,"y":32,"operator":">","limit":293,"weight":4},{"x":31,"y":33,"operator":">","limit":126,"weight":1},{"x":31,"y":94,"operator":">","limit":68,"weight":4},{"x":31,"y":95,"operator":">","limit":112,"weight":3},{"x":31,"y":107,"operator":">","limit":57,"weight":2},{"x":31,"y":124,"operator":">","limit":181,"weight":3},{"x":31,"y":125,"operator":">","limit":323,"weight":4},{"x":31,"y":148,"operator":">","limit":340,"weight":3},{"x":31,"y":149,"operator":">","limit":164,"weight":4},{"x":32,"y":33,"operator":"=","limit":238,"weight":0},{"x":32,"y":94,"operator":">","limit":218,"weight":4},{"x":32,"y":95,"operator":">","limit":362,"weight":4},{"x":32,"y":124,"operator":">","limit":105,"weight":2},{"x":32,"y":125,"operator":">","limit":74,"weight":4},{"x":32,"y":148,"operator":">","limit":57,"weight":2},{"x":32,"y":149,"operator":">","limit":103,"weight":3},{"x":33,"y":94,"operator":">","limit":44,"weight":4},{"x":33,"y":95,"operator":">","limit":218,"weight":4},{"x":33,"y":107,"operator":">","limit":51,"weight":2},{"x":33,"y":124,"operator":">","limit":74,"weight":4},{"x":33,"y":125,"operator":">","limit":216,"weight":2},{"x":33,"y":148,"operator":">","limit":233,"weight":4},{"x":33,"y":149,"operator":">","limit":57,"weight":2},{"x":34,"y":35,"operator":"=","limit":238,"weight":0},{"x":34,"y":36,"operator":">","limit":59,"weight":1},{"x":34,"y":37,"operator":">","limit":186,"weight":2},{"x":34,"y":38,"operator":">","limit":436,"weight":3},{"x":34,"y":39,"operator":">","limit":293,"weight":4},{"x":34,"y":40,"operator":">","limit":21,"weight":2},{"x":34,"y":41,"operator":">","limit":158,"weight":4},{"x":34,"y":42,"operator":">","limit":12,"weight":2},{"x":34,"y":43,"operator":">","limit":168,"weight":2},{"x":34,"y":54,"operator":">","limit":303,"weight":2},{"x":34,"y":55,"operator":">","limit":480,"weight":2},{"x":34,"y":90,"operator":">","limit":349,"weight":3},{"x":34,"y":91,"operator":">","limit":490,"weight":1},{"x":34,"y":104,"operator":">","limit":224,"weight":4},{"x":34,"y":105,"operator":">","limit":53,"weight":4},{"x":34,"y":129,"operator":">","limit":10,"weight":3},{"x":34,"y":140,"operator":">","limit":153,"weight":2},{"x":34,"y":141,"operator":">","limit":10,"weight":3},{"x":34,"y":158,"operator":">","limit":12,"weight":2},{"x":34,"y":159,"operator":">","limit":168,"weight":2},{"x":34,"y":160,"operator":">","limit":21,"weight":2},{"x":34,"y":161,"operator":">","limit":158,"weight":4},{"x":34,"y":162,"operator":">","limit":21,"weight":2},{"x":34,"y":163,"operator":">","limit":158,"weight":4},{"x":34,"y":182,"operator":">","limit":216,"weight":2},{"x":35,"y":36,"operator":">","limit":186,"weight":2},{"x":35,"y":37,"operator":">","limit":59,"weight":1},{"x":35,"y":38,"operator":">","limit":293,"weight":4},{"x":35,"y":39,"operator":">","limit":117,"weight":2},{"x":35,"y":40,"operator":">","limit":196,"weight":3},{"x":35,"y":41,"operator":">","limit":20,"weight":4},{"x":35,"y":42,"operator":">","limit":186,"weight":2},{"x":35,"y":43,"operator":">","limit":10,"weight":3},{"x":35,"y":54,"operator":">","limit":162,"weight":2},{"x":35,"y":55,"operator":">","limit":303,"weight":2},{"x":35,"y":90,"operator":">","limit":173,"weight":4},{"x":35,"y":91,"operator":">","limit":349,"weight":3},{"x":35,"y":104,"operator":">","limit":48,"weight":2},{"x":35,"y":105,"operator":">","limit":130,"weight":3},{"x":35,"y":129,"operator":">","limit":169,"weight":3},{"x":35,"y":140,"operator":">","limit":11,"weight":4},{"x":35,"y":141,"operator":">","limit":172,"weight":3},{"x":35,"y":158,"operator":">","limit":186,"weight":2},{"x":35,"y":159,"operator":">","limit":10,"weight":3},{"x":35,"y":160,"operator":">","limit":196,"weight":3},{"x":35,"y":161,"operator":">","limit":20,"weight":4},{"x":35,"y":162,"operator":">","limit":196,"weight":3},{"x":35,"y":163,"operator":">","limit":20,"weight":4},{"x":36,"y":37,"operator":"=","limit":238,"weight":0},{"x":36,"y":38,"operator":">","limit":436,"weight":3},{"x":36,"y":39,"operator":">","limit":293,"weight":4},{"x":36,"y":40,"operator":">","limit":21,"weight":2},{"x":36,"y":41,"operator":">","limit":158,"weight":4},{"x":36,"y":42,"operator":">","limit":12,"weight":2},{"x":36,"y":43,"operator":">","limit":168,"weight":2},{"x":36,"y":54,"operator":">","limit":304,"weight":3},{"x":36,"y":55,"operator":">","limit":480,"weight":2},{"x":36,"y":90,"operator":">","limit":349,"weight":3},{"x":36,"y":91,"operator":">","limit":490,"weight":1},{"x":36,"y":104,"operator":">","limit":224,"weight":4},{"x":36,"y":105,"operator":">","limit":53,"weight":4},{"x":36,"y":129,"operator":">","limit":10,"weight":3},{"x":36,"y":140,"operator":">","limit":153,"weight":2},{"x":36,"y":141,"operator":">","limit":10,"weight":3},{"x":36,"y":158,"operator":">","limit":12,"weight":2},{"x":36,"y":159,"operator":">","limit":168,"weight":2},{"x":36,"y":160,"operator":">","limit":21,"weight":2},{"x":36,"y":161,"operator":">","limit":158,"weight":4},{"x":36,"y":162,"operator":">","limit":21,"weight":2},{"x":36,"y":163,"operator":">","limit":158,"weight":4},{"x":36,"y":182,"operator":">","limit":216,"weight":2},{"x":37,"y":38,"operator":">","limit":293,"weight":4},{"x":37,"y":39,"operator":">","limit":117,"weight":2},{"x":37,"y":40,"operator":">","limit":196,"weight":3},{"x":37,"y":41,"operator":">","limit":20,"weight":4},{"x":37,"y":42,"operator":">","limit":186,"weight":2},{"x":37,"y":43,"operator":">","limit":11,"weight":4},{"x":37,"y":54,"operator":">","limit":162,"weight":2},{"x":37,"y":55,"operator":">","limit":303,"weight":2},{"x":37,"y":90,"operator":">","limit":173,"weight":4},{"x":37,"y":91,"operator":">","limit":349,"weight":3},{"x":37,"y":104,"operator":">","limit":48,"weight":2},{"x":37,"y":105,"operator":">","limit":130,"weight":3},{"x":37,"y":129,"operator":">","limit":169,"weight":3},{"x":37,"y":140,"operator":">","limit":11,"weight":4},{"x":37,"y":141,"operator":">","limit":172,"weight":3},{"x":37,"y":158,"operator":">","limit":186,"weight":2},{"x":37,"y":159,"operator":">","limit":11,"weight":4},{"x":37,"y":160,"operator":">","limit":196,"weight":3},{"x":37,"y":161,"operator":">","limit":20,"weight":4},{"x":37,"y":162,"operator":">","limit":196,"weight":3},{"x":37,"y":163,"operator":">","limit":20,"weight":4},{"x":38,"y":39,"operator":"=","limit":238,"weight":0},{"x":38,"y":40,"operator":">","limit":471,"weight":1},{"x":38,"y":41,"operator":">","limit":321,"weight":2},{"x":38,"y":42,"operator":">","limit":446,"weight":4},{"x":38,"y":43,"operator":">","limit":302,"weight":4},{"x":38,"y":90,"operator":">","limit":121,"weight":3},{"x":38,"y":91,"operator":">","limit":64,"weight":3},{"x":38,"y":104,"operator":">","limit":246,"weight":2},{"x":38,"y":105,"operator":">","limit":395,"weight":4},{"x":38,"y":128,"operator":">","limit":287,"weight":4},{"x":38,"y":158,"operator":">","limit":446,"weight":4},{"x":38,"y":159,"operator":">","limit":302,"weight":4},{"x":38,"y":160,"operator":">","limit":471,"weight":1},{"x":38,"y":161,"operator":">","limit":321,"weight":2},{"x":38,"y":162,"operator":">","limit":471,"weight":1},{"x":38,"y":163,"operator":">","limit":321,"weight":2},{"x":38,"y":164,"operator":">","limit":405,"weight":2},{"x":38,"y":165,"operator":">","limit":230,"weight":4},{"x":38,"y":166,"operator":">","limit":65,"weight":4},{"x":38,"y":167,"operator":">","limit":114,"weight":2},{"x":39,"y":40,"operator":">","limit":321,"weight":2},{"x":39,"y":41,"operator":">","limit":154,"weight":1},{"x":39,"y":42,"operator":">","limit":302,"weight":4},{"x":39,"y":43,"operator":">","limit":128,"weight":4},{"x":39,"y":90,"operator":">","limit":64,"weight":3},{"x":39,"y":91,"operator":">","limit":233,"weight":4},{"x":39,"y":104,"operator":">","limit":77,"weight":4},{"x":39,"y":105,"operator":">","limit":246,"weight":2},{"x":39,"y":128,"operator":">","limit":127,"weight":3},{"x":39,"y":129,"operator":">","limit":290,"weight":4},{"x":39,"y":158,"operator":">","limit":302,"weight":4},{"x":39,"y":159,"operator":">","limit":128,"weight":4},{"x":39,"y":160,"operator":">","limit":321,"weight":2},{"x":39,"y":161,"operator":">","limit":154,"weight":1},{"x":39,"y":162,"operator":">","limit":321,"weight":2},{"x":39,"y":163,"operator":">","limit":154,"weight":1},{"x":39,"y":164,"operator":">","limit":229,"weight":3},{"x":39,"y":165,"operator":">","limit":88,"weight":3},{"x":39,"y":166,"operator":">","limit":206,"weight":4},{"x":39,"y":167,"operator":">","limit":65,"weight":4},{"x":39,"y":182,"operator":">","limit":61,"weight":3},{"x":40,"y":41,"operator":"=","limit":238,"weight":0},{"x":40,"y":42,"operator":">","limit":13,"weight":3},{"x":40,"y":43,"operator":">","limit":186,"weight":2},{"x":40,"y":90,"operator":">","limit":368,"weight":4},{"x":40,"y":91,"operator":">","limit":516,"weight":2},{"x":40,"y":104,"operator":">","limit":242,"weight":4},{"x":40,"y":105,"operator":">","limit":73,"weight":3},{"x":40,"y":128,"operator":">","limit":171,"weight":2},{"x":40,"y":158,"operator":">","limit":13,"weight":3},{"x":40,"y":159,"operator":">","limit":186,"weight":2},{"x":40,"y":160,"operator":">","limit":59,"weight":1},{"x":40,"y":161,"operator":">","limit":186,"weight":2},{"x":40,"y":162,"operator":">","limit":59,"weight":1},{"x":40,"y":163,"operator":">","limit":186,"weight":2},{"x":40,"y":164,"operator":">","limit":84,"weight":2},{"x":40,"y":165,"operator":">","limit":226,"weight":3},{"x":40,"y":166,"operator":">","limit":517,"weight":3},{"x":40,"y":167,"operator":">","limit":342,"weight":2},{"x":41,"y":42,"operator":">","limit":168,"weight":2},{"x":41,"y":43,"operator":">","limit":12,"weight":2},{"x":41,"y":90,"operator":">","limit":199,"weight":3},{"x":41,"y":91,"operator":">","limit":368,"weight":4},{"x":41,"y":104,"operator":">","limit":73,"weight":3},{"x":41,"y":105,"operator":">","limit":112,"weight":3},{"x":41,"y":128,"operator":">","limit":11,"weight":4},{"x":41,"y":129,"operator":">","limit":156,"weight":2},{"x":41,"y":158,"operator":">","limit":168,"weight":2},{"x":41,"y":159,"operator":">","limit":12,"weight":2},{"x":41,"y":160,"operator":">","limit":186,"weight":2},{"x":41,"y":161,"operator":">","limit":59,"weight":1},{"x":41,"y":162,"operator":">","limit":186,"weight":2},{"x":41,"y":163,"operator":">","limit":59,"weight":1},{"x":41,"y":164,"operator":">","limit":94,"weight":3},{"x":41,"y":165,"operator":">","limit":84,"weight":2},{"x":41,"y":166,"operator":">","limit":341,"weight":4},{"x":41,"y":167,"operator":">","limit":200,"weight":4},{"x":41,"y":182,"operator":">","limit":76,"weight":3},{"x":42,"y":43,"operator":"=","limit":238,"weight":0},{"x":42,"y":44,"operator":">","limit":258,"weight":2},{"x":42,"y":45,"operator":">","limit":433,"weight":3},{"x":42,"y":46,"operator":">","limit":426,"weight":2},{"x":42,"y":47,"operator":">","limit":284,"weight":4},{"x":42,"y":72,"operator":">","limit":274,"weight":3},{"x":42,"y":73,"operator":">","limit":417,"weight":2},{"x":42,"y":74,"operator":">","limit":274,"weight":3},{"x":42,"y":75,"operator":">","limit":415,"weight":1},{"x":42,"y":90,"operator":">","limit":358,"weight":3},{"x":42,"y":91,"operator":">","limit":501,"weight":2},{"x":42,"y":104,"operator":">","limit":233,"weight":4},{"x":42,"y":105,"operator":">","limit":64,"weight":3},{"x":42,"y":158,"operator":">","limit":59,"weight":1},{"x":42,"y":159,"operator":">","limit":186,"weight":2},{"x":42,"y":160,"operator":">","limit":13,"weight":3},{"x":42,"y":161,"operator":">","limit":168,"weight":2},{"x":42,"y":162,"operator":">","limit":13,"weight":3},{"x":42,"y":163,"operator":">","limit":168,"weight":2},{"x":42,"y":164,"operator":">","limit":60,"weight":2},{"x":42,"y":165,"operator":">","limit":233,"weight":4},{"x":42,"y":166,"operator":">","limit":493,"weight":3},{"x":42,"y":167,"operator":">","limit":349,"weight":3},{"x":43,"y":44,"operator":">","limit":116,"weight":4},{"x":43,"y":45,"operator":">","limit":257,"weight":4},{"x":43,"y":46,"operator":">","limit":284,"weight":4},{"x":43,"y":47,"operator":">","limit":108,"weight":2},{"x":43,"y":72,"operator":">","limit":98,"weight":4},{"x":43,"y":73,"operator":">","limit":274,"weight":3},{"x":43,"y":74,"operator":">","limit":98,"weight":4},{"x":43,"y":75,"operator":">","limit":274,"weight":3},{"x":43,"y":90,"operator":">","limit":183,"weight":2},{"x":43,"y":91,"operator":">","limit":358,"weight":3},{"x":43,"y":104,"operator":">","limit":63,"weight":2},{"x":43,"y":105,"operator":">","limit":121,"weight":3},{"x":43,"y":128,"operator":">","limit":5,"weight":4},{"x":43,"y":158,"operator":">","limit":186,"weight":2},{"x":43,"y":159,"operator":">","limit":59,"weight":1},{"x":43,"y":160,"operator":">","limit":186,"weight":2},{"x":43,"y":161,"operator":">","limit":12,"weight":2},{"x":43,"y":162,"operator":">","limit":186,"weight":2},{"x":43,"y":163,"operator":">","limit":12,"weight":2},{"x":43,"y":164,"operator":">","limit":121,"weight":3},{"x":43,"y":165,"operator":">","limit":59,"weight":4},{"x":43,"y":166,"operator":">","limit":349,"weight":3},{"x":43,"y":167,"operator":">","limit":175,"weight":3},{"x":44,"y":45,"operator":"=","limit":238,"weight":0},{"x":44,"y":46,"operator":">","limit":187,"weight":1},{"x":44,"y":47,"operator":">","limit":84,"weight":2},{"x":44,"y":72,"operator":">","limit":56,"weight":4},{"x":44,"y":73,"operator":">","limit":161,"weight":4},{"x":44,"y":74,"operator":">","limit":56,"weight":4},{"x":44,"y":75,"operator":">","limit":159,"weight":1},{"x":44,"y":158,"operator":">","limit":258,"weight":2},{"x":44,"y":159,"operator":">","limit":116,"weight":4},{"x":44,"y":164,"operator":">","limit":202,"weight":3},{"x":44,"y":165,"operator":">","limit":60,"weight":2},{"x":44,"y":166,"operator":">","limit":236,"weight":4},{"x":44,"y":167,"operator":">","limit":93,"weight":2},{"x":45,"y":46,"operator":">","limit":84,"weight":2},{"x":45,"y":47,"operator":">","limit":169,"weight":1},{"x":45,"y":72,"operator":">","limit":159,"weight":2},{"x":45,"y":73,"operator":">","limit":56,"weight":4},{"x":45,"y":74,"operator":">","limit":159,"weight":2},{"x":45,"y":75,"operator":">","limit":56,"weight":4},{"x":45,"y":158,"operator":">","limit":433,"weight":3},{"x":45,"y":159,"operator":">","limit":257,"weight":4},{"x":45,"y":164,"operator":">","limit":377,"weight":4},{"x":45,"y":165,"operator":">","limit":202,"weight":3},{"x":45,"y":166,"operator":">","limit":93,"weight":2},{"x":45,"y":167,"operator":">","limit":86,"weight":4},{"x":46,"y":47,"operator":"=","limit":238,"weight":0},{"x":46,"y":72,"operator":">","limit":186,"weight":2},{"x":46,"y":73,"operator":">","limit":12,"weight":2},{"x":46,"y":74,"operator":">","limit":186,"weight":2},{"x":46,"y":75,"operator":">","limit":10,"weight":1},{"x":46,"y":158,"operator":">","limit":426,"weight":2},{"x":46,"y":159,"operator":">","limit":284,"weight":4},{"x":46,"y":164,"operator":">","limit":370,"weight":3},{"x":46,"y":165,"operator":">","limit":228,"weight":2},{"x":46,"y":166,"operator":">","limit":68,"weight":4},{"x":46,"y":167,"operator":">","limit":112,"weight":3},{"x":47,"y":72,"operator":">","limit":10,"weight":3},{"x":47,"y":73,"operator":">","limit":168,"weight":2},{"x":47,"y":74,"operator":">","limit":10,"weight":3},{"x":47,"y":75,"operator":">","limit":168,"weight":2},{"x":47,"y":105,"operator":">","limit":210,"weight":2},{"x":47,"y":158,"operator":">","limit":284,"weight":4},{"x":47,"y":159,"operator":">","limit":108,"weight":2},{"x":47,"y":164,"operator":">","limit":228,"weight":2},{"x":47,"y":165,"operator":">","limit":53,"weight":4},{"x":47,"y":166,"operator":">","limit":242,"weight":4},{"x":47,"y":167,"operator":">","limit":68,"weight":4},{"x":48,"y":49,"operator":"=","limit":238,"weight":0},{"x":48,"y":56,"operator":">","limit":48,"weight":2},{"x":48,"y":57,"operator":">","limit":224,"weight":4},{"x":48,"y":58,"operator":">","limit":20,"weight":4},{"x":48,"y":59,"operator":">","limit":158,"weight":4},{"x":48,"y":60,"operator":">","limit":9,"weight":2},{"x":48,"y":61,"operator":">","limit":177,"weight":2},{"x":48,"y":86,"operator":">","limit":246,"weight":2},{"x":48,"y":87,"operator":">","limit":73,"weight":3},{"x":49,"y":56,"operator":">","limit":130,"weight":3},{"x":49,"y":57,"operator":">","limit":48,"weight":2},{"x":49,"y":58,"operator":">","limit":196,"weight":3},{"x":49,"y":59,"operator":">","limit":20,"weight":4},{"x":49,"y":60,"operator":">","limit":177,"weight":2},{"x":49,"y":61,"operator":">","limit":9,"weight":2},{"x":49,"y":86,"operator":">","limit":388,"weight":3},{"x":49,"y":87,"operator":">","limit":246,"weight":2},{"x":50,"y":51,"operator":"=","limit":238,"weight":0},{"x":50,"y":85,"operator":">","limit":98,"weight":4},{"x":50,"y":127,"operator":">","limit":215,"weight":4},{"x":51,"y":84,"operator":">","limit":416,"weight":4},{"x":51,"y":126,"operator":">","limit":210,"weight":2},{"x":52,"y":53,"operator":"=","limit":238,"weight":0},{"x":52,"y":54,"operator":">","limit":257,"weight":4},{"x":52,"y":55,"operator":">","limit":433,"weight":3},{"x":52,"y":185,"operator":">","limit":104,"weight":4},{"x":53,"y":54,"operator":">","limit":116,"weight":4},{"x":53,"y":55,"operator":">","limit":257,"weight":4},{"x":53,"y":178,"operator":">","limit":30,"weight":2},{"x":53,"y":179,"operator":">","limit":188,"weight":4},{"x":54,"y":55,"operator":"=","limit":238,"weight":0},{"x":54,"y":140,"operator":">","limit":166,"weight":3},{"x":54,"y":141,"operator":">","limit":314,"weight":4},{"x":55,"y":140,"operator":">","limit":314,"weight":4},{"x":55,"y":141,"operator":">","limit":484,"weight":3},{"x":56,"y":57,"operator":"=","limit":238,"weight":0},{"x":56,"y":58,"operator":">","limit":85,"weight":1},{"x":56,"y":59,"operator":">","limit":121,"weight":3},{"x":56,"y":60,"operator":">","limit":48,"weight":2},{"x":56,"y":61,"operator":">","limit":130,"weight":3},{"x":56,"y":86,"operator":">","limit":293,"weight":4},{"x":56,"y":87,"operator":">","limit":117,"weight":2},{"x":56,"y":133,"operator":">","limit":294,"weight":2},{"x":57,"y":58,"operator":">","limit":252,"weight":2},{"x":57,"y":59,"operator":">","limit":85,"weight":1},{"x":57,"y":60,"operator":">","limit":224,"weight":4},{"x":57,"y":61,"operator":">","limit":48,"weight":2},{"x":57,"y":86,"operator":">","limit":434,"weight":4},{"x":57,"y":87,"operator":">","limit":293,"weight":4},{"x":58,"y":59,"operator":"=","limit":238,"weight":0},{"x":58,"y":60,"operator":">","limit":20,"weight":4},{"x":58,"y":61,"operator":">","limit":196,"weight":3},{"x":58,"y":86,"operator":">","limit":228,"weight":2},{"x":58,"y":87,"operator":">","limit":52,"weight":3},{"x":58,"y":133,"operator":">","limit":229,"weight":3},{"x":59,"y":60,"operator":">","limit":158,"weight":4},{"x":59,"y":61,"operator":">","limit":20,"weight":4},{"x":59,"y":86,"operator":">","limit":368,"weight":1},{"x":59,"y":87,"operator":">","limit":228,"weight":2},{"x":60,"y":61,"operator":"=","limit":238,"weight":0},{"x":60,"y":86,"operator":">","limit":246,"weight":2},{"x":60,"y":87,"operator":">","limit":70,"weight":3},{"x":61,"y":86,"operator":">","limit":387,"weight":2},{"x":61,"y":87,"operator":">","limit":246,"weight":2},{"x":62,"y":63,"operator":"=","limit":238,"weight":0},{"x":62,"y":64,"operator":">","limit":178,"weight":1},{"x":62,"y":65,"operator":">","limit":84,"weight":2},{"x":62,"y":92,"operator":">","limit":99,"weight":2},{"x":62,"y":93,"operator":">","limit":274,"weight":3},{"x":62,"y":115,"operator":">","limit":216,"weight":2},{"x":62,"y":120,"operator":">","limit":33,"weight":2},{"x":62,"y":121,"operator":">","limit":209,"weight":4},{"x":62,"y":142,"operator":">","limit":192,"weight":2},{"x":62,"y":156,"operator":">","limit":168,"weight":2},{"x":62,"y":157,"operator":">","limit":12,"weight":2},{"x":62,"y":178,"operator":">","limit":57,"weight":2},{"x":62,"y":179,"operator":">","limit":224,"weight":4},{"x":63,"y":64,"operator":">","limit":84,"weight":2},{"x":63,"y":65,"operator":">","limit":178,"weight":1},{"x":63,"y":92,"operator":">","limit":274,"weight":3},{"x":63,"y":93,"operator":">","limit":416,"weight":4},{"x":63,"y":120,"operator":">","limit":209,"weight":4},{"x":63,"y":121,"operator":">","limit":351,"weight":2},{"x":63,"y":156,"operator":">","limit":12,"weight":2},{"x":63,"y":157,"operator":">","limit":186,"weight":2},{"x":63,"y":178,"operator":">","limit":130,"weight":3},{"x":63,"y":179,"operator":">","limit":53,"weight":4},{"x":64,"y":65,"operator":"=","limit":238,"weight":0},{"x":64,"y":92,"operator":">","limit":257,"weight":4},{"x":64,"y":93,"operator":">","limit":433,"weight":3},{"x":64,"y":115,"operator":">","limit":57,"weight":2},{"x":64,"y":120,"operator":">","limit":192,"weight":2},{"x":64,"y":121,"operator":">","limit":368,"weight":4},{"x":64,"y":142,"operator":">","limit":351,"weight":2},{"x":64,"y":156,"operator":">","limit":56,"weight":4},{"x":64,"y":157,"operator":">","limit":171,"weight":2},{"x":64,"y":178,"operator":">","limit":122,"weight":4},{"x":64,"y":179,"operator":">","limit":65,"weight":4},{"x":65,"y":92,"operator":">","limit":116,"weight":4},{"x":65,"y":93,"operator":">","limit":258,"weight":2},{"x":65,"y":120,"operator":">","limit":56,"weight":4},{"x":65,"y":121,"operator":">","limit":193,"weight":3},{"x":65,"y":156,"operator":">","limit":152,"weight":4},{"x":65,"y":157,"operator":">","limit":56,"weight":4},{"x":65,"y":178,"operator":">","limit":65,"weight":4},{"x":65,"y":179,"operator":">","limit":211,"weight":3},{"x":66,"y":67,"operator":"=","limit":238,"weight":0},{"x":66,"y":68,"operator":">","limit":94,"weight":1},{"x":66,"y":69,"operator":">","limit":112,"weight":3},{"x":66,"y":81,"operator":">","limit":20,"weight":4},{"x":66,"y":83,"operator":">","limit":174,"weight":2},{"x":66,"y":168,"operator":">","limit":114,"weight":2},{"x":66,"y":169,"operator":">","limit":65,"weight":4},{"x":66,"y":174,"operator":">","limit":349,"weight":3},{"x":66,"y":175,"operator":">","limit":174,"weight":2},{"x":67,"y":68,"operator":">","limit":112,"weight":3},{"x":67,"y":69,"operator":">","limit":262,"weight":1},{"x":67,"y":82,"operator":">","limit":496,"weight":3},{"x":67,"y":168,"operator":">","limit":65,"weight":4},{"x":67,"y":169,"operator":">","limit":207,"weight":2},{"x":67,"y":174,"operator":">","limit":491,"weight":4},{"x":67,"y":175,"operator":">","limit":349,"weight":3},{"x":68,"y":69,"operator":"=","limit":238,"weight":0},{"x":68,"y":81,"operator":">","limit":95,"weight":4},{"x":68,"y":83,"operator":">","limit":248,"weight":4},{"x":68,"y":168,"operator":">","limit":39,"weight":2},{"x":68,"y":169,"operator":">","limit":139,"weight":3},{"x":68,"y":174,"operator":">","limit":424,"weight":3},{"x":68,"y":175,"operator":">","limit":249,"weight":2},{"x":69,"y":82,"operator":">","limit":254,"weight":4},{"x":69,"y":168,"operator":">","limit":214,"weight":3},{"x":69,"y":169,"operator":">","limit":39,"weight":2},{"x":69,"y":174,"operator":">","limit":248,"weight":4},{"x":69,"y":175,"operator":">","limit":106,"weight":3},{"x":70,"y":71,"operator":"=","limit":238,"weight":0},{"x":70,"y":78,"operator":">","limit":358,"weight":3},{"x":70,"y":79,"operator":">","limit":499,"weight":1},{"x":70,"y":112,"operator":">","limit":286,"weight":3},{"x":70,"y":113,"operator":">","limit":461,"weight":4},{"x":70,"y":144,"operator":">","limit":207,"weight":2},{"x":70,"y":145,"operator":">","limit":65,"weight":4},{"x":71,"y":78,"operator":">","limit":182,"weight":1},{"x":71,"y":79,"operator":">","limit":358,"weight":3},{"x":71,"y":99,"operator":">","limit":10,"weight":3},{"x":71,"y":112,"operator":">","limit":144,"weight":2},{"x":71,"y":113,"operator":">","limit":285,"weight":2},{"x":71,"y":122,"operator":">","limit":117,"weight":2},{"x":71,"y":144,"operator":">","limit":65,"weight":4},{"x":71,"y":145,"operator":">","limit":114,"weight":2},{"x":71,"y":146,"operator":">","limit":333,"weight":2},{"x":72,"y":73,"operator":"=","limit":238,"weight":0},{"x":72,"y":74,"operator":">","limit":59,"weight":1},{"x":72,"y":75,"operator":">","limit":186,"weight":2},{"x":72,"y":158,"operator":">","limit":274,"weight":3},{"x":72,"y":159,"operator":">","limit":98,"weight":4},{"x":72,"y":164,"operator":">","limit":218,"weight":4},{"x":72,"y":165,"operator":">","limit":43,"weight":3},{"x":72,"y":166,"operator":">","limit":252,"weight":2},{"x":72,"y":167,"operator":">","limit":77,"weight":4},{"x":73,"y":74,"operator":">","limit":186,"weight":2},{"x":73,"y":75,"operator":">","limit":59,"weight":1},{"x":73,"y":158,"operator":">","limit":417,"weight":2},{"x":73,"y":159,"operator":">","limit":274,"weight":3},{"x":73,"y":164,"operator":">","limit":361,"weight":3},{"x":73,"y":165,"operator":">","limit":218,"weight":4},{"x":73,"y":166,"operator":">","limit":77,"weight":4},{"x":73,"y":167,"operator":">","limit":102,"weight":2},{"x":74,"y":75,"operator":"=","limit":238,"weight":0},{"x":74,"y":158,"operator":">","limit":274,"weight":3},{"x":74,"y":159,"operator":">","limit":98,"weight":4},{"x":74,"y":164,"operator":">","limit":218,"weight":4},{"x":74,"y":165,"operator":">","limit":43,"weight":3},{"x":74,"y":166,"operator":">","limit":252,"weight":2},{"x":74,"y":167,"operator":">","limit":77,"weight":4},{"x":75,"y":158,"operator":">","limit":415,"weight":1},{"x":75,"y":159,"operator":">","limit":274,"weight":3},{"x":75,"y":164,"operator":">","limit":359,"weight":1},{"x":75,"y":165,"operator":">","limit":218,"weight":4},{"x":75,"y":166,"operator":">","limit":75,"weight":1},{"x":75,"y":167,"operator":">","limit":102,"weight":2},{"x":76,"y":77,"operator":"=","limit":238,"weight":0},{"x":76,"y":86,"operator":">","limit":452,"weight":4},{"x":76,"y":87,"operator":">","limit":275,"weight":1},{"x":76,"y":96,"operator":">","limit":62,"weight":4},{"x":76,"y":97,"operator":">","limit":233,"weight":4},{"x":76,"y":100,"operator":">","limit":294,"weight":1},{"x":76,"y":101,"operator":">","limit":470,"weight":4},{"x":76,"y":112,"operator":">","limit":256,"weight":1},{"x":76,"y":113,"operator":">","limit":433,"weight":3},{"x":76,"y":134,"operator":">","limit":303,"weight":1},{"x":76,"y":135,"operator":">","limit":480,"weight":2},{"x":76,"y":196,"operator":">","limit":480,"weight":2},{"x":76,"y":197,"operator":">","limit":303,"weight":1},{"x":77,"y":86,"operator":">","limit":275,"weight":1},{"x":77,"y":87,"operator":">","limit":134,"weight":4},{"x":77,"y":96,"operator":">","limit":121,"weight":3},{"x":77,"y":97,"operator":">","limit":58,"weight":3},{"x":77,"y":100,"operator":">","limit":148,"weight":3},{"x":77,"y":101,"operator":">","limit":294,"weight":1},{"x":77,"y":112,"operator":">","limit":116,"weight":4},{"x":77,"y":113,"operator":">","limit":256,"weight":1},{"x":77,"y":134,"operator":">","limit":162,"weight":2},{"x":77,"y":135,"operator":">","limit":303,"weight":1},{"x":77,"y":196,"operator":">","limit":303,"weight":1},{"x":77,"y":197,"operator":">","limit":162,"weight":2},{"x":78,"y":79,"operator":"=","limit":238,"weight":0},{"x":78,"y":112,"operator":">","limit":74,"weight":4},{"x":78,"y":113,"operator":">","limit":103,"weight":1},{"x":78,"y":144,"operator":">","limit":153,"weight":2},{"x":78,"y":145,"operator":">","limit":294,"weight":2},{"x":79,"y":112,"operator":">","limit":215,"weight":1},{"x":79,"y":113,"operator":">","limit":74,"weight":4},{"x":79,"y":144,"operator":">","limit":294,"weight":1},{"x":79,"y":145,"operator":">","limit":470,"weight":4},{"x":80,"y":81,"operator":"=","limit":238,"weight":0},{"x":80,"y":82,"operator":">","limit":489,"weight":2},{"x":80,"y":83,"operator":">","limit":312,"weight":1},{"x":81,"y":82,"operator":">","limit":312,"weight":1},{"x":81,"y":83,"operator":">","limit":172,"weight":3},{"x":82,"y":83,"operator":"=","limit":238,"weight":0},{"x":84,"y":85,"operator":"=","limit":238,"weight":0},{"x":84,"y":126,"operator":">","limit":206,"weight":1},{"x":84,"y":127,"operator":">","limit":60,"weight":2},{"x":85,"y":126,"operator":">","limit":65,"weight":4},{"x":85,"y":127,"operator":">","limit":112,"weight":1},{"x":86,"y":87,"operator":"=","limit":238,"weight":0},{"x":88,"y":89,"operator":"=","limit":238,"weight":0},{"x":88,"y":118,"operator":">","limit":293,"weight":4},{"x":88,"y":119,"operator":">","limit":434,"weight":1},{"x":89,"y":118,"operator":">","limit":116,"weight":1},{"x":89,"y":119,"operator":">","limit":293,"weight":4},{"x":90,"y":91,"operator":"=","limit":238,"weight":0},{"x":90,"y":104,"operator":">","limit":126,"weight":1},{"x":90,"y":105,"operator":">","limit":302,"weight":4},{"x":90,"y":128,"operator":">","limit":200,"weight":4},{"x":90,"y":129,"operator":">","limit":340,"weight":1},{"x":90,"y":158,"operator":">","limit":358,"weight":3},{"x":90,"y":159,"operator":">","limit":183,"weight":2},{"x":90,"y":160,"operator":">","limit":368,"weight":4},{"x":90,"y":161,"operator":">","limit":199,"weight":3},{"x":90,"y":162,"operator":">","limit":368,"weight":4},{"x":90,"y":163,"operator":">","limit":199,"weight":3},{"x":90,"y":182,"operator":">","limit":122,"weight":4},{"x":90,"y":183,"operator":">","limit":293,"weight":4},{"x":91,"y":104,"operator":">","limit":302,"weight":4},{"x":91,"y":105,"operator":">","limit":443,"weight":1},{"x":91,"y":128,"operator":">","limit":340,"weight":1},{"x":91,"y":129,"operator":">","limit":517,"weight":3},{"x":91,"y":158,"operator":">","limit":501,"weight":2},{"x":91,"y":159,"operator":">","limit":358,"weight":3},{"x":91,"y":160,"operator":">","limit":516,"weight":2},{"x":91,"y":161,"operator":">","limit":368,"weight":4},{"x":91,"y":162,"operator":">","limit":516,"weight":2},{"x":91,"y":163,"operator":">","limit":368,"weight":4},{"x":91,"y":182,"operator":">","limit":293,"weight":4},{"x":91,"y":183,"operator":">","limit":434,"weight":1},{"x":92,"y":93,"operator":"=","limit":238,"weight":0},{"x":92,"y":114,"operator":">","limit":154,"weight":1},{"x":92,"y":115,"operator":">","limit":330,"weight":2},{"x":92,"y":118,"operator":">","limit":47,"weight":1},{"x":92,"y":119,"operator":">","limit":130,"weight":3},{"x":92,"y":120,"operator":">","limit":66,"weight":1},{"x":92,"y":121,"operator":">","limit":112,"weight":3},{"x":92,"y":130,"operator":">","limit":47,"weight":1},{"x":92,"y":131,"operator":">","limit":130,"weight":3},{"x":92,"y":156,"operator":">","limit":274,"weight":3},{"x":92,"y":157,"operator":">","limit":106,"weight":1},{"x":92,"y":178,"operator":">","limit":151,"weight":3},{"x":92,"y":179,"operator":">","limit":321,"weight":2},{"x":92,"y":180,"operator":">","limit":47,"weight":1},{"x":92,"y":181,"operator":">","limit":126,"weight":2},{"x":93,"y":114,"operator":">","limit":330,"weight":2},{"x":93,"y":115,"operator":">","limit":471,"weight":1},{"x":93,"y":118,"operator":">","limit":224,"weight":4},{"x":93,"y":119,"operator":">","limit":47,"weight":1},{"x":93,"y":120,"operator":">","limit":242,"weight":4},{"x":93,"y":121,"operator":">","limit":66,"weight":1},{"x":93,"y":130,"operator":">","limit":224,"weight":4},{"x":93,"y":131,"operator":">","limit":47,"weight":1},{"x":93,"y":156,"operator":">","limit":423,"weight":1},{"x":93,"y":157,"operator":">","limit":274,"weight":3},{"x":93,"y":178,"operator":">","limit":321,"weight":2},{"x":93,"y":179,"operator":">","limit":466,"weight":3},{"x":93,"y":180,"operator":">","limit":224,"weight":4},{"x":93,"y":181,"operator":">","limit":47,"weight":1},{"x":94,"y":95,"operator":"=","limit":238,"weight":0},{"x":94,"y":98,"operator":">","limit":215,"weight":1},{"x":94,"y":99,"operator":">","limit":74,"weight":4},{"x":94,"y":122,"operator":">","limit":69,"weight":2},{"x":94,"y":123,"operator":">","limit":210,"weight":1},{"x":94,"y":124,"operator":">","limit":116,"weight":4},{"x":94,"y":125,"operator":">","limit":256,"weight":1},{"x":94,"y":146,"operator":">","limit":284,"weight":4},{"x":94,"y":147,"operator":">","limit":107,"weight":1},{"x":95,"y":98,"operator":">","limit":74,"weight":4},{"x":95,"y":99,"operator":">","limit":103,"weight":1},{"x":95,"y":122,"operator":">","limit":210,"weight":1},{"x":95,"y":123,"operator":">","limit":386,"weight":4},{"x":95,"y":124,"operator":">","limit":256,"weight":1},{"x":95,"y":125,"operator":">","limit":433,"weight":3},{"x":95,"y":146,"operator":">","limit":424,"weight":1},{"x":95,"y":147,"operator":">","limit":284,"weight":4},{"x":96,"y":97,"operator":"=","limit":238,"weight":0},{"x":96,"y":100,"operator":">","limit":238,"weight":1},{"x":96,"y":101,"operator":">","limit":414,"weight":2},{"x":96,"y":112,"operator":">","limit":200,"weight":1},{"x":96,"y":113,"operator":">","limit":377,"weight":4},{"x":96,"y":126,"operator":">","limit":210,"weight":1},{"x":96,"y":127,"operator":">","limit":386,"weight":4},{"x":96,"y":134,"operator":">","limit":247,"weight":1},{"x":96,"y":135,"operator":">","limit":424,"weight":3},{"x":96,"y":196,"operator":">","limit":424,"weight":3},{"x":96,"y":197,"operator":">","limit":247,"weight":1},{"x":97,"y":100,"operator":">","limit":92,"weight":4},{"x":97,"y":101,"operator":">","limit":238,"weight":1},{"x":97,"y":112,"operator":">","limit":60,"weight":2},{"x":97,"y":113,"operator":">","limit":200,"weight":1},{"x":97,"y":126,"operator":">","limit":69,"weight":2},{"x":97,"y":127,"operator":">","limit":210,"weight":1},{"x":97,"y":134,"operator":">","limit":106,"weight":3},{"x":97,"y":135,"operator":">","limit":247,"weight":1},{"x":97,"y":196,"operator":">","limit":247,"weight":1},{"x":97,"y":197,"operator":">","limit":106,"weight":3},{"x":98,"y":99,"operator":"=","limit":238,"weight":0},{"x":98,"y":106,"operator":">","limit":60,"weight":2},{"x":98,"y":107,"operator":">","limit":206,"weight":1},{"x":98,"y":108,"operator":">","limit":416,"weight":4},{"x":98,"y":109,"operator":">","limit":270,"weight":2},{"x":98,"y":122,"operator":">","limit":284,"weight":4},{"x":98,"y":123,"operator":">","limit":424,"weight":1},{"x":98,"y":146,"operator":">","limit":498,"weight":2},{"x":98,"y":147,"operator":">","limit":334,"weight":3},{"x":98,"y":170,"operator":">","limit":471,"weight":1},{"x":98,"y":171,"operator":">","limit":330,"weight":2},{"x":98,"y":178,"operator":">","limit":189,"weight":2},{"x":98,"y":179,"operator":">","limit":31,"weight":3},{"x":99,"y":106,"operator":">","limit":112,"weight":1},{"x":99,"y":107,"operator":">","limit":65,"weight":4},{"x":99,"y":108,"operator":">","limit":274,"weight":3},{"x":99,"y":109,"operator":">","limit":98,"weight":1},{"x":99,"y":122,"operator":">","limit":107,"weight":1},{"x":99,"y":123,"operator":">","limit":284,"weight":4},{"x":99,"y":146,"operator":">","limit":329,"weight":4},{"x":99,"y":147,"operator":">","limit":181,"weight":3},{"x":99,"y":148,"operator":">","limit":312,"weight":2},{"x":99,"y":170,"operator":">","limit":330,"weight":2},{"x":99,"y":171,"operator":">","limit":154,"weight":1},{"x":100,"y":101,"operator":"=","limit":238,"weight":0},{"x":100,"y":112,"operator":">","limit":38,"weight":1},{"x":100,"y":113,"operator":">","limit":135,"weight":2},{"x":100,"y":134,"operator":">","limit":10,"weight":1},{"x":100,"y":135,"operator":">","limit":182,"weight":4},{"x":100,"y":196,"operator":">","limit":182,"weight":4},{"x":100,"y":197,"operator":">","limit":12,"weight":2},{"x":101,"y":112,"operator":">","limit":214,"weight":3},{"x":101,"y":113,"operator":">","limit":38,"weight":1},{"x":101,"y":134,"operator":">","limit":168,"weight":2},{"x":101,"y":135,"operator":">","limit":10,"weight":1},{"x":101,"y":196,"operator":">","limit":13,"weight":3},{"x":101,"y":197,"operator":">","limit":168,"weight":2},{"x":102,"y":103,"operator":"=","limit":238,"weight":0},{"x":102,"y":134,"operator":">","limit":66,"weight":1},{"x":102,"y":135,"operator":">","limit":242,"weight":4},{"x":102,"y":138,"operator":">","limit":116,"weight":4},{"x":102,"y":139,"operator":">","limit":256,"weight":1},{"x":102,"y":195,"operator":">","limit":221,"weight":4},{"x":103,"y":134,"operator":">","limit":107,"weight":4},{"x":103,"y":135,"operator":">","limit":66,"weight":1},{"x":103,"y":138,"operator":">","limit":256,"weight":1},{"x":103,"y":139,"operator":">","limit":428,"weight":4},{"x":104,"y":105,"operator":"=","limit":238,"weight":0},{"x":104,"y":128,"operator":">","limit":56,"weight":1},{"x":104,"y":129,"operator":">","limit":233,"weight":4},{"x":104,"y":158,"operator":">","limit":233,"weight":4},{"x":104,"y":159,"operator":">","limit":63,"weight":2},{"x":104,"y":160,"operator":">","limit":242,"weight":4},{"x":104,"y":161,"operator":">","limit":73,"weight":3},{"x":104,"y":162,"operator":">","limit":242,"weight":4},{"x":104,"y":163,"operator":">","limit":73,"weight":3},{"x":105,"y":128,"operator":">","limit":121,"weight":3},{"x":105,"y":129,"operator":">","limit":56,"weight":1},{"x":105,"y":158,"operator":">","limit":64,"weight":3},{"x":105,"y":159,"operator":">","limit":121,"weight":3},{"x":105,"y":160,"operator":">","limit":73,"weight":3},{"x":105,"y":161,"operator":">","limit":112,"weight":3},{"x":105,"y":162,"operator":">","limit":73,"weight":3},{"x":105,"y":163,"operator":">","limit":112,"weight":3},{"x":106,"y":107,"operator":"=","limit":238,"weight":0},{"x":106,"y":108,"operator":">","limit":382,"weight":3},{"x":106,"y":109,"operator":">","limit":210,"weight":1},{"x":106,"y":170,"operator":">","limit":438,"weight":2},{"x":106,"y":171,"operator":">","limit":266,"weight":1},{"x":107,"y":108,"operator":">","limit":210,"weight":1},{"x":107,"y":109,"operator":">","limit":64,"weight":3},{"x":107,"y":170,"operator":">","limit":266,"weight":1},{"x":107,"y":171,"operator":">","limit":125,"weight":4},{"x":107,"y":178,"operator":">","limit":21,"weight":2},{"x":107,"y":179,"operator":">","limit":180,"weight":2},{"x":108,"y":109,"operator":"=","limit":238,"weight":0},{"x":108,"y":170,"operator":">","limit":59,"weight":4},{"x":108,"y":171,"operator":">","limit":121,"weight":3},{"x":108,"y":178,"operator":">","limit":231,"weight":2},{"x":109,"y":170,"operator":">","limit":228,"weight":2},{"x":109,"y":171,"operator":">","limit":59,"weight":4},{"x":110,"y":111,"operator":"=","limit":238,"weight":0},{"x":110,"y":116,"operator":">","limit":120,"weight":2},{"x":110,"y":117,"operator":">","limit":268,"weight":3},{"x":110,"y":132,"operator":">","limit":60,"weight":2},{"x":110,"y":133,"operator":">","limit":207,"weight":2},{"x":111,"y":116,"operator":">","limit":267,"weight":2},{"x":111,"y":117,"operator":">","limit":442,"weight":3},{"x":111,"y":132,"operator":">","limit":114,"weight":2},{"x":111,"y":133,"operator":">","limit":65,"weight":4},{"x":112,"y":113,"operator":"=","limit":238,"weight":0},{"x":112,"y":134,"operator":">","limit":47,"weight":1},{"x":112,"y":135,"operator":">","limit":224,"weight":4},{"x":112,"y":144,"operator":">","limit":79,"weight":1},{"x":112,"y":145,"operator":">","limit":256,"weight":3},{"x":112,"y":178,"operator":">","limit":90,"weight":2},{"x":112,"y":196,"operator":">","limit":224,"weight":4},{"x":112,"y":197,"operator":">","limit":47,"weight":1},{"x":113,"y":134,"operator":">","limit":130,"weight":3},{"x":113,"y":135,"operator":">","limit":47,"weight":1},{"x":113,"y":144,"operator":">","limit":256,"weight":3},{"x":113,"y":145,"operator":">","limit":396,"weight":1},{"x":113,"y":196,"operator":">","limit":47,"weight":1},{"x":113,"y":197,"operator":">","limit":130,"weight":3},{"x":114,"y":115,"operator":"=","limit":238,"weight":0},{"x":114,"y":118,"operator":">","limit":107,"weight":1},{"x":114,"y":119,"operator":">","limit":284,"weight":4},{"x":114,"y":130,"operator":">","limit":107,"weight":1},{"x":114,"y":131,"operator":">","limit":284,"weight":4},{"x":114,"y":142,"operator":">","limit":265,"weight":3},{"x":114,"y":143,"operator":">","limit":88,"weight":1},{"x":114,"y":156,"operator":">","limit":112,"weight":3},{"x":114,"y":157,"operator":">","limit":68,"weight":4},{"x":114,"y":178,"operator":">","limit":12,"weight":2},{"x":114,"y":179,"operator":">","limit":154,"weight":3},{"x":114,"y":180,"operator":">","limit":107,"weight":1},{"x":114,"y":181,"operator":">","limit":279,"weight":2},{"x":115,"y":118,"operator":">","limit":284,"weight":4},{"x":115,"y":119,"operator":">","limit":424,"weight":1},{"x":115,"y":130,"operator":">","limit":284,"weight":4},{"x":115,"y":131,"operator":">","limit":424,"weight":1},{"x":115,"y":142,"operator":">","limit":406,"weight":1},{"x":115,"y":143,"operator":">","limit":265,"weight":3},{"x":115,"y":156,"operator":">","limit":68,"weight":4},{"x":115,"y":157,"operator":">","limit":242,"weight":4},{"x":115,"y":178,"operator":">","limit":172,"weight":3},{"x":115,"y":179,"operator":">","limit":13,"weight":3},{"x":115,"y":180,"operator":">","limit":284,"weight":4},{"x":115,"y":181,"operator":">","limit":424,"weight":1},{"x":116,"y":117,"operator":"=","limit":238,"weight":0},{"x":116,"y":122,"operator":">","limit":107,"weight":1},{"x":116,"y":123,"operator":">","limit":284,"weight":4},{"x":116,"y":132,"operator":">","limit":154,"weight":1},{"x":116,"y":133,"operator":">","limit":330,"weight":2},{"x":117,"y":122,"operator":">","limit":284,"weight":4},{"x":117,"y":123,"operator":">","limit":424,"weight":1},{"x":117,"y":132,"operator":">","limit":330,"weight":2},{"x":117,"y":133,"operator":">","limit":471,"weight":1},{"x":118,"y":119,"operator":"=","limit":238,"weight":0},{"x":118,"y":130,"operator":">","limit":2,"weight":1},{"x":118,"y":131,"operator":">","limit":177,"weight":2},{"x":118,"y":156,"operator":">","limit":218,"weight":4},{"x":118,"y":157,"operator":">","limit":44,"weight":4},{"x":118,"y":178,"operator":">","limit":100,"weight":3},{"x":118,"y":179,"operator":">","limit":259,"weight":3},{"x":118,"y":180,"operator":">","limit":2,"weight":1},{"x":118,"y":181,"operator":">","limit":172,"weight":3},{"x":119,"y":130,"operator":">","limit":177,"weight":2},{"x":119,"y":131,"operator":">","limit":2,"weight":1},{"x":119,"y":156,"operator":">","limit":361,"weight":3},{"x":119,"y":157,"operator":">","limit":218,"weight":4},{"x":119,"y":179,"operator":">","limit":418,"weight":3},{"x":119,"y":180,"operator":">","limit":177,"weight":2},{"x":119,"y":181,"operator":">","limit":2,"weight":1},{"x":120,"y":121,"operator":"=","limit":238,"weight":0},{"x":120,"y":156,"operator":">","limit":200,"weight":4},{"x":120,"y":157,"operator":">","limit":26,"weight":4},{"x":120,"y":170,"operator":">","limit":224,"weight":4},{"x":120,"y":171,"operator":">","limit":47,"weight":1},{"x":120,"y":178,"operator":">","limit":87,"weight":2},{"x":120,"y":179,"operator":">","limit":256,"weight":3},{"x":121,"y":156,"operator":">","limit":343,"weight":3},{"x":121,"y":157,"operator":">","limit":200,"weight":4},{"x":121,"y":170,"operator":">","limit":47,"weight":1},{"x":121,"y":171,"operator":">","limit":130,"weight":3},{"x":121,"y":178,"operator":">","limit":256,"weight":3},{"x":121,"y":179,"operator":">","limit":401,"weight":4},{"x":122,"y":123,"operator":"=","limit":238,"weight":0},{"x":122,"y":146,"operator":">","limit":215,"weight":1},{"x":122,"y":147,"operator":">","limit":74,"weight":4},{"x":123,"y":146,"operator":">","limit":74,"weight":4},{"x":123,"y":147,"operator":">","limit":103,"weight":1},{"x":124,"y":125,"operator":"=","limit":238,"weight":0},{"x":126,"y":127,"operator":"=","limit":238,"weight":0},{"x":128,"y":129,"operator":"=","limit":238,"weight":0},{"x":128,"y":159,"operator":">","limit":5,"weight":4},{"x":128,"y":160,"operator":">","limit":171,"weight":2},{"x":128,"y":161,"operator":">","limit":11,"weight":4},{"x":128,"y":162,"operator":">","limit":171,"weight":2},{"x":128,"y":163,"operator":">","limit":11,"weight":4},{"x":128,"y":182,"operator":">","limit":84,"weight":2},{"x":128,"y":183,"operator":">","limit":94,"weight":1},{"x":129,"y":161,"operator":">","limit":156,"weight":2},{"x":129,"y":163,"operator":">","limit":156,"weight":2},{"x":129,"y":182,"operator":">","limit":224,"weight":1},{"x":129,"y":183,"operator":">","limit":84,"weight":2},{"x":130,"y":131,"operator":"=","limit":238,"weight":0},{"x":130,"y":156,"operator":">","limit":218,"weight":4},{"x":130,"y":157,"operator":">","limit":42,"weight":1},{"x":130,"y":172,"operator":">","limit":228,"weight":2},{"x":130,"y":173,"operator":">","limit":51,"weight":1},{"x":130,"y":176,"operator":">","limit":47,"weight":1},{"x":130,"y":177,"operator":">","limit":224,"weight":4},{"x":130,"y":179,"operator":">","limit":258,"weight":2},{"x":130,"y":180,"operator":">","limit":28,"weight":3},{"x":130,"y":181,"operator":">","limit":172,"weight":3},{"x":131,"y":156,"operator":">","limit":359,"weight":1},{"x":131,"y":157,"operator":">","limit":218,"weight":4},{"x":131,"y":172,"operator":">","limit":368,"weight":1},{"x":131,"y":173,"operator":">","limit":228,"weight":2},{"x":131,"y":176,"operator":">","limit":126,"weight":2},{"x":131,"y":177,"operator":">","limit":47,"weight":1},{"x":131,"y":178,"operator":">","limit":258,"weight":2},{"x":131,"y":179,"operator":">","limit":418,"weight":3},{"x":131,"y":180,"operator":">","limit":177,"weight":2},{"x":131,"y":181,"operator":">","limit":25,"weight":3},{"x":132,"y":133,"operator":"=","limit":238,"weight":0},{"x":134,"y":135,"operator":"=","limit":238,"weight":0},{"x":134,"y":138,"operator":">","limit":181,"weight":3},{"x":134,"y":139,"operator":">","limit":322,"weight":1},{"x":134,"y":196,"operator":">","limit":177,"weight":2},{"x":134,"y":197,"operator":">","limit":2,"weight":1},{"x":135,"y":138,"operator":">","limit":322,"weight":1},{"x":135,"y":139,"operator":">","limit":498,"weight":2},{"x":135,"y":196,"operator":">","limit":23,"weight":4},{"x":135,"y":197,"operator":">","limit":177,"weight":2},{"x":136,"y":137,"operator":"=","limit":238,"weight":0},{"x":136,"y":138,"operator":">","limit":331,"weight":1},{"x":136,"y":139,"operator":">","limit":508,"weight":3},{"x":137,"y":138,"operator":">","limit":190,"weight":3},{"x":137,"y":139,"operator":">","limit":331,"weight":1},{"x":138,"y":139,"operator":"=","limit":238,"weight":0},{"x":140,"y":141,"operator":"=","limit":238,"weight":0},{"x":140,"y":142,"operator":">","limit":266,"weight":1},{"x":140,"y":143,"operator":">","limit":125,"weight":4},{"x":140,"y":179,"operator":">","limit":134,"weight":4},{"x":141,"y":142,"operator":">","limit":442,"weight":3},{"x":141,"y":143,"operator":">","limit":266,"weight":1},{"x":141,"y":179,"operator":">","limit":31,"weight":3},{"x":142,"y":143,"operator":"=","limit":238,"weight":0},{"x":142,"y":178,"operator":">","limit":241,"weight":3},{"x":142,"y":179,"operator":">","limit":400,"weight":3},{"x":143,"y":178,"operator":">","limit":83,"weight":4},{"x":144,"y":145,"operator":"=","limit":238,"weight":0},{"x":144,"y":146,"operator":">","limit":284,"weight":1},{"x":144,"y":147,"operator":">","limit":144,"weight":2},{"x":144,"y":178,"operator":">","limit":12,"weight":2},{"x":145,"y":146,"operator":">","limit":461,"weight":4},{"x":145,"y":147,"operator":">","limit":284,"weight":1},{"x":145,"y":178,"operator":">","limit":151,"weight":3},{"x":146,"y":147,"operator":"=","limit":238,"weight":0},{"x":147,"y":178,"operator":">","limit":137,"weight":4},{"x":148,"y":149,"operator":"=","limit":238,"weight":0},{"x":148,"y":152,"operator":">","limit":424,"weight":3},{"x":148,"y":153,"operator":">","limit":266,"weight":4},{"x":149,"y":152,"operator":">","limit":266,"weight":1},{"x":149,"y":153,"operator":">","limit":116,"weight":4},{"x":150,"y":151,"operator":"=","limit":238,"weight":0},{"x":152,"y":153,"operator":"=","limit":238,"weight":0},{"x":154,"y":155,"operator":"=","limit":238,"weight":0},{"x":154,"y":168,"operator":">","limit":266,"weight":4},{"x":154,"y":169,"operator":">","limit":125,"weight":4},{"x":154,"y":172,"operator":">","limit":130,"weight":3},{"x":154,"y":173,"operator":">","limit":48,"weight":2},{"x":155,"y":168,"operator":">","limit":433,"weight":3},{"x":155,"y":169,"operator":">","limit":266,"weight":4},{"x":155,"y":172,"operator":">","limit":50,"weight":4},{"x":155,"y":173,"operator":">","limit":214,"weight":3},{"x":156,"y":157,"operator":"=","limit":238,"weight":0},{"x":156,"y":178,"operator":">","limit":121,"weight":3},{"x":156,"y":179,"operator":">","limit":60,"weight":2},{"x":156,"y":180,"operator":">","limit":218,"weight":4},{"x":156,"y":181,"operator":">","limit":361,"weight":3},{"x":157,"y":178,"operator":">","limit":62,"weight":4},{"x":157,"y":179,"operator":">","limit":233,"weight":4},{"x":157,"y":180,"operator":">","limit":44,"weight":4},{"x":157,"y":181,"operator":">","limit":214,"weight":3},{"x":158,"y":159,"operator":"=","limit":238,"weight":0},{"x":158,"y":160,"operator":">","limit":13,"weight":3},{"x":158,"y":161,"operator":">","limit":168,"weight":2},{"x":158,"y":162,"operator":">","limit":13,"weight":3},{"x":158,"y":163,"operator":">","limit":168,"weight":2},{"x":158,"y":164,"operator":">","limit":60,"weight":2},{"x":158,"y":165,"operator":">","limit":233,"weight":4},{"x":158,"y":166,"operator":">","limit":493,"weight":3},{"x":158,"y":167,"operator":">","limit":349,"weight":3},{"x":159,"y":160,"operator":">","limit":186,"weight":2},{"x":159,"y":161,"operator":">","limit":12,"weight":2},{"x":159,"y":162,"operator":">","limit":186,"weight":2},{"x":159,"y":163,"operator":">","limit":12,"weight":2},{"x":159,"y":164,"operator":">","limit":121,"weight":3},{"x":159,"y":165,"operator":">","limit":59,"weight":4},{"x":159,"y":166,"operator":">","limit":349,"weight":3},{"x":159,"y":167,"operator":">","limit":175,"weight":3},{"x":160,"y":161,"operator":"=","limit":238,"weight":0},{"x":160,"y":162,"operator":">","limit":59,"weight":1},{"x":160,"y":163,"operator":">","limit":186,"weight":2},{"x":160,"y":164,"operator":">","limit":84,"weight":2},{"x":160,"y":165,"operator":">","limit":226,"weight":3},{"x":160,"y":166,"operator":">","limit":517,"weight":3},{"x":160,"y":167,"operator":">","limit":342,"weight":2},{"x":161,"y":162,"operator":">","limit":186,"weight":2},{"x":161,"y":163,"operator":">","limit":59,"weight":1},{"x":161,"y":164,"operator":">","limit":94,"weight":3},{"x":161,"y":165,"operator":">","limit":84,"weight":2},{"x":161,"y":166,"operator":">","limit":341,"weight":4},{"x":161,"y":167,"operator":">","limit":200,"weight":4},{"x":161,"y":182,"operator":">","limit":76,"weight":3},{"x":162,"y":163,"operator":"=","limit":238,"weight":0},{"x":162,"y":164,"operator":">","limit":84,"weight":2},{"x":162,"y":165,"operator":">","limit":226,"weight":3},{"x":162,"y":166,"operator":">","limit":517,"weight":3},{"x":162,"y":167,"operator":">","limit":342,"weight":2},{"x":163,"y":164,"operator":">","limit":94,"weight":3},{"x":163,"y":165,"operator":">","limit":84,"weight":2},{"x":163,"y":166,"operator":">","limit":341,"weight":4},{"x":163,"y":167,"operator":">","limit":200,"weight":4},{"x":163,"y":182,"operator":">","limit":76,"weight":3},{"x":164,"y":165,"operator":"=","limit":238,"weight":0},{"x":164,"y":166,"operator":">","limit":453,"weight":1},{"x":164,"y":167,"operator":">","limit":302,"weight":4},{"x":164,"y":183,"operator":">","limit":12,"weight":2},{"x":165,"y":166,"operator":">","limit":302,"weight":4},{"x":165,"y":167,"operator":">","limit":135,"weight":1},{"x":166,"y":167,"operator":"=","limit":238,"weight":0},{"x":166,"y":183,"operator":">","limit":427,"weight":3},{"x":168,"y":169,"operator":"=","limit":238,"weight":0},{"x":168,"y":172,"operator":">","limit":396,"weight":2},{"x":168,"y":173,"operator":">","limit":219,"weight":1},{"x":168,"y":174,"operator":">","limit":461,"weight":4},{"x":168,"y":175,"operator":">","limit":284,"weight":1},{"x":169,"y":172,"operator":">","limit":219,"weight":1},{"x":169,"y":173,"operator":">","limit":78,"weight":2},{"x":169,"y":174,"operator":">","limit":284,"weight":1},{"x":169,"y":175,"operator":">","limit":144,"weight":2},{"x":170,"y":171,"operator":"=","limit":238,"weight":0},{"x":170,"y":178,"operator":">","limit":287,"weight":4},{"x":171,"y":178,"operator":">","limit":128,"weight":4},{"x":171,"y":179,"operator":">","limit":287,"weight":4},{"x":172,"y":173,"operator":"=","limit":238,"weight":0},{"x":172,"y":176,"operator":">","limit":270,"weight":2},{"x":172,"y":177,"operator":">","limit":419,"weight":4},{"x":172,"y":178,"operator":">","limit":114,"weight":2},{"x":172,"y":179,"operator":">","limit":49,"weight":3},{"x":173,"y":176,"operator":">","limit":101,"weight":4},{"x":173,"y":177,"operator":">","limit":274,"weight":3},{"x":174,"y":175,"operator":"=","limit":238,"weight":0},{"x":176,"y":177,"operator":"=","limit":238,"weight":0},{"x":176,"y":178,"operator":">","limit":146,"weight":4},{"x":178,"y":179,"operator":"=","limit":238,"weight":0},{"x":178,"y":180,"operator":">","limit":100,"weight":3},{"x":178,"y":181,"operator":">","limit":259,"weight":3},{"x":178,"y":185,"operator":">","limit":31,"weight":3},{"x":178,"y":186,"operator":">","limit":250,"weight":3},{"x":178,"y":187,"operator":">","limit":90,"weight":2},{"x":178,"y":188,"operator":">","limit":114,"weight":2},{"x":178,"y":189,"operator":">","limit":49,"weight":3},{"x":178,"y":190,"operator":">","limit":161,"weight":4},{"x":178,"y":194,"operator":">","limit":12,"weight":2},{"x":178,"y":195,"operator":">","limit":152,"weight":4},{"x":178,"y":197,"operator":">","limit":137,"weight":4},{"x":179,"y":180,"operator":">","limit":259,"weight":3},{"x":179,"y":183,"operator":">","limit":39,"weight":2},{"x":179,"y":184,"operator":">","limit":31,"weight":3},{"x":179,"y":185,"operator":">","limit":133,"weight":3},{"x":179,"y":187,"operator":">","limit":249,"weight":2},{"x":179,"y":188,"operator":">","limit":49,"weight":3},{"x":179,"y":193,"operator":">","limit":286,"weight":3},{"x":179,"y":194,"operator":">","limit":170,"weight":4},{"x":179,"y":195,"operator":">","limit":12,"weight":2},{"x":179,"y":197,"operator":">","limit":296,"weight":4},{"x":180,"y":181,"operator":"=","limit":238,"weight":0},{"x":182,"y":183,"operator":"=","limit":238,"weight":0},{"x":182,"y":184,"operator":">","limit":242,"weight":4},{"x":182,"y":185,"operator":">","limit":66,"weight":1},{"x":183,"y":184,"operator":">","limit":66,"weight":1},{"x":183,"y":185,"operator":">","limit":112,"weight":3},{"x":184,"y":185,"operator":"=","limit":238,"weight":0},{"x":184,"y":186,"operator":">","limit":452,"weight":4},{"x":184,"y":187,"operator":">","limit":275,"weight":1},{"x":185,"y":186,"operator":">","limit":275,"weight":1},{"x":185,"y":187,"operator":">","limit":134,"weight":4},{"x":186,"y":187,"operator":"=","limit":238,"weight":0},{"x":186,"y":188,"operator":">","limit":377,"weight":4},{"x":186,"y":189,"operator":">","limit":200,"weight":1},{"x":187,"y":188,"operator":">","limit":200,"weight":1},{"x":187,"y":189,"operator":">","limit":60,"weight":2},{"x":188,"y":189,"operator":"=","limit":238,"weight":0},{"x":188,"y":190,"operator":">","limit":65,"weight":4},{"x":188,"y":191,"operator":">","limit":112,"weight":1},{"x":189,"y":190,"operator":">","limit":206,"weight":1},{"x":189,"y":191,"operator":">","limit":65,"weight":4},{"x":190,"y":191,"operator":"=","limit":238,"weight":0},{"x":190,"y":192,"operator":">","limit":461,"weight":4},{"x":190,"y":193,"operator":">","limit":284,"weight":1},{"x":191,"y":192,"operator":">","limit":284,"weight":1},{"x":191,"y":193,"operator":">","limit":144,"weight":2},{"x":192,"y":193,"operator":"=","limit":238,"weight":0},{"x":192,"y":194,"operator":">","limit":293,"weight":4},{"x":192,"y":195,"operator":">","limit":434,"weight":1},{"x":193,"y":194,"operator":">","limit":116,"weight":1},{"x":193,"y":195,"operator":">","limit":293,"weight":4},{"x":194,"y":195,"operator":"=","limit":238,"weight":0},{"x":194,"y":196,"operator":">","limit":284,"weight":1},{"x":194,"y":197,"operator":">","limit":144,"weight":2},{"x":195,"y":196,"operator":">","limit":461,"weight":4},{"x":195,"y":197,"operator":">","limit":284,"weight":1},{"x":196,"y":197,"operator":"=","limit":238,"weight":0},{"x":198,"y":199,"operator":"=","limit":238,"weight":0}],"interferenceCosts":[0,1000,100,10,1],"mobilityCosts":[0,0,0,0,0]}