{
    "nSessions": 42,
    "nSlots": 8,
    "papersRange": [3,4,5],
    "nWorkingGroups": 24,
    "nSessionPapers": [5,5,5,5,9,9,9,5,11,11,17,20,4,7,11,4,4,8,12,11,6,6,6,5,6,7,7,4,12,4,4,8,7,13,3,4,6,7,12,4,4,4], 
    "slotCapacities": [5,4,3,4,3,4,4,4],
    "sessionGroups": [ [6,16], [5,8,16], [], [14], [20], [5,16], [5,16], [13], [], [7,19], [5,16], [22], [11,19], [3,21], [15,21], [], [1,18], [8,19], [12,22], [4,23], [], [2,16], [], [5,16], [10,23], [6,16], [17],[11,19], [9,18], [5,16], [], [], [], [], [], [3,13], [4,23], [6,16], [11,19], [13], [2,5,16], [3,13]],
    "forbidden": []
}
