{
    "nSessions": 47,
    "nSlots": 7,
    "papersRange": [3,4,5,6],
    "nWorkingGroups": 24, 
    "nSessionPapers": [6,3,7,8,8,4,12,4,15,10,11,12,14,12,8,10,8,5,3,12,3,11,11,3,11,3,6,3,3,3,10,4,6,4,4,5,3,7,3,6,7,12,8,17,6,10,17],
    "slotCapacities": [5,4,4,6,5,4,4],
    "sessionGroups": [ [17],[7],[13],[5],[4],[],[18,6,22],[18,6],[8],[9],[5],[12],[],[7],[16],[23],[13],[4],[],[],[9,5], [2,18],[],[11],[3],[18],[18,6],[5,8],[16,3],[19],[14],[5],[20,15,21],[10],[10],[13],[2,5],[],[], [5],[8,9],[7],[13],[5,4],[18,6],[9],[1,24]],
    "forbidden": []
}
