{
    "nSessions": 40,
    "nSlots": 7, 
    "papersRange": [3,4,5,6],
    "nWorkingGroups": 20, 
    "nSessionPapers": [14, 23, 12, 9, 9, 6, 10, 4, 10, 7, 6, 5, 3, 5, 6, 4, 3, 12, 7, 16, 4, 5, 14, 11, 4, 3, 10, 6, 6, 4, 13, 3, 4, 9, 5, 4, 11, 6, 6, 8],
    "slotCapacities": [4, 6, 6, 4, 4, 5, 3],
    "sessionGroups": [ [1], [2], [3], [], [], [], [6], [7], [7, 8], [10], [8], [8, 11], [5, 8], [3, 8], [7], [13], [13], [14], [], [8], [16], [16], [20], [17], [13], [], [9], [11], [11, 12], [9], [6, 19], [], [], [18], [10], [5], [16], [4, 5], [8, 12], [7, 15]],
    "forbidden": [[34, 1], [34, 2], [34, 3], [34, 4]]
}
