{"horizon": 123, "costs": [7, 7, 1, 5], "jobs": [{"duration": 6, "successors": [10, 63, 73], "requirements": [9, 0, 0, 0]}, {"duration": 4, "successors": [3, 4, 8], "requirements": [0, 0, 4, 0]}, {"duration": 2, "successors": [6, 7, 11], "requirements": [2, 0, 0, 0]}, {"duration": 2, "successors": [23, 24, 97], "requirements": [0, 0, 6, 0]}, {"duration": 3, "successors": [5, 19, 36], "requirements": [1, 0, 0, 0]}, {"duration": 10, "successors": [9], "requirements": [6, 0, 0, 0]}, {"duration": 2, "successors": [13, 21, 58], "requirements": [0, 6, 0, 0]}, {"duration": 7, "successors": [14, 57, 108], "requirements": [0, 7, 0, 0]}, {"duration": 4, "successors": [17, 51, 69], "requirements": [10, 0, 0, 0]}, {"duration": 6, "successors": [16], "requirements": [3, 0, 0, 0]}, {"duration": 4, "successors": [12, 15, 18], "requirements": [0, 0, 9, 0]}, {"duration": 7, "successors": [31, 42, 76], "requirements": [0, 1, 0, 0]}, {"duration": 4, "successors": [30, 32, 64], "requirements": [0, 0, 0, 4]}, {"duration": 10, "successors": [20, 28, 37], "requirements": [0, 0, 0, 1]}, {"duration": 9, "successors": [26], "requirements": [0, 0, 0, 5]}, {"duration": 1, "successors": [17, 22, 49], "requirements": [0, 0, 5, 0]}, {"duration": 9, "successors": [31, 59, 71], "requirements": [0, 0, 10, 0]}, {"duration": 10, "successors": [81], "requirements": [0, 8, 0, 0]}, {"duration": 5, "successors": [56, 74], "requirements": [0, 0, 0, 6]}, {"duration": 9, "successors": [44, 67, 104], "requirements": [5, 0, 0, 0]}, {"duration": 8, "successors": [54, 75, 95], "requirements": [7, 0, 0, 0]}, {"duration": 3, "successors": [25, 27, 33], "requirements": [9, 0, 0, 0]}, {"duration": 3, "successors": [23], "requirements": [9, 0, 0, 0]}, {"duration": 7, "successors": [83, 99], "requirements": [10, 0, 0, 0]}, {"duration": 8, "successors": [75], "requirements": [0, 0, 6, 0]}, {"duration": 10, "successors": [88], "requirements": [0, 0, 9, 0]}, {"duration": 9, "successors": [35], "requirements": [4, 0, 0, 0]}, {"duration": 5, "successors": [29], "requirements": [0, 5, 0, 0]}, {"duration": 2, "successors": [35, 40], "requirements": [0, 2, 0, 0]}, {"duration": 10, "successors": [94], "requirements": [0, 0, 0, 1]}, {"duration": 6, "successors": [41, 46], "requirements": [0, 0, 3, 0]}, {"duration": 9, "successors": [34, 39, 43], "requirements": [0, 0, 3, 0]}, {"duration": 10, "successors": [53], "requirements": [0, 0, 0, 4]}, {"duration": 6, "successors": [46, 62], "requirements": [0, 0, 9, 0]}, {"duration": 9, "successors": [41], "requirements": [0, 5, 0, 0]}, {"duration": 10, "successors": [98], "requirements": [8, 0, 0, 0]}, {"duration": 9, "successors": [45, 70, 93], "requirements": [0, 0, 0, 4]}, {"duration": 2, "successors": [38, 52], "requirements": [0, 0, 0, 6]}, {"duration": 8, "successors": [72], "requirements": [4, 0, 0, 0]}, {"duration": 2, "successors": [114], "requirements": [0, 0, 0, 1]}, {"duration": 2, "successors": [73], "requirements": [9, 0, 0, 0]}, {"duration": 2, "successors": [47, 75], "requirements": [0, 0, 0, 2]}, {"duration": 8, "successors": [89], "requirements": [0, 7, 0, 0]}, {"duration": 2, "successors": [69], "requirements": [3, 0, 0, 0]}, {"duration": 2, "successors": [55, 68], "requirements": [0, 6, 0, 0]}, {"duration": 1, "successors": [56], "requirements": [0, 0, 6, 0]}, {"duration": 2, "successors": [76], "requirements": [0, 0, 0, 7]}, {"duration": 7, "successors": [48, 50], "requirements": [0, 0, 0, 3]}, {"duration": 5, "successors": [108], "requirements": [9, 0, 0, 0]}, {"duration": 7, "successors": [65, 89, 96], "requirements": [0, 0, 0, 3]}, {"duration": 2, "successors": [61], "requirements": [0, 0, 3, 0]}, {"duration": 9, "successors": [52], "requirements": [3, 0, 0, 0]}, {"duration": 9, "successors": [86], "requirements": [0, 0, 0, 1]}, {"duration": 1, "successors": [60, 103], "requirements": [0, 0, 7, 0]}, {"duration": 10, "successors": [57, 101], "requirements": [0, 6, 0, 0]}, {"duration": 10, "successors": [119], "requirements": [0, 0, 2, 0]}, {"duration": 8, "successors": [85], "requirements": [0, 3, 0, 0]}, {"duration": 9, "successors": [78, 111], "requirements": [4, 0, 0, 0]}, {"duration": 3, "successors": [69], "requirements": [0, 8, 0, 0]}, {"duration": 4, "successors": [66, 109], "requirements": [0, 0, 0, 4]}, {"duration": 2, "successors": [65], "requirements": [0, 0, 0, 5]}, {"duration": 7, "successors": [72], "requirements": [0, 4, 0, 0]}, {"duration": 10, "successors": [107], "requirements": [0, 0, 9, 0]}, {"duration": 2, "successors": [91], "requirements": [4, 0, 0, 0]}, {"duration": 5, "successors": [104], "requirements": [4, 0, 0, 0]}, {"duration": 5, "successors": [77], "requirements": [2, 0, 0, 0]}, {"duration": 3, "successors": [91], "requirements": [0, 3, 0, 0]}, {"duration": 2, "successors": [102], "requirements": [0, 0, 10, 0]}, {"duration": 6, "successors": [93, 96], "requirements": [0, 0, 0, 5]}, {"duration": 3, "successors": [79], "requirements": [0, 6, 0, 0]}, {"duration": 7, "successors": [82, 84], "requirements": [5, 0, 0, 0]}, {"duration": 6, "successors": [77, 92, 113], "requirements": [2, 0, 0, 0]}, {"duration": 1, "successors": [85, 89, 96], "requirements": [2, 0, 0, 0]}, {"duration": 7, "successors": [110], "requirements": [5, 0, 0, 0]}, {"duration": 5, "successors": [110], "requirements": [0, 0, 0, 6]}, {"duration": 4, "successors": [84], "requirements": [0, 6, 0, 0]}, {"duration": 5, "successors": [110], "requirements": [0, 0, 2, 0]}, {"duration": 6, "successors": [80, 111], "requirements": [0, 0, 0, 7]}, {"duration": 10, "successors": [87], "requirements": [0, 4, 0, 0]}, {"duration": 1, "successors": [101], "requirements": [7, 0, 0, 0]}, {"duration": 9, "successors": [100], "requirements": [0, 0, 4, 0]}, {"duration": 1, "successors": [116], "requirements": [0, 0, 0, 5]}, {"duration": 8, "successors": [112], "requirements": [0, 10, 0, 0]}, {"duration": 6, "successors": [106], "requirements": [0, 0, 0, 5]}, {"duration": 9, "successors": [90], "requirements": [3, 0, 0, 0]}, {"duration": 2, "successors": [103], "requirements": [3, 0, 0, 0]}, {"duration": 7, "successors": [88], "requirements": [0, 0, 10, 0]}, {"duration": 3, "successors": [105], "requirements": [0, 0, 8, 0]}, {"duration": 7, "successors": [98], "requirements": [9, 0, 0, 0]}, {"duration": 10, "successors": [100], "requirements": [0, 0, 0, 5]}, {"duration": 1, "successors": [115], "requirements": [0, 0, 0, 4]}, {"duration": 5, "successors": [98], "requirements": [8, 0, 0, 0]}, {"duration": 5, "successors": [116], "requirements": [4, 0, 0, 0]}, {"duration": 3, "successors": [116], "requirements": [0, 0, 0, 2]}, {"duration": 1, "successors": [97], "requirements": [0, 0, 9, 0]}, {"duration": 3, "successors": [105], "requirements": [0, 9, 0, 0]}, {"duration": 5, "successors": [112], "requirements": [4, 0, 0, 0]}, {"duration": 5, "successors": [101], "requirements": [0, 6, 0, 0]}, {"duration": 10, "successors": [117], "requirements": [0, 0, 0, 6]}, {"duration": 6, "successors": [109], "requirements": [0, 0, 0, 1]}, {"duration": 5, "successors": [105], "requirements": [0, 0, 0, 7]}, {"duration": 8, "successors": [103], "requirements": [9, 0, 0, 0]}, {"duration": 10, "successors": [113], "requirements": [5, 0, 0, 0]}, {"duration": 10, "successors": [113], "requirements": [0, 3, 0, 0]}, {"duration": 6, "successors": [107], "requirements": [6, 0, 0, 0]}, {"duration": 2, "successors": [114], "requirements": [0, 0, 10, 0]}, {"duration": 2, "successors": [119], "requirements": [3, 0, 0, 0]}, {"duration": 2, "successors": [117], "requirements": [3, 0, 0, 0]}, {"duration": 10, "successors": [111], "requirements": [7, 0, 0, 0]}, {"duration": 1, "successors": [117], "requirements": [8, 0, 0, 0]}, {"duration": 3, "successors": [114], "requirements": [0, 0, 8, 0]}, {"duration": 4, "successors": [115], "requirements": [0, 0, 0, 6]}, {"duration": 5, "successors": [118], "requirements": [3, 0, 0, 0]}, {"duration": 9, "successors": [118], "requirements": [5, 0, 0, 0]}, {"duration": 3, "successors": [115], "requirements": [0, 4, 0, 0]}, {"duration": 1, "successors": [119], "requirements": [0, 0, 4, 0]}, {"duration": 10, "successors": [118], "requirements": [0, 9, 0, 0]}, {"duration": 3, "successors": [], "requirements": [0, 0, 0, 7]}, {"duration": 8, "successors": [], "requirements": [0, 7, 0, 0]}, {"duration": 9, "successors": [], "requirements": [6, 0, 0, 0]}]}