{"horizon": 83, "costs": [7, 7, 1, 5], "jobs": [{"duration": 8, "successors": [9, 22], "requirements": [0, 0, 0, 3]}, {"duration": 10, "successors": [5, 6, 13], "requirements": [0, 0, 7, 0]}, {"duration": 1, "successors": [3, 4, 17], "requirements": [2, 0, 0, 0]}, {"duration": 2, "successors": [8, 28, 89], "requirements": [0, 0, 0, 7]}, {"duration": 10, "successors": [7, 20, 24], "requirements": [0, 0, 10, 0]}, {"duration": 8, "successors": [21, 25], "requirements": [0, 0, 0, 6]}, {"duration": 6, "successors": [40], "requirements": [8, 0, 0, 0]}, {"duration": 9, "successors": [15, 23, 59], "requirements": [0, 0, 0, 4]}, {"duration": 1, "successors": [11, 50], "requirements": [0, 2, 0, 0]}, {"duration": 8, "successors": [10, 27, 43], "requirements": [0, 7, 0, 0]}, {"duration": 2, "successors": [12, 14, 16], "requirements": [0, 0, 6, 0]}, {"duration": 7, "successors": [81], "requirements": [0, 0, 0, 10]}, {"duration": 2, "successors": [54], "requirements": [0, 0, 0, 10]}, {"duration": 7, "successors": [18, 33, 34], "requirements": [8, 0, 0, 0]}, {"duration": 4, "successors": [36], "requirements": [0, 2, 0, 0]}, {"duration": 10, "successors": [63], "requirements": [0, 0, 0, 6]}, {"duration": 9, "successors": [19, 45, 64], "requirements": [2, 0, 0, 0]}, {"duration": 9, "successors": [69], "requirements": [0, 0, 6, 0]}, {"duration": 3, "successors": [26, 31], "requirements": [0, 7, 0, 0]}, {"duration": 7, "successors": [30, 55, 86], "requirements": [0, 6, 0, 0]}, {"duration": 2, "successors": [61], "requirements": [0, 0, 0, 6]}, {"duration": 9, "successors": [32, 68], "requirements": [9, 0, 0, 0]}, {"duration": 6, "successors": [29, 45, 65], "requirements": [2, 0, 0, 0]}, {"duration": 3, "successors": [68], "requirements": [1, 0, 0, 0]}, {"duration": 3, "successors": [35, 37, 52], "requirements": [0, 0, 10, 0]}, {"duration": 6, "successors": [47], "requirements": [0, 0, 9, 0]}, {"duration": 5, "successors": [39, 61, 75], "requirements": [0, 0, 7, 0]}, {"duration": 6, "successors": [42], "requirements": [0, 0, 9, 0]}, {"duration": 8, "successors": [83], "requirements": [7, 0, 0, 0]}, {"duration": 5, "successors": [80], "requirements": [4, 0, 0, 0]}, {"duration": 4, "successors": [49, 69], "requirements": [0, 0, 1, 0]}, {"duration": 7, "successors": [50, 51, 76], "requirements": [0, 7, 0, 0]}, {"duration": 7, "successors": [71], "requirements": [0, 0, 0, 1]}, {"duration": 2, "successors": [53], "requirements": [8, 0, 0, 0]}, {"duration": 8, "successors": [38, 41, 46], "requirements": [0, 4, 0, 0]}, {"duration": 4, "successors": [44, 59], "requirements": [0, 9, 0, 0]}, {"duration": 9, "successors": [80], "requirements": [0, 6, 0, 0]}, {"duration": 5, "successors": [57], "requirements": [0, 0, 8, 0]}, {"duration": 7, "successors": [61], "requirements": [0, 0, 0, 7]}, {"duration": 6, "successors": [71, 74, 84], "requirements": [0, 0, 0, 5]}, {"duration": 8, "successors": [48], "requirements": [0, 0, 9, 0]}, {"duration": 8, "successors": [75], "requirements": [4, 0, 0, 0]}, {"duration": 1, "successors": [56], "requirements": [0, 0, 4, 0]}, {"duration": 1, "successors": [66], "requirements": [0, 0, 9, 0]}, {"duration": 8, "successors": [88], "requirements": [0, 0, 4, 0]}, {"duration": 6, "successors": [52], "requirements": [0, 4, 0, 0]}, {"duration": 9, "successors": [48], "requirements": [0, 0, 6, 0]}, {"duration": 1, "successors": [66], "requirements": [0, 0, 0, 5]}, {"duration": 8, "successors": [85], "requirements": [0, 0, 0, 3]}, {"duration": 8, "successors": [70], "requirements": [0, 0, 7, 0]}, {"duration": 10, "successors": [59], "requirements": [6, 0, 0, 0]}, {"duration": 3, "successors": [79], "requirements": [0, 0, 5, 0]}, {"duration": 6, "successors": [82], "requirements": [0, 0, 0, 5]}, {"duration": 3, "successors": [60], "requirements": [0, 8, 0, 0]}, {"duration": 10, "successors": [58, 67, 78], "requirements": [0, 0, 6, 0]}, {"duration": 5, "successors": [77], "requirements": [0, 0, 7, 0]}, {"duration": 2, "successors": [57, 74], "requirements": [0, 0, 7, 0]}, {"duration": 3, "successors": [83], "requirements": [5, 0, 0, 0]}, {"duration": 3, "successors": [70, 72], "requirements": [0, 4, 0, 0]}, {"duration": 3, "successors": [72], "requirements": [0, 5, 0, 0]}, {"duration": 5, "successors": [62], "requirements": [0, 7, 0, 0]}, {"duration": 9, "successors": [68], "requirements": [0, 3, 0, 0]}, {"duration": 5, "successors": [73], "requirements": [3, 0, 0, 0]}, {"duration": 4, "successors": [83], "requirements": [0, 1, 0, 0]}, {"duration": 8, "successors": [77], "requirements": [0, 0, 0, 2]}, {"duration": 9, "successors": [84], "requirements": [0, 0, 0, 1]}, {"duration": 4, "successors": [76], "requirements": [0, 8, 0, 0]}, {"duration": 2, "successors": [71, 81], "requirements": [8, 0, 0, 0]}, {"duration": 7, "successors": [70], "requirements": [0, 4, 0, 0]}, {"duration": 2, "successors": [76], "requirements": [0, 0, 0, 3]}, {"duration": 1, "successors": [79, 88], "requirements": [0, 10, 0, 0]}, {"duration": 5, "successors": [88], "requirements": [7, 0, 0, 0]}, {"duration": 9, "successors": [77], "requirements": [0, 0, 0, 5]}, {"duration": 4, "successors": [78], "requirements": [0, 0, 5, 0]}, {"duration": 2, "successors": [81], "requirements": [0, 0, 0, 2]}, {"duration": 7, "successors": [84], "requirements": [0, 8, 0, 0]}, {"duration": 8, "successors": [82], "requirements": [0, 2, 0, 0]}, {"duration": 8, "successors": [85], "requirements": [0, 0, 0, 2]}, {"duration": 1, "successors": [80], "requirements": [0, 0, 0, 4]}, {"duration": 6, "successors": [89], "requirements": [0, 0, 10, 0]}, {"duration": 10, "successors": [87], "requirements": [0, 0, 5, 0]}, {"duration": 9, "successors": [86], "requirements": [0, 0, 0, 9]}, {"duration": 2, "successors": [89], "requirements": [7, 0, 0, 0]}, {"duration": 7, "successors": [85], "requirements": [0, 0, 0, 5]}, {"duration": 9, "successors": [86], "requirements": [0, 0, 3, 0]}, {"duration": 8, "successors": [87], "requirements": [0, 10, 0, 0]}, {"duration": 1, "successors": [87], "requirements": [0, 8, 0, 0]}, {"duration": 2, "successors": [], "requirements": [3, 0, 0, 0]}, {"duration": 9, "successors": [], "requirements": [0, 6, 0, 0]}, {"duration": 3, "successors": [], "requirements": [0, 6, 0, 0]}]}