{"horizon": 96, "costs": [7, 7, 1, 5], "jobs": [{"duration": 8, "successors": [3, 8, 13], "requirements": [10, 0, 0, 0]}, {"duration": 1, "successors": [5, 12, 27], "requirements": [0, 1, 0, 0]}, {"duration": 10, "successors": [6, 10, 14], "requirements": [0, 9, 0, 0]}, {"duration": 6, "successors": [4, 20, 22], "requirements": [0, 4, 0, 0]}, {"duration": 5, "successors": [15, 36], "requirements": [0, 0, 0, 1]}, {"duration": 8, "successors": [21], "requirements": [10, 0, 0, 0]}, {"duration": 9, "successors": [7, 18, 38], "requirements": [0, 0, 6, 0]}, {"duration": 1, "successors": [11, 33], "requirements": [0, 0, 0, 8]}, {"duration": 9, "successors": [9, 43], "requirements": [0, 6, 0, 0]}, {"duration": 8, "successors": [24, 35, 42], "requirements": [0, 0, 0, 3]}, {"duration": 3, "successors": [19, 25], "requirements": [0, 7, 0, 0]}, {"duration": 6, "successors": [16], "requirements": [8, 0, 0, 0]}, {"duration": 2, "successors": [16, 17, 32], "requirements": [0, 0, 0, 1]}, {"duration": 5, "successors": [23, 57], "requirements": [0, 0, 0, 9]}, {"duration": 1, "successors": [53, 56], "requirements": [6, 0, 0, 0]}, {"duration": 3, "successors": [30, 41], "requirements": [2, 0, 0, 0]}, {"duration": 10, "successors": [26, 31], "requirements": [0, 0, 2, 0]}, {"duration": 9, "successors": [26], "requirements": [7, 0, 0, 0]}, {"duration": 1, "successors": [25, 29], "requirements": [5, 0, 0, 0]}, {"duration": 3, "successors": [37], "requirements": [0, 0, 8, 0]}, {"duration": 6, "successors": [29], "requirements": [0, 4, 0, 0]}, {"duration": 3, "successors": [49], "requirements": [0, 0, 4, 0]}, {"duration": 3, "successors": [46], "requirements": [0, 5, 0, 0]}, {"duration": 7, "successors": [38], "requirements": [0, 0, 1, 0]}, {"duration": 6, "successors": [47, 52], "requirements": [9, 0, 0, 0]}, {"duration": 10, "successors": [28, 49], "requirements": [0, 7, 0, 0]}, {"duration": 9, "successors": [45, 59], "requirements": [3, 0, 0, 0]}, {"duration": 8, "successors": [39, 55], "requirements": [0, 0, 3, 0]}, {"duration": 4, "successors": [54], "requirements": [0, 0, 7, 0]}, {"duration": 3, "successors": [41], "requirements": [6, 0, 0, 0]}, {"duration": 3, "successors": [55], "requirements": [0, 0, 0, 4]}, {"duration": 6, "successors": [37], "requirements": [0, 7, 0, 0]}, {"duration": 1, "successors": [42], "requirements": [0, 0, 0, 4]}, {"duration": 9, "successors": [34, 37], "requirements": [0, 0, 1, 0]}, {"duration": 9, "successors": [40], "requirements": [9, 0, 0, 0]}, {"duration": 1, "successors": [56], "requirements": [0, 7, 0, 0]}, {"duration": 2, "successors": [48, 58], "requirements": [5, 0, 0, 0]}, {"duration": 4, "successors": [51], "requirements": [0, 0, 1, 0]}, {"duration": 9, "successors": [51], "requirements": [0, 0, 0, 5]}, {"duration": 10, "successors": [44], "requirements": [0, 0, 0, 1]}, {"duration": 8, "successors": [46], "requirements": [0, 0, 0, 9]}, {"duration": 4, "successors": [49, 56], "requirements": [0, 0, 6, 0]}, {"duration": 3, "successors": [48], "requirements": [0, 0, 0, 1]}, {"duration": 6, "successors": [51], "requirements": [0, 0, 0, 9]}, {"duration": 6, "successors": [54], "requirements": [0, 0, 0, 7]}, {"duration": 7, "successors": [50], "requirements": [4, 0, 0, 0]}, {"duration": 3, "successors": [53], "requirements": [0, 8, 0, 0]}, {"duration": 2, "successors": [58], "requirements": [0, 2, 0, 0]}, {"duration": 10, "successors": [59], "requirements": [0, 0, 7, 0]}, {"duration": 4, "successors": [58], "requirements": [0, 5, 0, 0]}, {"duration": 2, "successors": [52], "requirements": [2, 0, 0, 0]}, {"duration": 1, "successors": [54], "requirements": [0, 1, 0, 0]}, {"duration": 4, "successors": [53], "requirements": [0, 0, 6, 0]}, {"duration": 10, "successors": [55], "requirements": [0, 0, 0, 7]}, {"duration": 8, "successors": [59], "requirements": [0, 0, 3, 0]}, {"duration": 6, "successors": [57], "requirements": [0, 4, 0, 0]}, {"duration": 10, "successors": [57], "requirements": [0, 0, 9, 0]}, {"duration": 3, "successors": [], "requirements": [0, 0, 0, 7]}, {"duration": 10, "successors": [], "requirements": [0, 3, 0, 0]}, {"duration": 1, "successors": [], "requirements": [0, 0, 0, 1]}]}