{"horizon": 138, "costs": [3, 10, 2, 5], "jobs": [{"duration": 6, "successors": [12, 18, 20], "requirements": [0, 0, 0, 2]}, {"duration": 2, "successors": [5, 94], "requirements": [0, 0, 9, 0]}, {"duration": 8, "successors": [3, 6, 25], "requirements": [0, 0, 8, 0]}, {"duration": 6, "successors": [4, 10, 11], "requirements": [0, 5, 6, 2]}, {"duration": 8, "successors": [8, 59], "requirements": [9, 0, 4, 0]}, {"duration": 2, "successors": [7, 19, 26], "requirements": [6, 5, 0, 4]}, {"duration": 8, "successors": [9, 14, 43], "requirements": [0, 7, 0, 0]}, {"duration": 5, "successors": [27], "requirements": [2, 0, 0, 0]}, {"duration": 3, "successors": [15, 29, 34], "requirements": [9, 6, 0, 0]}, {"duration": 7, "successors": [13, 31, 102], "requirements": [6, 0, 0, 0]}, {"duration": 10, "successors": [37, 45, 81], "requirements": [6, 0, 1, 10]}, {"duration": 5, "successors": [39, 86], "requirements": [4, 0, 0, 0]}, {"duration": 6, "successors": [17], "requirements": [6, 0, 3, 0]}, {"duration": 10, "successors": [17, 72, 80], "requirements": [7, 0, 0, 10]}, {"duration": 10, "successors": [16, 32, 63], "requirements": [3, 0, 0, 7]}, {"duration": 9, "successors": [22, 46, 58], "requirements": [0, 6, 0, 0]}, {"duration": 2, "successors": [82], "requirements": [10, 2, 0, 9]}, {"duration": 10, "successors": [21, 44, 56], "requirements": [4, 0, 0, 0]}, {"duration": 4, "successors": [24, 28, 62], "requirements": [4, 4, 0, 0]}, {"duration": 8, "successors": [35, 66], "requirements": [8, 1, 0, 3]}, {"duration": 9, "successors": [30, 67, 77], "requirements": [8, 9, 0, 0]}, {"duration": 3, "successors": [76], "requirements": [7, 5, 0, 0]}, {"duration": 4, "successors": [23, 36, 40], "requirements": [7, 8, 0, 0]}, {"duration": 7, "successors": [60], "requirements": [0, 0, 5, 10]}, {"duration": 4, "successors": [91], "requirements": [8, 5, 6, 0]}, {"duration": 5, "successors": [49, 103], "requirements": [0, 5, 5, 9]}, {"duration": 10, "successors": [88], "requirements": [7, 0, 1, 1]}, {"duration": 10, "successors": [44], "requirements": [0, 6, 9, 0]}, {"duration": 7, "successors": [38], "requirements": [8, 6, 0, 0]}, {"duration": 10, "successors": [62], "requirements": [0, 5, 4, 0]}, {"duration": 4, "successors": [33, 70, 104], "requirements": [4, 1, 6, 0]}, {"duration": 10, "successors": [58], "requirements": [0, 4, 0, 0]}, {"duration": 1, "successors": [69, 89], "requirements": [4, 0, 0, 1]}, {"duration": 2, "successors": [51, 75], "requirements": [0, 5, 0, 0]}, {"duration": 1, "successors": [92, 118], "requirements": [1, 10, 0, 5]}, {"duration": 6, "successors": [53], "requirements": [6, 6, 0, 0]}, {"duration": 7, "successors": [52, 54], "requirements": [0, 9, 0, 7]}, {"duration": 4, "successors": [50], "requirements": [7, 9, 0, 6]}, {"duration": 8, "successors": [101], "requirements": [0, 6, 8, 0]}, {"duration": 4, "successors": [112], "requirements": [0, 0, 6, 0]}, {"duration": 6, "successors": [41, 42, 65], "requirements": [0, 2, 0, 0]}, {"duration": 8, "successors": [111], "requirements": [0, 0, 0, 6]}, {"duration": 5, "successors": [47], "requirements": [7, 0, 0, 8]}, {"duration": 1, "successors": [49], "requirements": [5, 0, 0, 8]}, {"duration": 8, "successors": [48, 57], "requirements": [0, 4, 0, 6]}, {"duration": 1, "successors": [98], "requirements": [0, 1, 0, 0]}, {"duration": 1, "successors": [57], "requirements": [1, 0, 0, 3]}, {"duration": 1, "successors": [64], "requirements": [9, 1, 0, 1]}, {"duration": 4, "successors": [110], "requirements": [3, 7, 6, 0]}, {"duration": 3, "successors": [85], "requirements": [0, 7, 0, 0]}, {"duration": 1, "successors": [106, 116], "requirements": [7, 0, 10, 0]}, {"duration": 5, "successors": [109], "requirements": [8, 1, 0, 0]}, {"duration": 2, "successors": [98], "requirements": [4, 4, 6, 0]}, {"duration": 1, "successors": [85], "requirements": [0, 1, 0, 0]}, {"duration": 1, "successors": [55], "requirements": [0, 0, 3, 0]}, {"duration": 6, "successors": [119], "requirements": [3, 0, 8, 0]}, {"duration": 5, "successors": [99], "requirements": [4, 0, 0, 4]}, {"duration": 5, "successors": [73], "requirements": [2, 9, 6, 2]}, {"duration": 1, "successors": [61], "requirements": [8, 1, 0, 0]}, {"duration": 9, "successors": [88], "requirements": [0, 0, 10, 5]}, {"duration": 5, "successors": [64, 93], "requirements": [4, 4, 0, 3]}, {"duration": 7, "successors": [83, 90], "requirements": [0, 0, 1, 10]}, {"duration": 7, "successors": [77], "requirements": [0, 0, 0, 10]}, {"duration": 10, "successors": [103], "requirements": [1, 2, 5, 0]}, {"duration": 6, "successors": [68, 91], "requirements": [0, 9, 0, 0]}, {"duration": 7, "successors": [71], "requirements": [5, 9, 1, 0]}, {"duration": 6, "successors": [98, 115], "requirements": [0, 0, 1, 5]}, {"duration": 5, "successors": [74], "requirements": [4, 0, 4, 0]}, {"duration": 8, "successors": [117], "requirements": [9, 5, 0, 0]}, {"duration": 3, "successors": [95, 97], "requirements": [0, 0, 10, 0]}, {"duration": 6, "successors": [86], "requirements": [2, 0, 0, 0]}, {"duration": 7, "successors": [78, 84, 96], "requirements": [4, 0, 6, 0]}, {"duration": 9, "successors": [73], "requirements": [0, 6, 6, 4]}, {"duration": 9, "successors": [108], "requirements": [7, 0, 9, 0]}, {"duration": 2, "successors": [79], "requirements": [7, 0, 0, 0]}, {"duration": 4, "successors": [83], "requirements": [1, 5, 0, 0]}, {"duration": 6, "successors": [85], "requirements": [0, 2, 5, 0]}, {"duration": 8, "successors": [119], "requirements": [0, 3, 0, 0]}, {"duration": 4, "successors": [93], "requirements": [0, 9, 8, 4]}, {"duration": 9, "successors": [86], "requirements": [5, 0, 8, 0]}, {"duration": 3, "successors": [92, 99, 104], "requirements": [0, 8, 2, 0]}, {"duration": 5, "successors": [114], "requirements": [3, 0, 10, 0]}, {"duration": 3, "successors": [108], "requirements": [0, 2, 6, 8]}, {"duration": 4, "successors": [91], "requirements": [0, 2, 0, 0]}, {"duration": 2, "successors": [100], "requirements": [1, 3, 0, 4]}, {"duration": 1, "successors": [87, 89, 108], "requirements": [3, 2, 0, 4]}, {"duration": 2, "successors": [92, 95], "requirements": [0, 5, 10, 7]}, {"duration": 8, "successors": [112], "requirements": [0, 0, 0, 8]}, {"duration": 5, "successors": [90], "requirements": [9, 0, 9, 0]}, {"duration": 4, "successors": [97], "requirements": [6, 0, 7, 0]}, {"duration": 8, "successors": [100], "requirements": [0, 8, 6, 10]}, {"duration": 3, "successors": [105], "requirements": [10, 0, 10, 0]}, {"duration": 6, "successors": [106], "requirements": [0, 0, 0, 3]}, {"duration": 2, "successors": [107], "requirements": [0, 9, 9, 1]}, {"duration": 10, "successors": [96], "requirements": [6, 0, 0, 0]}, {"duration": 1, "successors": [110, 116], "requirements": [0, 0, 0, 9]}, {"duration": 6, "successors": [109], "requirements": [0, 8, 3, 0]}, {"duration": 7, "successors": [105], "requirements": [8, 5, 0, 10]}, {"duration": 9, "successors": [102, 113], "requirements": [0, 6, 0, 0]}, {"duration": 6, "successors": [106], "requirements": [0, 2, 8, 0]}, {"duration": 5, "successors": [103], "requirements": [9, 5, 3, 3]}, {"duration": 10, "successors": [111], "requirements": [9, 10, 10, 0]}, {"duration": 7, "successors": [114], "requirements": [9, 7, 0, 0]}, {"duration": 3, "successors": [113], "requirements": [0, 0, 8, 8]}, {"duration": 3, "successors": [107], "requirements": [2, 0, 8, 0]}, {"duration": 1, "successors": [107, 117], "requirements": [5, 0, 5, 0]}, {"duration": 4, "successors": [115], "requirements": [0, 8, 6, 1]}, {"duration": 6, "successors": [113], "requirements": [8, 0, 5, 3]}, {"duration": 3, "successors": [109], "requirements": [0, 0, 0, 8]}, {"duration": 5, "successors": [110], "requirements": [0, 1, 7, 0]}, {"duration": 10, "successors": [111], "requirements": [0, 4, 6, 0]}, {"duration": 3, "successors": [112], "requirements": [0, 0, 10, 0]}, {"duration": 8, "successors": [115], "requirements": [0, 0, 5, 9]}, {"duration": 10, "successors": [119], "requirements": [9, 10, 0, 4]}, {"duration": 10, "successors": [118], "requirements": [0, 0, 1, 5]}, {"duration": 10, "successors": [117], "requirements": [0, 0, 10, 2]}, {"duration": 6, "successors": [118], "requirements": [0, 8, 0, 0]}, {"duration": 7, "successors": [], "requirements": [0, 2, 0, 4]}, {"duration": 9, "successors": [], "requirements": [0, 0, 5, 2]}, {"duration": 5, "successors": [], "requirements": [0, 0, 3, 2]}]}