{"horizon": 96, "costs": [3, 10, 2, 5], "jobs": [{"duration": 8, "successors": [14, 15], "requirements": [6, 0, 2, 8]}, {"duration": 4, "successors": [3, 12, 13], "requirements": [5, 0, 1, 0]}, {"duration": 8, "successors": [4, 6, 10], "requirements": [0, 8, 5, 0]}, {"duration": 1, "successors": [7], "requirements": [1, 9, 0, 6]}, {"duration": 1, "successors": [5, 18, 27], "requirements": [8, 2, 8, 0]}, {"duration": 5, "successors": [8], "requirements": [5, 0, 9, 7]}, {"duration": 7, "successors": [9, 19, 20], "requirements": [10, 0, 2, 7]}, {"duration": 2, "successors": [72], "requirements": [3, 0, 2, 0]}, {"duration": 10, "successors": [11, 39], "requirements": [9, 6, 3, 3]}, {"duration": 7, "successors": [17, 23, 35], "requirements": [6, 2, 8, 8]}, {"duration": 6, "successors": [22, 34], "requirements": [10, 0, 9, 0]}, {"duration": 5, "successors": [30, 83], "requirements": [2, 3, 1, 1]}, {"duration": 10, "successors": [37, 48, 57], "requirements": [10, 10, 0, 0]}, {"duration": 7, "successors": [16, 21, 45], "requirements": [1, 7, 5, 0]}, {"duration": 4, "successors": [53], "requirements": [0, 8, 0, 4]}, {"duration": 6, "successors": [24, 28, 78], "requirements": [7, 0, 5, 3]}, {"duration": 3, "successors": [80], "requirements": [2, 5, 8, 0]}, {"duration": 4, "successors": [25], "requirements": [5, 9, 8, 8]}, {"duration": 9, "successors": [36], "requirements": [6, 7, 1, 1]}, {"duration": 1, "successors": [38, 73], "requirements": [0, 0, 5, 7]}, {"duration": 2, "successors": [58], "requirements": [8, 5, 5, 1]}, {"duration": 9, "successors": [29], "requirements": [6, 3, 9, 2]}, {"duration": 4, "successors": [26], "requirements": [0, 1, 6, 2]}, {"duration": 10, "successors": [82], "requirements": [7, 0, 0, 7]}, {"duration": 4, "successors": [42, 46, 63], "requirements": [8, 0, 4, 0]}, {"duration": 8, "successors": [61], "requirements": [8, 0, 3, 5]}, {"duration": 1, "successors": [33, 36], "requirements": [0, 10, 2, 2]}, {"duration": 5, "successors": [31, 32, 52], "requirements": [5, 6, 0, 10]}, {"duration": 6, "successors": [44], "requirements": [0, 6, 6, 4]}, {"duration": 3, "successors": [40, 41], "requirements": [10, 4, 7, 0]}, {"duration": 10, "successors": [47], "requirements": [3, 4, 8, 1]}, {"duration": 2, "successors": [49, 59, 82], "requirements": [3, 5, 1, 5]}, {"duration": 5, "successors": [51], "requirements": [4, 6, 8, 1]}, {"duration": 1, "successors": [87], "requirements": [1, 10, 9, 7]}, {"duration": 4, "successors": [35], "requirements": [5, 0, 2, 0]}, {"duration": 1, "successors": [71, 84], "requirements": [6, 8, 1, 3]}, {"duration": 2, "successors": [50], "requirements": [2, 0, 2, 0]}, {"duration": 2, "successors": [66, 77, 85], "requirements": [3, 0, 4, 6]}, {"duration": 10, "successors": [43], "requirements": [8, 6, 4, 9]}, {"duration": 1, "successors": [55, 56], "requirements": [0, 9, 8, 4]}, {"duration": 1, "successors": [42], "requirements": [0, 6, 3, 9]}, {"duration": 2, "successors": [69], "requirements": [6, 0, 7, 1]}, {"duration": 5, "successors": [76], "requirements": [0, 0, 5, 0]}, {"duration": 8, "successors": [55, 81], "requirements": [3, 1, 3, 0]}, {"duration": 6, "successors": [62, 65, 67], "requirements": [1, 0, 7, 9]}, {"duration": 2, "successors": [47, 60], "requirements": [0, 8, 10, 1]}, {"duration": 9, "successors": [60, 62], "requirements": [9, 8, 0, 6]}, {"duration": 10, "successors": [64], "requirements": [4, 3, 4, 5]}, {"duration": 7, "successors": [88], "requirements": [9, 0, 7, 0]}, {"duration": 6, "successors": [70, 74], "requirements": [3, 0, 5, 1]}, {"duration": 4, "successors": [54], "requirements": [0, 0, 2, 5]}, {"duration": 3, "successors": [74, 76], "requirements": [5, 4, 0, 0]}, {"duration": 3, "successors": [65], "requirements": [4, 9, 4, 9]}, {"duration": 1, "successors": [62], "requirements": [6, 10, 4, 4]}, {"duration": 2, "successors": [69], "requirements": [1, 8, 1, 5]}, {"duration": 9, "successors": [86], "requirements": [7, 3, 0, 6]}, {"duration": 8, "successors": [75], "requirements": [10, 5, 5, 0]}, {"duration": 10, "successors": [79], "requirements": [0, 0, 3, 6]}, {"duration": 10, "successors": [60], "requirements": [2, 9, 0, 0]}, {"duration": 5, "successors": [75], "requirements": [3, 1, 4, 0]}, {"duration": 10, "successors": [67], "requirements": [0, 5, 10, 0]}, {"duration": 4, "successors": [66], "requirements": [8, 7, 0, 5]}, {"duration": 4, "successors": [83], "requirements": [1, 9, 5, 7]}, {"duration": 7, "successors": [68], "requirements": [6, 4, 10, 4]}, {"duration": 2, "successors": [82], "requirements": [0, 9, 4, 10]}, {"duration": 9, "successors": [75], "requirements": [0, 7, 0, 8]}, {"duration": 10, "successors": [88], "requirements": [5, 9, 9, 8]}, {"duration": 7, "successors": [70, 72, 74], "requirements": [1, 3, 3, 0]}, {"duration": 6, "successors": [76], "requirements": [0, 2, 3, 7]}, {"duration": 7, "successors": [81], "requirements": [9, 0, 0, 9]}, {"duration": 10, "successors": [79], "requirements": [0, 6, 8, 0]}, {"duration": 1, "successors": [72, 80], "requirements": [0, 1, 0, 10]}, {"duration": 1, "successors": [79, 88], "requirements": [0, 1, 1, 3]}, {"duration": 5, "successors": [78, 84], "requirements": [0, 9, 3, 6]}, {"duration": 9, "successors": [85], "requirements": [3, 3, 8, 9]}, {"duration": 2, "successors": [85], "requirements": [0, 8, 9, 10]}, {"duration": 1, "successors": [77], "requirements": [0, 8, 4, 1]}, {"duration": 8, "successors": [80], "requirements": [7, 8, 10, 0]}, {"duration": 4, "successors": [89], "requirements": [8, 10, 3, 3]}, {"duration": 7, "successors": [87], "requirements": [1, 10, 5, 1]}, {"duration": 8, "successors": [81], "requirements": [6, 3, 3, 6]}, {"duration": 9, "successors": [83], "requirements": [9, 2, 6, 2]}, {"duration": 9, "successors": [86], "requirements": [0, 0, 1, 9]}, {"duration": 10, "successors": [87], "requirements": [0, 0, 5, 0]}, {"duration": 3, "successors": [89], "requirements": [8, 0, 7, 2]}, {"duration": 3, "successors": [86], "requirements": [3, 8, 7, 10]}, {"duration": 8, "successors": [89], "requirements": [2, 7, 3, 0]}, {"duration": 10, "successors": [], "requirements": [10, 6, 2, 6]}, {"duration": 4, "successors": [], "requirements": [0, 6, 0, 5]}, {"duration": 1, "successors": [], "requirements": [1, 8, 3, 1]}]}