{"horizon": 106, "costs": [3, 10, 2, 5], "jobs": [{"duration": 9, "successors": [6, 7, 26], "requirements": [6, 2, 10, 10]}, {"duration": 1, "successors": [4, 11, 17], "requirements": [2, 2, 5, 10]}, {"duration": 1, "successors": [3, 48], "requirements": [9, 0, 4, 0]}, {"duration": 6, "successors": [5, 10, 22], "requirements": [5, 10, 4, 3]}, {"duration": 9, "successors": [9, 46, 59], "requirements": [0, 5, 0, 3]}, {"duration": 10, "successors": [24, 31], "requirements": [5, 1, 1, 6]}, {"duration": 9, "successors": [12, 15, 25], "requirements": [5, 8, 9, 2]}, {"duration": 4, "successors": [8, 13, 28], "requirements": [0, 7, 0, 5]}, {"duration": 7, "successors": [21], "requirements": [4, 10, 3, 8]}, {"duration": 1, "successors": [19, 30, 38], "requirements": [7, 0, 6, 0]}, {"duration": 6, "successors": [16], "requirements": [10, 10, 5, 4]}, {"duration": 4, "successors": [34], "requirements": [7, 9, 2, 0]}, {"duration": 9, "successors": [55], "requirements": [0, 1, 0, 0]}, {"duration": 9, "successors": [14, 20, 45], "requirements": [9, 0, 9, 8]}, {"duration": 3, "successors": [44], "requirements": [7, 9, 7, 1]}, {"duration": 7, "successors": [23], "requirements": [1, 3, 10, 9]}, {"duration": 3, "successors": [50], "requirements": [0, 9, 8, 9]}, {"duration": 4, "successors": [18, 45], "requirements": [0, 5, 8, 6]}, {"duration": 4, "successors": [36, 49], "requirements": [3, 3, 0, 7]}, {"duration": 5, "successors": [26, 41], "requirements": [8, 6, 4, 0]}, {"duration": 10, "successors": [30, 32, 35], "requirements": [10, 0, 0, 0]}, {"duration": 8, "successors": [51], "requirements": [5, 0, 3, 4]}, {"duration": 1, "successors": [47], "requirements": [7, 6, 10, 1]}, {"duration": 3, "successors": [34, 37], "requirements": [2, 4, 0, 8]}, {"duration": 8, "successors": [39, 51], "requirements": [0, 4, 1, 1]}, {"duration": 8, "successors": [27], "requirements": [0, 6, 0, 2]}, {"duration": 8, "successors": [37], "requirements": [8, 3, 7, 9]}, {"duration": 5, "successors": [59], "requirements": [10, 0, 10, 8]}, {"duration": 3, "successors": [29], "requirements": [8, 6, 4, 4]}, {"duration": 7, "successors": [33], "requirements": [7, 4, 0, 2]}, {"duration": 1, "successors": [53], "requirements": [3, 0, 9, 5]}, {"duration": 8, "successors": [40, 43], "requirements": [5, 1, 1, 0]}, {"duration": 10, "successors": [42], "requirements": [9, 9, 4, 7]}, {"duration": 2, "successors": [41, 46], "requirements": [6, 9, 5, 1]}, {"duration": 3, "successors": [49], "requirements": [4, 5, 4, 4]}, {"duration": 7, "successors": [57], "requirements": [6, 6, 10, 0]}, {"duration": 1, "successors": [44], "requirements": [0, 7, 10, 6]}, {"duration": 3, "successors": [52, 58], "requirements": [0, 7, 3, 5]}, {"duration": 2, "successors": [44], "requirements": [5, 8, 6, 10]}, {"duration": 5, "successors": [40], "requirements": [2, 10, 2, 7]}, {"duration": 3, "successors": [54], "requirements": [0, 1, 0, 0]}, {"duration": 10, "successors": [54], "requirements": [0, 8, 1, 6]}, {"duration": 8, "successors": [43], "requirements": [8, 7, 5, 0]}, {"duration": 5, "successors": [46, 53], "requirements": [3, 0, 10, 8]}, {"duration": 8, "successors": [53], "requirements": [5, 2, 1, 3]}, {"duration": 8, "successors": [51], "requirements": [6, 0, 0, 1]}, {"duration": 2, "successors": [47, 49], "requirements": [9, 0, 4, 8]}, {"duration": 8, "successors": [50], "requirements": [8, 2, 0, 0]}, {"duration": 6, "successors": [56], "requirements": [0, 10, 5, 5]}, {"duration": 1, "successors": [55], "requirements": [8, 1, 0, 9]}, {"duration": 2, "successors": [54], "requirements": [2, 0, 4, 7]}, {"duration": 6, "successors": [58], "requirements": [0, 7, 0, 2]}, {"duration": 6, "successors": [55], "requirements": [8, 0, 4, 9]}, {"duration": 6, "successors": [57], "requirements": [7, 0, 7, 9]}, {"duration": 9, "successors": [58], "requirements": [10, 5, 0, 0]}, {"duration": 2, "successors": [57], "requirements": [0, 0, 0, 7]}, {"duration": 1, "successors": [59], "requirements": [0, 0, 5, 9]}, {"duration": 8, "successors": [], "requirements": [0, 2, 5, 4]}, {"duration": 9, "successors": [], "requirements": [1, 3, 9, 0]}, {"duration": 1, "successors": [], "requirements": [9, 7, 10, 7]}]}