{"horizon": 111, "costs": [1, 2, 2, 6], "jobs": [{"duration": 3, "successors": [4, 5, 8], "requirements": [5, 4, 9, 7]}, {"duration": 3, "successors": [6, 35, 112], "requirements": [2, 1, 6, 4]}, {"duration": 8, "successors": [3, 7, 10], "requirements": [6, 9, 9, 3]}, {"duration": 5, "successors": [34, 63], "requirements": [2, 6, 8, 3]}, {"duration": 8, "successors": [101], "requirements": [10, 4, 2, 2]}, {"duration": 9, "successors": [14, 30, 36], "requirements": [5, 6, 3, 10]}, {"duration": 3, "successors": [17, 18, 43], "requirements": [8, 4, 4, 9]}, {"duration": 4, "successors": [13, 21, 32], "requirements": [8, 9, 9, 8]}, {"duration": 4, "successors": [9, 25, 119], "requirements": [1, 5, 2, 7]}, {"duration": 6, "successors": [12, 22], "requirements": [4, 7, 5, 10]}, {"duration": 4, "successors": [11, 29, 84], "requirements": [1, 2, 3, 10]}, {"duration": 4, "successors": [94], "requirements": [7, 5, 1, 10]}, {"duration": 6, "successors": [16, 28], "requirements": [6, 3, 3, 3]}, {"duration": 2, "successors": [15, 19, 53], "requirements": [5, 5, 6, 2]}, {"duration": 10, "successors": [23], "requirements": [3, 3, 2, 1]}, {"duration": 3, "successors": [20, 26, 79], "requirements": [6, 4, 9, 2]}, {"duration": 9, "successors": [43], "requirements": [7, 7, 7, 6]}, {"duration": 7, "successors": [61], "requirements": [9, 8, 4, 6]}, {"duration": 6, "successors": [38], "requirements": [1, 4, 3, 6]}, {"duration": 5, "successors": [27, 100, 109], "requirements": [1, 4, 3, 4]}, {"duration": 9, "successors": [87], "requirements": [4, 5, 1, 1]}, {"duration": 7, "successors": [33, 40], "requirements": [3, 9, 5, 1]}, {"duration": 8, "successors": [24], "requirements": [5, 1, 5, 2]}, {"duration": 4, "successors": [91], "requirements": [7, 5, 6, 6]}, {"duration": 2, "successors": [31, 42, 67], "requirements": [4, 9, 4, 4]}, {"duration": 5, "successors": [54, 93], "requirements": [3, 10, 10, 3]}, {"duration": 2, "successors": [57, 110], "requirements": [4, 10, 5, 9]}, {"duration": 2, "successors": [44, 50], "requirements": [8, 10, 9, 4]}, {"duration": 3, "successors": [80], "requirements": [9, 8, 4, 6]}, {"duration": 10, "successors": [45, 108], "requirements": [4, 8, 5, 4]}, {"duration": 4, "successors": [43], "requirements": [3, 3, 2, 8]}, {"duration": 5, "successors": [37, 104, 111], "requirements": [8, 6, 4, 2]}, {"duration": 9, "successors": [65], "requirements": [9, 4, 6, 9]}, {"duration": 3, "successors": [69], "requirements": [3, 7, 10, 10]}, {"duration": 9, "successors": [48, 49, 106], "requirements": [3, 6, 6, 9]}, {"duration": 10, "successors": [59, 101], "requirements": [4, 9, 9, 4]}, {"duration": 4, "successors": [47], "requirements": [9, 1, 7, 3]}, {"duration": 9, "successors": [41, 70], "requirements": [10, 7, 6, 1]}, {"duration": 3, "successors": [39], "requirements": [1, 3, 10, 10]}, {"duration": 5, "successors": [62, 68, 71], "requirements": [10, 7, 3, 6]}, {"duration": 8, "successors": [99], "requirements": [9, 4, 3, 1]}, {"duration": 6, "successors": [59], "requirements": [8, 7, 9, 2]}, {"duration": 5, "successors": [52, 58], "requirements": [3, 4, 7, 2]}, {"duration": 8, "successors": [46, 51], "requirements": [9, 10, 9, 8]}, {"duration": 1, "successors": [105], "requirements": [1, 5, 8, 10]}, {"duration": 8, "successors": [55, 56, 74], "requirements": [2, 9, 7, 8]}, {"duration": 4, "successors": [64], "requirements": [5, 1, 8, 1]}, {"duration": 3, "successors": [79], "requirements": [7, 5, 7, 8]}, {"duration": 7, "successors": [72, 96], "requirements": [8, 3, 5, 6]}, {"duration": 1, "successors": [60], "requirements": [6, 5, 3, 4]}, {"duration": 3, "successors": [88], "requirements": [4, 1, 6, 2]}, {"duration": 8, "successors": [118], "requirements": [5, 9, 9, 8]}, {"duration": 8, "successors": [57], "requirements": [8, 10, 6, 1]}, {"duration": 1, "successors": [96], "requirements": [3, 1, 4, 4]}, {"duration": 3, "successors": [77, 100], "requirements": [10, 9, 1, 8]}, {"duration": 9, "successors": [109], "requirements": [10, 9, 4, 7]}, {"duration": 6, "successors": [73, 88], "requirements": [10, 9, 1, 9]}, {"duration": 3, "successors": [78], "requirements": [7, 2, 1, 4]}, {"duration": 9, "successors": [76, 82], "requirements": [6, 5, 2, 3]}, {"duration": 1, "successors": [107], "requirements": [5, 1, 6, 2]}, {"duration": 1, "successors": [83], "requirements": [5, 9, 8, 2]}, {"duration": 4, "successors": [82], "requirements": [3, 7, 3, 5]}, {"duration": 7, "successors": [72, 75, 87], "requirements": [5, 9, 3, 1]}, {"duration": 9, "successors": [112], "requirements": [7, 4, 9, 8]}, {"duration": 10, "successors": [82], "requirements": [9, 6, 3, 10]}, {"duration": 5, "successors": [66], "requirements": [7, 7, 6, 1]}, {"duration": 7, "successors": [67], "requirements": [4, 10, 1, 8]}, {"duration": 7, "successors": [92], "requirements": [8, 5, 4, 5]}, {"duration": 4, "successors": [104], "requirements": [6, 9, 4, 1]}, {"duration": 7, "successors": [95, 98], "requirements": [10, 1, 10, 3]}, {"duration": 3, "successors": [81], "requirements": [8, 1, 10, 1]}, {"duration": 8, "successors": [105], "requirements": [5, 2, 6, 6]}, {"duration": 4, "successors": [76, 103], "requirements": [5, 8, 5, 5]}, {"duration": 6, "successors": [85, 98], "requirements": [2, 2, 6, 9]}, {"duration": 2, "successors": [100], "requirements": [7, 5, 2, 6]}, {"duration": 8, "successors": [78], "requirements": [8, 5, 9, 7]}, {"duration": 7, "successors": [78], "requirements": [4, 9, 8, 3]}, {"duration": 1, "successors": [81], "requirements": [8, 6, 5, 5]}, {"duration": 3, "successors": [81, 93], "requirements": [6, 4, 8, 9]}, {"duration": 5, "successors": [90], "requirements": [3, 1, 5, 5]}, {"duration": 6, "successors": [86], "requirements": [5, 5, 5, 5]}, {"duration": 4, "successors": [102], "requirements": [6, 2, 6, 6]}, {"duration": 9, "successors": [89], "requirements": [6, 8, 4, 1]}, {"duration": 4, "successors": [85], "requirements": [9, 3, 1, 3]}, {"duration": 9, "successors": [93], "requirements": [1, 6, 2, 9]}, {"duration": 3, "successors": [90, 103], "requirements": [4, 7, 10, 8]}, {"duration": 1, "successors": [114], "requirements": [10, 4, 8, 7]}, {"duration": 1, "successors": [109], "requirements": [3, 2, 8, 8]}, {"duration": 1, "successors": [103], "requirements": [3, 1, 2, 3]}, {"duration": 7, "successors": [116], "requirements": [4, 8, 9, 10]}, {"duration": 2, "successors": [118], "requirements": [4, 6, 10, 3]}, {"duration": 5, "successors": [94, 107], "requirements": [2, 1, 8, 8]}, {"duration": 1, "successors": [115], "requirements": [1, 5, 9, 8]}, {"duration": 8, "successors": [104], "requirements": [3, 7, 4, 9]}, {"duration": 8, "successors": [112], "requirements": [5, 6, 2, 1]}, {"duration": 5, "successors": [106], "requirements": [10, 3, 6, 5]}, {"duration": 6, "successors": [97, 102], "requirements": [1, 10, 8, 1]}, {"duration": 7, "successors": [107], "requirements": [8, 1, 10, 8]}, {"duration": 9, "successors": [101], "requirements": [10, 3, 9, 10]}, {"duration": 2, "successors": [102, 119], "requirements": [2, 2, 3, 2]}, {"duration": 3, "successors": [118], "requirements": [10, 2, 9, 9]}, {"duration": 6, "successors": [113], "requirements": [8, 2, 4, 9]}, {"duration": 10, "successors": [105], "requirements": [5, 3, 9, 3]}, {"duration": 10, "successors": [111], "requirements": [8, 1, 4, 10]}, {"duration": 10, "successors": [114], "requirements": [5, 3, 6, 8]}, {"duration": 7, "successors": [113], "requirements": [8, 2, 7, 4]}, {"duration": 6, "successors": [108, 110], "requirements": [3, 2, 10, 7]}, {"duration": 6, "successors": [108], "requirements": [2, 9, 9, 6]}, {"duration": 10, "successors": [116], "requirements": [1, 5, 7, 4]}, {"duration": 7, "successors": [116], "requirements": [6, 5, 9, 1]}, {"duration": 1, "successors": [114], "requirements": [2, 5, 4, 6]}, {"duration": 2, "successors": [115], "requirements": [10, 7, 5, 4]}, {"duration": 6, "successors": [113, 119], "requirements": [7, 9, 7, 10]}, {"duration": 5, "successors": [115], "requirements": [6, 2, 7, 10]}, {"duration": 4, "successors": [117], "requirements": [6, 3, 8, 7]}, {"duration": 10, "successors": [117], "requirements": [3, 9, 3, 8]}, {"duration": 9, "successors": [117], "requirements": [1, 4, 5, 9]}, {"duration": 6, "successors": [], "requirements": [2, 1, 10, 6]}, {"duration": 7, "successors": [], "requirements": [10, 8, 9, 9]}, {"duration": 2, "successors": [], "requirements": [5, 1, 10, 5]}]}