{"horizon": 106, "costs": [1, 2, 2, 6], "jobs": [{"duration": 6, "successors": [3, 26, 27], "requirements": [0, 3, 0, 0]}, {"duration": 10, "successors": [6, 8, 10], "requirements": [6, 0, 0, 0]}, {"duration": 1, "successors": [4, 5, 9], "requirements": [0, 3, 0, 0]}, {"duration": 4, "successors": [7, 28, 46], "requirements": [0, 0, 0, 9]}, {"duration": 3, "successors": [16, 41], "requirements": [0, 0, 0, 5]}, {"duration": 6, "successors": [22, 39, 41], "requirements": [0, 0, 0, 2]}, {"duration": 7, "successors": [15, 76, 81], "requirements": [0, 5, 0, 0]}, {"duration": 2, "successors": [83], "requirements": [3, 0, 0, 0]}, {"duration": 4, "successors": [14, 24, 56], "requirements": [5, 0, 0, 0]}, {"duration": 9, "successors": [11, 13, 62], "requirements": [0, 8, 0, 0]}, {"duration": 2, "successors": [12, 74], "requirements": [0, 0, 0, 10]}, {"duration": 9, "successors": [18, 21, 22], "requirements": [9, 0, 0, 0]}, {"duration": 9, "successors": [17, 35], "requirements": [0, 0, 0, 6]}, {"duration": 6, "successors": [42, 54, 75], "requirements": [0, 2, 0, 0]}, {"duration": 3, "successors": [30, 61], "requirements": [8, 0, 0, 0]}, {"duration": 6, "successors": [23, 80], "requirements": [8, 0, 0, 0]}, {"duration": 9, "successors": [19, 51, 66], "requirements": [0, 0, 8, 0]}, {"duration": 3, "successors": [29, 33, 42], "requirements": [0, 0, 0, 7]}, {"duration": 4, "successors": [20, 30, 38], "requirements": [0, 0, 0, 6]}, {"duration": 6, "successors": [25, 61], "requirements": [0, 9, 0, 0]}, {"duration": 4, "successors": [48], "requirements": [0, 3, 0, 0]}, {"duration": 10, "successors": [71], "requirements": [0, 0, 0, 6]}, {"duration": 8, "successors": [53, 55, 57], "requirements": [0, 5, 0, 0]}, {"duration": 8, "successors": [36, 58], "requirements": [0, 7, 0, 0]}, {"duration": 10, "successors": [43, 49, 60], "requirements": [0, 3, 0, 0]}, {"duration": 2, "successors": [34], "requirements": [0, 0, 0, 9]}, {"duration": 7, "successors": [62, 65, 67], "requirements": [0, 0, 0, 9]}, {"duration": 8, "successors": [32, 45, 64], "requirements": [0, 3, 0, 0]}, {"duration": 4, "successors": [37, 57], "requirements": [0, 0, 6, 0]}, {"duration": 10, "successors": [59, 65], "requirements": [0, 0, 9, 0]}, {"duration": 10, "successors": [31, 44, 77], "requirements": [0, 0, 8, 0]}, {"duration": 7, "successors": [42], "requirements": [10, 0, 0, 0]}, {"duration": 5, "successors": [33], "requirements": [0, 5, 0, 0]}, {"duration": 6, "successors": [53, 70], "requirements": [0, 0, 0, 7]}, {"duration": 8, "successors": [47], "requirements": [0, 0, 3, 0]}, {"duration": 6, "successors": [77, 81], "requirements": [8, 0, 0, 0]}, {"duration": 4, "successors": [41], "requirements": [0, 3, 0, 0]}, {"duration": 9, "successors": [85], "requirements": [0, 0, 0, 2]}, {"duration": 2, "successors": [68], "requirements": [0, 0, 8, 0]}, {"duration": 3, "successors": [40, 54], "requirements": [0, 0, 2, 0]}, {"duration": 4, "successors": [50, 51], "requirements": [0, 8, 0, 0]}, {"duration": 4, "successors": [57], "requirements": [0, 0, 3, 0]}, {"duration": 10, "successors": [72], "requirements": [0, 9, 0, 0]}, {"duration": 4, "successors": [47, 79], "requirements": [0, 5, 0, 0]}, {"duration": 4, "successors": [52, 63, 89], "requirements": [0, 0, 0, 8]}, {"duration": 7, "successors": [50, 51, 60], "requirements": [0, 6, 0, 0]}, {"duration": 1, "successors": [50, 71, 72], "requirements": [0, 0, 0, 4]}, {"duration": 10, "successors": [52, 70], "requirements": [3, 0, 0, 0]}, {"duration": 10, "successors": [68], "requirements": [0, 0, 0, 5]}, {"duration": 2, "successors": [62, 70], "requirements": [0, 0, 0, 8]}, {"duration": 9, "successors": [67, 88], "requirements": [0, 0, 2, 0]}, {"duration": 10, "successors": [58, 74], "requirements": [0, 0, 3, 0]}, {"duration": 10, "successors": [58, 59], "requirements": [0, 0, 0, 2]}, {"duration": 10, "successors": [67], "requirements": [5, 0, 0, 0]}, {"duration": 7, "successors": [66], "requirements": [0, 0, 3, 0]}, {"duration": 9, "successors": [64, 72], "requirements": [0, 1, 0, 0]}, {"duration": 3, "successors": [84], "requirements": [0, 0, 0, 10]}, {"duration": 7, "successors": [59], "requirements": [0, 9, 0, 0]}, {"duration": 6, "successors": [82], "requirements": [0, 0, 0, 10]}, {"duration": 4, "successors": [68, 84], "requirements": [0, 0, 9, 0]}, {"duration": 4, "successors": [61, 63, 71], "requirements": [0, 0, 0, 2]}, {"duration": 1, "successors": [81], "requirements": [8, 0, 0, 0]}, {"duration": 5, "successors": [63, 85, 88], "requirements": [1, 0, 0, 0]}, {"duration": 3, "successors": [84], "requirements": [0, 3, 0, 0]}, {"duration": 8, "successors": [69, 76], "requirements": [1, 0, 0, 0]}, {"duration": 7, "successors": [73], "requirements": [0, 1, 0, 0]}, {"duration": 5, "successors": [87], "requirements": [0, 0, 3, 0]}, {"duration": 10, "successors": [69, 79], "requirements": [0, 0, 0, 10]}, {"duration": 6, "successors": [83], "requirements": [0, 1, 0, 0]}, {"duration": 8, "successors": [89], "requirements": [4, 0, 0, 0]}, {"duration": 7, "successors": [75], "requirements": [0, 9, 0, 0]}, {"duration": 8, "successors": [74, 78], "requirements": [0, 0, 6, 0]}, {"duration": 3, "successors": [88], "requirements": [0, 0, 0, 10]}, {"duration": 7, "successors": [78], "requirements": [4, 0, 0, 0]}, {"duration": 7, "successors": [75, 80, 89], "requirements": [0, 2, 0, 0]}, {"duration": 8, "successors": [76, 77], "requirements": [0, 0, 4, 0]}, {"duration": 4, "successors": [82], "requirements": [7, 0, 0, 0]}, {"duration": 4, "successors": [82], "requirements": [9, 0, 0, 0]}, {"duration": 1, "successors": [79], "requirements": [0, 0, 0, 6]}, {"duration": 5, "successors": [80], "requirements": [0, 0, 0, 6]}, {"duration": 1, "successors": [83], "requirements": [6, 0, 0, 0]}, {"duration": 6, "successors": [87], "requirements": [0, 0, 0, 3]}, {"duration": 4, "successors": [85], "requirements": [0, 9, 0, 0]}, {"duration": 9, "successors": [86], "requirements": [0, 4, 0, 0]}, {"duration": 9, "successors": [86], "requirements": [0, 2, 0, 0]}, {"duration": 10, "successors": [86], "requirements": [0, 4, 0, 0]}, {"duration": 5, "successors": [87], "requirements": [0, 0, 0, 1]}, {"duration": 8, "successors": [], "requirements": [0, 10, 0, 0]}, {"duration": 2, "successors": [], "requirements": [0, 0, 10, 0]}, {"duration": 7, "successors": [], "requirements": [0, 0, 0, 7]}]}