{"horizon": 75, "costs": [1, 2, 2, 6], "jobs": [{"duration": 5, "successors": [3, 4, 6], "requirements": [3, 0, 0, 0]}, {"duration": 5, "successors": [7, 8, 16], "requirements": [0, 0, 0, 8]}, {"duration": 10, "successors": [5, 9], "requirements": [0, 0, 0, 6]}, {"duration": 1, "successors": [10, 32, 40], "requirements": [0, 1, 0, 0]}, {"duration": 6, "successors": [21, 22, 33], "requirements": [0, 0, 0, 6]}, {"duration": 3, "successors": [27, 55], "requirements": [8, 0, 0, 0]}, {"duration": 8, "successors": [14, 18, 38], "requirements": [0, 4, 0, 0]}, {"duration": 10, "successors": [19], "requirements": [6, 0, 0, 0]}, {"duration": 6, "successors": [9, 12, 15], "requirements": [0, 0, 1, 0]}, {"duration": 4, "successors": [13, 20, 34], "requirements": [4, 0, 0, 0]}, {"duration": 1, "successors": [11, 28, 29], "requirements": [0, 6, 0, 0]}, {"duration": 2, "successors": [33, 51], "requirements": [0, 0, 1, 0]}, {"duration": 3, "successors": [31], "requirements": [0, 3, 0, 0]}, {"duration": 2, "successors": [26, 43, 58], "requirements": [0, 10, 0, 0]}, {"duration": 5, "successors": [28, 34, 47], "requirements": [9, 0, 0, 0]}, {"duration": 2, "successors": [17, 24, 46], "requirements": [0, 7, 0, 0]}, {"duration": 3, "successors": [18], "requirements": [0, 0, 5, 0]}, {"duration": 8, "successors": [37], "requirements": [1, 0, 0, 0]}, {"duration": 10, "successors": [34, 54], "requirements": [0, 8, 0, 0]}, {"duration": 5, "successors": [21, 30, 52], "requirements": [0, 0, 10, 0]}, {"duration": 8, "successors": [23, 31], "requirements": [0, 0, 0, 5]}, {"duration": 7, "successors": [32, 39], "requirements": [1, 0, 0, 0]}, {"duration": 9, "successors": [29, 56], "requirements": [0, 4, 0, 0]}, {"duration": 5, "successors": [33], "requirements": [6, 0, 0, 0]}, {"duration": 10, "successors": [25], "requirements": [8, 0, 0, 0]}, {"duration": 5, "successors": [29], "requirements": [0, 0, 0, 3]}, {"duration": 5, "successors": [36, 39, 45], "requirements": [0, 1, 0, 0]}, {"duration": 8, "successors": [36, 42], "requirements": [0, 0, 9, 0]}, {"duration": 4, "successors": [45], "requirements": [0, 0, 7, 0]}, {"duration": 5, "successors": [48], "requirements": [9, 0, 0, 0]}, {"duration": 10, "successors": [35], "requirements": [8, 0, 0, 0]}, {"duration": 7, "successors": [48], "requirements": [0, 0, 0, 9]}, {"duration": 8, "successors": [35, 41, 43], "requirements": [3, 0, 0, 0]}, {"duration": 1, "successors": [37, 44, 53], "requirements": [0, 0, 7, 0]}, {"duration": 7, "successors": [50, 55], "requirements": [0, 0, 7, 0]}, {"duration": 8, "successors": [42, 51], "requirements": [0, 9, 0, 0]}, {"duration": 9, "successors": [44, 57], "requirements": [0, 0, 0, 3]}, {"duration": 7, "successors": [41, 42, 49], "requirements": [0, 0, 0, 6]}, {"duration": 8, "successors": [39, 53, 55], "requirements": [0, 10, 0, 0]}, {"duration": 8, "successors": [40], "requirements": [0, 0, 0, 4]}, {"duration": 9, "successors": [46], "requirements": [0, 0, 0, 9]}, {"duration": 6, "successors": [50, 54], "requirements": [0, 0, 0, 8]}, {"duration": 2, "successors": [50], "requirements": [0, 0, 4, 0]}, {"duration": 2, "successors": [46], "requirements": [0, 0, 3, 0]}, {"duration": 9, "successors": [52], "requirements": [10, 0, 0, 0]}, {"duration": 7, "successors": [48, 49], "requirements": [0, 0, 2, 0]}, {"duration": 8, "successors": [59], "requirements": [8, 0, 0, 0]}, {"duration": 3, "successors": [51], "requirements": [0, 0, 0, 4]}, {"duration": 8, "successors": [57], "requirements": [0, 0, 5, 0]}, {"duration": 6, "successors": [52, 57], "requirements": [0, 3, 0, 0]}, {"duration": 10, "successors": [56, 58], "requirements": [0, 1, 0, 0]}, {"duration": 10, "successors": [53], "requirements": [0, 5, 0, 0]}, {"duration": 5, "successors": [54], "requirements": [0, 0, 3, 0]}, {"duration": 5, "successors": [58], "requirements": [0, 4, 0, 0]}, {"duration": 3, "successors": [56], "requirements": [0, 0, 4, 0]}, {"duration": 3, "successors": [59], "requirements": [0, 0, 0, 7]}, {"duration": 1, "successors": [59], "requirements": [0, 0, 0, 10]}, {"duration": 2, "successors": [], "requirements": [6, 0, 0, 0]}, {"duration": 2, "successors": [], "requirements": [0, 0, 0, 9]}, {"duration": 3, "successors": [], "requirements": [0, 0, 9, 0]}]}