{"horizon": 87, "costs": [4, 10, 9, 3], "jobs": [{"duration": 2, "successors": [3], "requirements": [7, 5, 1, 3]}, {"duration": 10, "successors": [5, 32, 38], "requirements": [1, 10, 5, 10]}, {"duration": 5, "successors": [4, 7, 12], "requirements": [9, 1, 7, 5]}, {"duration": 4, "successors": [9, 15, 52], "requirements": [4, 8, 6, 4]}, {"duration": 2, "successors": [13, 14, 29], "requirements": [5, 3, 1, 2]}, {"duration": 7, "successors": [6, 17], "requirements": [7, 1, 7, 6]}, {"duration": 1, "successors": [29, 31], "requirements": [7, 3, 1, 3]}, {"duration": 9, "successors": [8, 10, 47], "requirements": [10, 8, 7, 10]}, {"duration": 5, "successors": [24, 26], "requirements": [9, 7, 9, 10]}, {"duration": 7, "successors": [25, 44], "requirements": [10, 3, 5, 1]}, {"duration": 1, "successors": [11], "requirements": [1, 10, 2, 9]}, {"duration": 8, "successors": [18, 38], "requirements": [8, 8, 5, 6]}, {"duration": 4, "successors": [15, 16, 37], "requirements": [1, 4, 9, 8]}, {"duration": 4, "successors": [33, 44, 59], "requirements": [5, 6, 9, 3]}, {"duration": 2, "successors": [17, 20, 28], "requirements": [1, 8, 7, 6]}, {"duration": 9, "successors": [27, 49], "requirements": [7, 10, 2, 9]}, {"duration": 4, "successors": [31, 47, 58], "requirements": [3, 2, 1, 2]}, {"duration": 8, "successors": [21, 22, 23], "requirements": [2, 8, 4, 9]}, {"duration": 1, "successors": [19, 23], "requirements": [6, 4, 2, 4]}, {"duration": 7, "successors": [34, 41, 56], "requirements": [6, 5, 7, 7]}, {"duration": 10, "successors": [30, 31, 41], "requirements": [8, 2, 3, 10]}, {"duration": 6, "successors": [35], "requirements": [2, 10, 7, 3]}, {"duration": 6, "successors": [42, 57], "requirements": [5, 4, 6, 1]}, {"duration": 9, "successors": [36, 48], "requirements": [9, 3, 9, 6]}, {"duration": 4, "successors": [27], "requirements": [4, 6, 10, 3]}, {"duration": 1, "successors": [27, 29], "requirements": [7, 1, 9, 4]}, {"duration": 3, "successors": [40, 42, 53], "requirements": [5, 10, 8, 10]}, {"duration": 7, "successors": [36, 40], "requirements": [1, 2, 8, 7]}, {"duration": 1, "successors": [44], "requirements": [9, 9, 2, 10]}, {"duration": 1, "successors": [35, 45, 53], "requirements": [5, 7, 3, 9]}, {"duration": 3, "successors": [39], "requirements": [7, 10, 7, 1]}, {"duration": 8, "successors": [39, 46], "requirements": [4, 3, 3, 10]}, {"duration": 3, "successors": [33], "requirements": [9, 1, 9, 9]}, {"duration": 10, "successors": [46], "requirements": [2, 8, 6, 9]}, {"duration": 2, "successors": [37, 50, 52], "requirements": [8, 2, 2, 7]}, {"duration": 9, "successors": [37], "requirements": [6, 6, 5, 3]}, {"duration": 9, "successors": [39, 45], "requirements": [3, 2, 4, 6]}, {"duration": 7, "successors": [59], "requirements": [10, 4, 5, 9]}, {"duration": 8, "successors": [41, 50], "requirements": [4, 7, 10, 5]}, {"duration": 8, "successors": [51], "requirements": [3, 6, 6, 4]}, {"duration": 2, "successors": [43, 50], "requirements": [8, 3, 7, 6]}, {"duration": 2, "successors": [45, 48], "requirements": [5, 6, 10, 1]}, {"duration": 5, "successors": [55], "requirements": [8, 5, 2, 7]}, {"duration": 3, "successors": [58], "requirements": [5, 9, 1, 7]}, {"duration": 1, "successors": [56], "requirements": [4, 1, 5, 10]}, {"duration": 5, "successors": [46], "requirements": [2, 1, 7, 3]}, {"duration": 8, "successors": [54], "requirements": [3, 4, 5, 3]}, {"duration": 9, "successors": [51, 52], "requirements": [9, 9, 4, 3]}, {"duration": 1, "successors": [49, 54], "requirements": [10, 1, 6, 6]}, {"duration": 2, "successors": [53], "requirements": [5, 2, 10, 4]}, {"duration": 6, "successors": [55], "requirements": [5, 6, 4, 3]}, {"duration": 3, "successors": [56], "requirements": [2, 9, 2, 1]}, {"duration": 2, "successors": [54, 59], "requirements": [2, 5, 9, 7]}, {"duration": 1, "successors": [55], "requirements": [6, 10, 3, 10]}, {"duration": 5, "successors": [57], "requirements": [8, 3, 8, 8]}, {"duration": 6, "successors": [58], "requirements": [1, 8, 5, 3]}, {"duration": 5, "successors": [57], "requirements": [5, 2, 6, 8]}, {"duration": 9, "successors": [], "requirements": [9, 7, 1, 10]}, {"duration": 10, "successors": [], "requirements": [5, 3, 6, 1]}, {"duration": 1, "successors": [], "requirements": [7, 6, 10, 4]}]}