{"horizon": 127, "costs": [4, 10, 9, 3], "jobs": [{"duration": 4, "successors": [10, 13, 23], "requirements": [10, 1, 4, 1]}, {"duration": 6, "successors": [14, 32, 43], "requirements": [10, 6, 5, 3]}, {"duration": 4, "successors": [3, 4, 8], "requirements": [2, 8, 6, 6]}, {"duration": 4, "successors": [5, 6, 12], "requirements": [3, 3, 3, 9]}, {"duration": 10, "successors": [16, 38, 47], "requirements": [6, 7, 7, 5]}, {"duration": 10, "successors": [7, 21, 48], "requirements": [5, 2, 9, 6]}, {"duration": 2, "successors": [83], "requirements": [1, 7, 1, 10]}, {"duration": 3, "successors": [27, 30, 69], "requirements": [8, 8, 10, 9]}, {"duration": 4, "successors": [9, 18, 20], "requirements": [7, 3, 10, 8]}, {"duration": 7, "successors": [76, 86], "requirements": [9, 7, 9, 2]}, {"duration": 3, "successors": [11, 39, 45], "requirements": [1, 10, 4, 7]}, {"duration": 4, "successors": [24, 25, 31], "requirements": [3, 6, 7, 3]}, {"duration": 10, "successors": [29], "requirements": [5, 4, 6, 6]}, {"duration": 9, "successors": [15, 36, 53], "requirements": [6, 7, 2, 7]}, {"duration": 2, "successors": [56], "requirements": [1, 8, 10, 5]}, {"duration": 10, "successors": [19, 22, 41], "requirements": [4, 3, 9, 3]}, {"duration": 4, "successors": [17, 21, 66], "requirements": [10, 3, 8, 8]}, {"duration": 10, "successors": [28, 29, 34], "requirements": [6, 4, 9, 8]}, {"duration": 8, "successors": [68, 72, 85], "requirements": [3, 4, 3, 10]}, {"duration": 9, "successors": [47, 50], "requirements": [9, 7, 4, 8]}, {"duration": 1, "successors": [26, 44, 54], "requirements": [1, 4, 8, 5]}, {"duration": 5, "successors": [46, 87, 88], "requirements": [3, 8, 9, 2]}, {"duration": 3, "successors": [42, 58, 81], "requirements": [10, 5, 7, 8]}, {"duration": 4, "successors": [57, 61], "requirements": [9, 2, 9, 10]}, {"duration": 10, "successors": [56], "requirements": [7, 6, 1, 10]}, {"duration": 4, "successors": [60], "requirements": [4, 9, 1, 2]}, {"duration": 3, "successors": [65, 77, 82], "requirements": [3, 9, 8, 10]}, {"duration": 6, "successors": [50], "requirements": [5, 1, 1, 8]}, {"duration": 10, "successors": [37], "requirements": [2, 10, 7, 8]}, {"duration": 3, "successors": [68, 74], "requirements": [9, 9, 5, 2]}, {"duration": 4, "successors": [63, 64, 66], "requirements": [3, 4, 1, 7]}, {"duration": 10, "successors": [35, 37, 70], "requirements": [2, 5, 10, 1]}, {"duration": 6, "successors": [33, 34], "requirements": [8, 2, 4, 1]}, {"duration": 1, "successors": [63, 81], "requirements": [7, 2, 9, 3]}, {"duration": 3, "successors": [44], "requirements": [9, 3, 6, 1]}, {"duration": 10, "successors": [41, 54, 67], "requirements": [4, 1, 5, 10]}, {"duration": 3, "successors": [38], "requirements": [10, 9, 7, 2]}, {"duration": 6, "successors": [49, 62], "requirements": [10, 3, 4, 8]}, {"duration": 1, "successors": [54], "requirements": [5, 9, 4, 2]}, {"duration": 2, "successors": [40, 55], "requirements": [4, 6, 5, 2]}, {"duration": 3, "successors": [81], "requirements": [5, 10, 4, 6]}, {"duration": 8, "successors": [59, 61], "requirements": [1, 2, 3, 5]}, {"duration": 10, "successors": [75], "requirements": [4, 10, 1, 10]}, {"duration": 4, "successors": [52], "requirements": [6, 2, 9, 9]}, {"duration": 9, "successors": [46], "requirements": [1, 10, 9, 10]}, {"duration": 6, "successors": [49, 51, 69], "requirements": [2, 3, 6, 2]}, {"duration": 10, "successors": [51], "requirements": [7, 10, 9, 3]}, {"duration": 4, "successors": [73], "requirements": [6, 7, 4, 1]}, {"duration": 3, "successors": [50, 58, 76], "requirements": [3, 2, 1, 5]}, {"duration": 8, "successors": [57, 67], "requirements": [8, 8, 1, 9]}, {"duration": 9, "successors": [56], "requirements": [10, 6, 4, 4]}, {"duration": 10, "successors": [60, 72], "requirements": [8, 7, 7, 5]}, {"duration": 1, "successors": [60], "requirements": [5, 9, 5, 7]}, {"duration": 4, "successors": [61, 63, 70], "requirements": [5, 4, 6, 7]}, {"duration": 1, "successors": [64, 80], "requirements": [3, 10, 6, 9]}, {"duration": 5, "successors": [77, 80, 82], "requirements": [8, 3, 9, 3]}, {"duration": 2, "successors": [62], "requirements": [6, 1, 5, 7]}, {"duration": 8, "successors": [71], "requirements": [7, 5, 10, 9]}, {"duration": 4, "successors": [64, 67], "requirements": [9, 8, 2, 1]}, {"duration": 5, "successors": [68, 71], "requirements": [3, 1, 10, 6]}, {"duration": 10, "successors": [84], "requirements": [7, 6, 7, 8]}, {"duration": 8, "successors": [65], "requirements": [9, 1, 4, 4]}, {"duration": 9, "successors": [83], "requirements": [3, 3, 2, 6]}, {"duration": 5, "successors": [78], "requirements": [5, 3, 10, 4]}, {"duration": 3, "successors": [65], "requirements": [4, 5, 1, 3]}, {"duration": 4, "successors": [72, 84], "requirements": [1, 9, 3, 2]}, {"duration": 2, "successors": [74, 78], "requirements": [2, 1, 7, 5]}, {"duration": 9, "successors": [73], "requirements": [2, 1, 5, 6]}, {"duration": 1, "successors": [79], "requirements": [1, 6, 1, 6]}, {"duration": 1, "successors": [70, 76], "requirements": [1, 2, 8, 1]}, {"duration": 2, "successors": [73], "requirements": [9, 4, 3, 8]}, {"duration": 10, "successors": [74], "requirements": [5, 5, 4, 3]}, {"duration": 4, "successors": [89], "requirements": [1, 8, 4, 7]}, {"duration": 6, "successors": [87], "requirements": [8, 4, 7, 6]}, {"duration": 4, "successors": [75, 79, 87], "requirements": [3, 8, 6, 1]}, {"duration": 5, "successors": [85], "requirements": [3, 4, 1, 7]}, {"duration": 5, "successors": [77, 79], "requirements": [9, 1, 8, 9]}, {"duration": 9, "successors": [88], "requirements": [1, 5, 3, 10]}, {"duration": 1, "successors": [82], "requirements": [3, 4, 6, 5]}, {"duration": 2, "successors": [80, 83], "requirements": [10, 9, 1, 6]}, {"duration": 4, "successors": [88], "requirements": [8, 2, 6, 10]}, {"duration": 10, "successors": [86], "requirements": [4, 6, 7, 7]}, {"duration": 4, "successors": [85], "requirements": [10, 8, 7, 1]}, {"duration": 10, "successors": [84], "requirements": [6, 3, 10, 7]}, {"duration": 4, "successors": [89], "requirements": [1, 8, 7, 1]}, {"duration": 5, "successors": [86], "requirements": [8, 10, 8, 3]}, {"duration": 9, "successors": [89], "requirements": [4, 4, 8, 10]}, {"duration": 4, "successors": [], "requirements": [1, 1, 1, 1]}, {"duration": 9, "successors": [], "requirements": [4, 4, 9, 6]}, {"duration": 9, "successors": [], "requirements": [6, 6, 10, 5]}]}