{"horizon": 127, "costs": [4, 10, 9, 3], "jobs": [{"duration": 10, "successors": [3, 4, 8], "requirements": [6, 0, 4, 1]}, {"duration": 9, "successors": [12, 20], "requirements": [5, 9, 9, 1]}, {"duration": 4, "successors": [10, 13, 25], "requirements": [0, 8, 0, 1]}, {"duration": 2, "successors": [6, 54, 80], "requirements": [0, 9, 0, 0]}, {"duration": 5, "successors": [5, 32], "requirements": [2, 4, 0, 10]}, {"duration": 9, "successors": [10, 29, 52], "requirements": [1, 6, 8, 3]}, {"duration": 8, "successors": [7, 14, 15], "requirements": [5, 0, 1, 6]}, {"duration": 6, "successors": [9, 17, 28], "requirements": [0, 4, 0, 7]}, {"duration": 4, "successors": [11, 22, 38], "requirements": [0, 0, 5, 0]}, {"duration": 3, "successors": [62], "requirements": [0, 0, 7, 0]}, {"duration": 1, "successors": [18, 43, 50], "requirements": [0, 0, 7, 4]}, {"duration": 9, "successors": [19, 29, 92], "requirements": [1, 0, 7, 7]}, {"duration": 3, "successors": [68, 77], "requirements": [0, 0, 6, 9]}, {"duration": 10, "successors": [26, 49, 103], "requirements": [5, 8, 2, 0]}, {"duration": 7, "successors": [16], "requirements": [1, 3, 6, 0]}, {"duration": 2, "successors": [23, 55, 93], "requirements": [0, 0, 8, 0]}, {"duration": 5, "successors": [30, 39, 87], "requirements": [4, 0, 8, 0]}, {"duration": 6, "successors": [21, 46, 60], "requirements": [0, 6, 4, 0]}, {"duration": 4, "successors": [48, 86], "requirements": [0, 2, 0, 0]}, {"duration": 4, "successors": [24, 53, 59], "requirements": [10, 0, 1, 1]}, {"duration": 6, "successors": [29, 81, 102], "requirements": [0, 6, 3, 5]}, {"duration": 1, "successors": [105], "requirements": [0, 0, 9, 6]}, {"duration": 3, "successors": [41, 58, 91], "requirements": [10, 1, 4, 0]}, {"duration": 6, "successors": [33, 36, 61], "requirements": [3, 0, 0, 9]}, {"duration": 2, "successors": [37, 40, 63], "requirements": [0, 9, 0, 7]}, {"duration": 10, "successors": [27, 94, 106], "requirements": [0, 0, 9, 0]}, {"duration": 5, "successors": [44], "requirements": [0, 0, 9, 5]}, {"duration": 3, "successors": [31], "requirements": [5, 0, 7, 0]}, {"duration": 10, "successors": [32, 50], "requirements": [0, 7, 0, 0]}, {"duration": 1, "successors": [34, 109], "requirements": [0, 8, 10, 6]}, {"duration": 1, "successors": [51, 78], "requirements": [7, 0, 0, 6]}, {"duration": 2, "successors": [35, 51, 71], "requirements": [10, 0, 0, 7]}, {"duration": 7, "successors": [75, 100], "requirements": [0, 1, 0, 10]}, {"duration": 5, "successors": [40, 56, 78], "requirements": [0, 5, 0, 10]}, {"duration": 8, "successors": [79], "requirements": [2, 3, 0, 0]}, {"duration": 1, "successors": [64, 91], "requirements": [0, 2, 8, 7]}, {"duration": 6, "successors": [97, 98], "requirements": [4, 8, 0, 0]}, {"duration": 8, "successors": [50, 84], "requirements": [2, 5, 0, 4]}, {"duration": 3, "successors": [42, 119], "requirements": [0, 0, 0, 5]}, {"duration": 7, "successors": [94], "requirements": [4, 0, 6, 0]}, {"duration": 1, "successors": [47, 58, 72], "requirements": [6, 0, 3, 5]}, {"duration": 5, "successors": [45, 74, 76], "requirements": [0, 1, 0, 0]}, {"duration": 1, "successors": [53], "requirements": [10, 0, 5, 0]}, {"duration": 7, "successors": [80, 100], "requirements": [9, 0, 0, 5]}, {"duration": 8, "successors": [70], "requirements": [1, 0, 4, 9]}, {"duration": 4, "successors": [88], "requirements": [0, 0, 3, 0]}, {"duration": 8, "successors": [58, 79, 106], "requirements": [1, 0, 7, 0]}, {"duration": 10, "successors": [65, 118], "requirements": [0, 3, 0, 0]}, {"duration": 10, "successors": [78, 83, 96], "requirements": [0, 0, 0, 2]}, {"duration": 9, "successors": [107], "requirements": [7, 0, 4, 0]}, {"duration": 10, "successors": [82, 117], "requirements": [7, 0, 8, 0]}, {"duration": 3, "successors": [57], "requirements": [2, 3, 0, 0]}, {"duration": 10, "successors": [112], "requirements": [6, 0, 0, 10]}, {"duration": 2, "successors": [60, 68], "requirements": [0, 5, 8, 9]}, {"duration": 8, "successors": [55, 93, 99], "requirements": [0, 3, 5, 9]}, {"duration": 1, "successors": [66], "requirements": [0, 3, 0, 8]}, {"duration": 2, "successors": [59, 67, 99], "requirements": [0, 0, 9, 1]}, {"duration": 10, "successors": [64, 107], "requirements": [0, 0, 8, 9]}, {"duration": 9, "successors": [69, 70], "requirements": [8, 0, 0, 8]}, {"duration": 10, "successors": [74, 101], "requirements": [0, 0, 9, 10]}, {"duration": 10, "successors": [71, 93], "requirements": [0, 7, 9, 0]}, {"duration": 5, "successors": [92], "requirements": [9, 0, 0, 8]}, {"duration": 7, "successors": [75, 91, 97], "requirements": [10, 0, 0, 8]}, {"duration": 4, "successors": [100], "requirements": [0, 4, 1, 0]}, {"duration": 10, "successors": [68, 104], "requirements": [8, 0, 0, 4]}, {"duration": 4, "successors": [89], "requirements": [0, 5, 0, 5]}, {"duration": 7, "successors": [67, 77, 85], "requirements": [6, 0, 3, 9]}, {"duration": 1, "successors": [89], "requirements": [0, 0, 0, 10]}, {"duration": 1, "successors": [95, 115], "requirements": [0, 1, 6, 0]}, {"duration": 9, "successors": [110], "requirements": [8, 0, 1, 0]}, {"duration": 6, "successors": [73], "requirements": [7, 0, 8, 0]}, {"duration": 9, "successors": [102, 113], "requirements": [0, 9, 0, 8]}, {"duration": 4, "successors": [74, 96], "requirements": [0, 10, 0, 3]}, {"duration": 5, "successors": [83, 108], "requirements": [1, 0, 0, 5]}, {"duration": 3, "successors": [108], "requirements": [5, 8, 1, 0]}, {"duration": 8, "successors": [84, 85], "requirements": [0, 0, 4, 10]}, {"duration": 4, "successors": [80, 90], "requirements": [0, 2, 0, 4]}, {"duration": 10, "successors": [83], "requirements": [4, 0, 1, 7]}, {"duration": 2, "successors": [84, 88], "requirements": [1, 0, 0, 5]}, {"duration": 10, "successors": [98], "requirements": [0, 8, 0, 0]}, {"duration": 8, "successors": [101], "requirements": [0, 7, 0, 0]}, {"duration": 9, "successors": [94], "requirements": [9, 0, 0, 9]}, {"duration": 1, "successors": [88], "requirements": [0, 7, 9, 0]}, {"duration": 3, "successors": [104], "requirements": [8, 10, 8, 0]}, {"duration": 5, "successors": [90, 98], "requirements": [0, 1, 8, 0]}, {"duration": 2, "successors": [86, 90, 96], "requirements": [6, 1, 0, 0]}, {"duration": 8, "successors": [103], "requirements": [0, 2, 7, 3]}, {"duration": 2, "successors": [103], "requirements": [0, 0, 2, 6]}, {"duration": 10, "successors": [99], "requirements": [1, 0, 4, 0]}, {"duration": 8, "successors": [97], "requirements": [3, 0, 0, 3]}, {"duration": 6, "successors": [104], "requirements": [0, 0, 0, 6]}, {"duration": 5, "successors": [92, 95], "requirements": [10, 10, 4, 8]}, {"duration": 2, "successors": [117], "requirements": [0, 5, 2, 0]}, {"duration": 6, "successors": [102], "requirements": [0, 0, 8, 0]}, {"duration": 1, "successors": [95, 105], "requirements": [1, 0, 0, 0]}, {"duration": 4, "successors": [113], "requirements": [6, 1, 0, 3]}, {"duration": 2, "successors": [105], "requirements": [7, 3, 0, 0]}, {"duration": 4, "successors": [101, 108], "requirements": [0, 7, 3, 0]}, {"duration": 1, "successors": [107], "requirements": [0, 0, 0, 7]}, {"duration": 6, "successors": [106, 109, 110], "requirements": [0, 1, 0, 4]}, {"duration": 2, "successors": [117], "requirements": [2, 0, 0, 1]}, {"duration": 7, "successors": [119], "requirements": [2, 0, 8, 0]}, {"duration": 7, "successors": [116], "requirements": [0, 0, 0, 7]}, {"duration": 8, "successors": [111], "requirements": [0, 5, 0, 9]}, {"duration": 10, "successors": [109], "requirements": [0, 8, 8, 3]}, {"duration": 9, "successors": [114], "requirements": [3, 10, 0, 0]}, {"duration": 1, "successors": [111, 114], "requirements": [0, 10, 7, 0]}, {"duration": 6, "successors": [110, 112], "requirements": [0, 0, 0, 8]}, {"duration": 1, "successors": [119], "requirements": [6, 0, 0, 0]}, {"duration": 5, "successors": [112, 113], "requirements": [0, 0, 6, 0]}, {"duration": 5, "successors": [111], "requirements": [0, 0, 2, 0]}, {"duration": 9, "successors": [115], "requirements": [2, 2, 0, 0]}, {"duration": 7, "successors": [115], "requirements": [4, 3, 7, 0]}, {"duration": 1, "successors": [114], "requirements": [0, 7, 0, 2]}, {"duration": 4, "successors": [116], "requirements": [0, 0, 0, 2]}, {"duration": 9, "successors": [116], "requirements": [4, 0, 0, 0]}, {"duration": 3, "successors": [118], "requirements": [8, 0, 0, 0]}, {"duration": 10, "successors": [], "requirements": [0, 0, 7, 0]}, {"duration": 5, "successors": [], "requirements": [8, 0, 8, 0]}, {"duration": 6, "successors": [], "requirements": [0, 0, 0, 3]}]}